{"_step":99,"val_f1":0.8461538461538461,"val_accuracy":0.7575757575757576,"epoch":99,"train_recall":0.9166666666666666,"val_precision":0.7586206896551724,"_runtime":8.586785317,"current_lr":2.5676883386363563e-07,"_wandb":{"runtime":8},"train_precision":0.7777777777777778,"train_f1":0.8415300546448088,"train_accuracy":0.7786259541984732,"val_loss":0.5611114412913043,"_timestamp":1.752068102785235e+09,"train_loss":0.39822015280031975,"val_recall":0.9565217391304348}