{"val_recall":0.7676056338028169,"_step":99,"current_lr":1.7130128477569123e-07,"epoch":99,"train_loss":0.12305372502150494,"train_precision":0.9522184300341296,"train_recall":0.9505962521294719,"val_loss":0.9374498099815555,"_runtime":50.003369174,"train_f1":0.9514066496163683,"train_accuracy":0.9502183406113537,"_wandb":{"runtime":50},"_timestamp":1.7522380110368154e+09,"val_precision":0.7218543046357616,"val_accuracy":0.7386759581881533,"val_f1":0.7440273037542662}