{"test_recall":1,"test_accuracy":0.696969696969697,"_step":99,"test_f1":0.8214285714285714,"_timestamp":1.7552847957536526e+09,"train_f1":0.7813953488372093,"train_recall":1,"train_accuracy":0.6412213740458015,"test_precision":0.696969696969697,"train_precision":0.6412213740458015,"_wandb":{"runtime":5},"test_loss":0.6211879686875776,"epoch":99,"current_lr":2.281379381563046e-06,"_runtime":5.791451424,"train_loss":0.6527372548598369}