{"_timestamp":1.7520741875964196e+09,"train_loss":0.6177010431544472,"_runtime":9.607076544,"val_accuracy":0.696969696969697,"train_recall":0.8333333333333334,"train_f1":0.7407407407407407,"epoch":99,"_step":99,"current_lr":9.0211663331806e-09,"val_loss":0.609960860375202,"val_f1":0.8214285714285714,"train_precision":0.6666666666666666,"val_precision":0.696969696969697,"_wandb":{"runtime":9},"val_recall":1,"train_accuracy":0.6259541984732825}