{"train_loss":0.14092411881911915,"test_accuracy":0.8436562002453475,"train_accuracy":0.9402620760534429,"_step":199,"test_f1":0.7497388761228326,"test_loss":0.49880757851563934,"test_precision":0.8069339209029386,"train_f1":0.9287356321839081,"train_precision":0.9247672821608424,"test_recall":0.7001150927569592,"train_recall":0.9327381868554717,"_timestamp":1.7553461899427156e+09,"current_lr":3.4630448358400045e-08,"_runtime":3101.656452746,"epoch":199,"_wandb":{"runtime":3101}}