{"test_loss":0.578058298664226,"train_recall":0.7666098807495741,"test_f1":0.6690909090909091,"_timestamp":1.7552829664735615e+09,"_runtime":23.757151018,"_step":99,"test_recall":0.647887323943662,"current_lr":1.2116558110572774e-07,"epoch":99,"test_precision":0.6917293233082706,"train_loss":0.5634407585625044,"test_accuracy":0.6829268292682927,"train_precision":0.6998444790046656,"train_accuracy":0.7117903930131004,"train_f1":0.7317073170731707,"_wandb":{"runtime":23}}