{"current_lr":1.5555377277370456e-06,"train_loss":0.6533791186245343,"epoch":99,"train_f1":0.7813953488372093,"train_accuracy":0.6412213740458015,"_runtime":5.892419516,"test_f1":0.8214285714285714,"train_precision":0.6412213740458015,"_timestamp":1.7552853842521157e+09,"test_accuracy":0.696969696969697,"_wandb":{"runtime":5},"train_recall":1,"test_recall":1,"test_precision":0.696969696969697,"test_loss":0.6167477558959614,"_step":99}