{"_timestamp":1.7545579973566859e+09,"train_recall":0.49393872603041655,"val_precision":0.662004662004662,"_runtime":6.16683893,"current_lr":0.0001278899720763755,"val_f1":0.5731584258324924,"val_recall":0.505338078291815,"val_loss":0.5549500682272936,"train_f1":0.5424836601307189,"train_accuracy":0.6618054934239957,"val_accuracy":0.6973166368515206,"_wandb":{"runtime":7},"_step":0,"train_precision":0.6016107382550335,"train_loss":0.5966483004470519,"epoch":0}