{"train_precision":0.859608745684695,"train_loss":0.2803347477862112,"train_accuracy":0.8677944862155389,"current_lr":7.163669587267887e-08,"_timestamp":1.7553162755698204e+09,"_runtime":1169.501459613,"epoch":99,"train_f1":0.8762463343108504,"test_recall":0.5723370429252782,"_step":99,"test_accuracy":0.7036931004866877,"test_loss":0.987548205747699,"test_precision":0.6533575317604355,"_wandb":{"runtime":1169},"train_recall":0.8935406698564593,"test_f1":0.6101694915254238}