{"val_accuracy":0.6060606060606061,"_step":99,"train_loss":0.29997492200545683,"current_lr":6.932463073095399e-09,"_timestamp":1.7520719311171694e+09,"train_recall":0.9404761904761905,"val_precision":0.7083333333333334,"train_accuracy":0.8702290076335878,"_wandb":{"runtime":13},"_runtime":13.006451384,"val_loss":0.8374209040493676,"epoch":99,"train_precision":0.8681318681318682,"train_f1":0.9028571428571428,"val_recall":0.7391304347826086,"val_f1":0.723404255319149}