{"test_loss":0.7831755591464709,"test_accuracy":0.696969696969697,"train_loss":0.42862783497526447,"test_recall":0.8695652173913043,"_step":99,"train_recall":0.9047619047619048,"_wandb":{"runtime":18},"train_precision":0.8351648351648352,"epoch":99,"_runtime":18.481016708,"train_f1":0.8685714285714285,"train_accuracy":0.8244274809160306,"test_precision":0.7407407407407407,"test_f1":0.8,"_timestamp":1.7552883038396752e+09,"current_lr":2.1060431194877742e-07}