{"train_accuracy":0.9236641221374046,"_step":99,"current_lr":1.3864926146190798e-08,"_wandb":{"runtime":9},"_timestamp":1.7520712367645345e+09,"train_recall":0.9523809523809523,"val_accuracy":0.6666666666666666,"val_precision":0.75,"_runtime":9.980835595,"train_precision":0.9302325581395349,"val_loss":0.7451176896239772,"val_f1":0.7659574468085106,"epoch":99,"train_f1":0.9411764705882353,"train_loss":0.2518253064792575,"val_recall":0.782608695652174}