{"train_recall":1,"train_loss":0.6530363450523551,"_runtime":10.379566544,"epoch":99,"test_loss":0.6236165608420516,"_step":99,"train_precision":0.6412213740458015,"test_recall":1,"_wandb":{"runtime":10},"test_precision":0.696969696969697,"current_lr":8.009692995660942e-07,"test_f1":0.8214285714285714,"test_accuracy":0.696969696969697,"train_f1":0.7813953488372093,"_timestamp":1.7552864931503742e+09,"train_accuracy":0.6412213740458015}