{"val_accuracy":0.5454545454545454,"_wandb":{"runtime":14},"train_f1":0.9017341040462428,"val_recall":0.7391304347826086,"_runtime":14.847018562,"train_precision":0.8764044943820225,"train_loss":0.2862394763768174,"_step":99,"train_accuracy":0.8702290076335878,"train_recall":0.9285714285714286,"epoch":99,"val_loss":0.9037719384174455,"current_lr":9.0211663331806e-09,"val_precision":0.6538461538461539,"val_f1":0.6938775510204082,"_timestamp":1.7520732255140135e+09}