{"train_f1":0.7813953488372093,"_step":99,"train_loss":0.6527453165017921,"test_loss":0.621318597685207,"test_accuracy":0.696969696969697,"train_accuracy":0.6412213740458015,"epoch":99,"train_precision":0.6412213740458015,"_timestamp":1.7552845114899497e+09,"_runtime":5.796252793,"test_recall":1,"test_f1":0.8214285714285714,"train_recall":1,"_wandb":{"runtime":5},"current_lr":2.35858569860154e-06,"test_precision":0.696969696969697}