{"train_roc_auc":0.9292435261001507,"train_loss":0.3326916519731413,"_timestamp":1.756715659368367e+09,"_runtime":19.786577434,"train_recall":0.5911413969335605,"test_precision":0.75,"train_precision":0.9559228650137741,"test_accuracy":0.7560975609756098,"train_accuracy":0.7764192139737991,"test_loss":0.5123777148615608,"test_roc_auc":0.8479358912093249,"epoch":49,"_step":49,"test_recall":0.7605633802816901,"_wandb":{"runtime":19}}