{"train_loss":0.2812354266643524,"test_recall":0.42386831275720166,"train_f1":0.9074889867841409,"train_recall":0.9626168224299065,"_wandb":{"runtime":54},"_timestamp":1.7552534142347677e+09,"epoch":99,"test_f1":0.5464190981432361,"test_precision":0.7686567164179104,"current_lr":1.2537317432076054e-07,"test_accuracy":0.6417597765363129,"train_precision":0.8583333333333333,"test_loss":0.9037620057690077,"_step":99,"_runtime":54.213534331,"train_accuracy":0.8719512195121951}