{"_runtime":66.621586652,"_timestamp":1.752236948963785e+09,"val_f1":0.662004662004662,"current_lr":8.687552936167321e-07,"val_loss":0.6937159040248353,"train_recall":1,"train_precision":0.5126637554585153,"train_accuracy":0.5126637554585153,"_step":99,"val_precision":0.49477351916376305,"train_loss":0.6928266020841474,"epoch":99,"val_recall":1,"train_f1":0.6778290993071594,"_wandb":{"runtime":66},"val_accuracy":0.49477351916376305}