{"val_loss":0.5810703711979317,"current_lr":9.0211663331806e-09,"val_accuracy":0.6060606060606061,"epoch":99,"_runtime":9.850638828,"val_precision":0.6785714285714286,"_step":99,"val_recall":0.8260869565217391,"train_precision":0.7551020408163265,"val_f1":0.7450980392156863,"_wandb":{"runtime":9},"train_accuracy":0.7404580152671756,"_timestamp":1.7520726098498542e+09,"train_recall":0.8809523809523809,"train_f1":0.8131868131868132,"train_loss":0.49748657859918727}