{"test_f1":0.8214285714285714,"train_f1":0.7813953488372093,"test_precision":0.696969696969697,"train_precision":0.6412213740458015,"_runtime":10.106947269,"train_recall":1,"test_recall":1,"_step":99,"train_loss":0.5636685147085263,"epoch":99,"train_accuracy":0.6412213740458015,"_wandb":{"runtime":10},"current_lr":1.7666310359470334e-07,"_timestamp":1.7552872330350425e+09,"test_loss":0.519625638470505,"test_accuracy":0.696969696969697}