{"val_f1":0.8214285714285714,"epoch":99,"_timestamp":1.7520688951688082e+09,"_wandb":{"runtime":12},"train_precision":0.6412213740458015,"val_precision":0.696969696969697,"train_accuracy":0.6412213740458015,"_step":99,"train_recall":1,"current_lr":2.0551248943912868e-06,"train_f1":0.7813953488372093,"val_loss":0.6193425285093712,"val_accuracy":0.696969696969697,"_runtime":12.83088166,"train_loss":0.6527521319061745,"val_recall":1}