{"train_loss":0.62194220988511,"current_lr":8.493955985128728e-08,"test_recall":0.6267605633802817,"train_recall":0.6831345826235093,"_timestamp":1.7552822099882717e+09,"epoch":99,"train_precision":0.6750841750841751,"test_loss":0.6102515091464079,"train_f1":0.6790855207451313,"train_accuracy":0.6689956331877729,"_wandb":{"runtime":28},"test_precision":0.6691729323308271,"test_accuracy":0.662020905923345,"_step":99,"_runtime":28.93110567,"test_f1":0.6472727272727272}