{"val_recall":0.8487544483985765,"train_accuracy":0.9200143151113894,"_wandb":{"runtime":651},"_step":99,"train_recall":0.9074278157372713,"val_precision":0.8390501319261213,"_timestamp":1.751545241423154e+09,"_runtime":651.653824154,"val_loss":0.28603002276531486,"epoch":99,"train_loss":0.19187478915655495,"current_lr":6.00061656869597e-08,"train_f1":0.9020595968448729,"train_precision":0.896754519712481,"val_accuracy":0.8737030411449016,"val_f1":0.843874391862008}