{"train_recall":1,"val_precision":0.696969696969697,"val_accuracy":0.696969696969697,"_wandb":{"runtime":12},"current_lr":2.4788100625203478e-06,"val_f1":0.8214285714285714,"_timestamp":1.7520702686105971e+09,"_runtime":12.476821185,"train_loss":0.6527813552445128,"train_f1":0.7813953488372093,"train_precision":0.6412213740458015,"epoch":99,"_step":99,"val_loss":0.6190435407739697,"val_recall":1,"train_accuracy":0.6412213740458015}