{"epoch":99,"_timestamp":1.755260539322737e+09,"test_accuracy":0.696969696969697,"train_recall":1,"test_loss":0.6194106376532352,"train_f1":0.7813953488372093,"_wandb":{"runtime":8},"test_precision":0.696969696969697,"train_loss":0.6527465736592999,"test_recall":1,"test_f1":0.8214285714285714,"_runtime":7.998918444,"train_precision":0.6412213740458015,"_step":99,"train_accuracy":0.6412213740458015,"current_lr":1.8042332666361198e-06}