{"test_f1":0.7956989247311828,"epoch":99,"test_accuracy":0.8013937282229965,"_runtime":45.24213111,"train_recall":0.8756388415672913,"train_f1":0.858813700918964,"test_recall":0.7816901408450704,"test_precision":0.8102189781021898,"_step":99,"_timestamp":1.7551754586788688e+09,"_wandb":{"runtime":45},"train_accuracy":0.8524017467248908,"train_loss":0.32331108931110414,"train_precision":0.8426229508196721,"current_lr":2.5141699888522548e-08,"test_loss":0.3732710185782004}