{"train_loss":0.5660163455337058,"_timestamp":1.7520711122613614e+09,"current_lr":1.80423326663612e-08,"val_accuracy":0.696969696969697,"val_recall":0.9565217391304348,"_step":99,"val_f1":0.8148148148148148,"train_f1":0.7540983606557377,"train_precision":0.696969696969697,"epoch":99,"val_loss":0.6002840557784745,"val_precision":0.7096774193548387,"train_recall":0.8214285714285714,"train_accuracy":0.6564885496183206,"_wandb":{"runtime":7},"_runtime":7.587668798}