{"train_precision":0.9767441860465116,"train_loss":0.05508582146113156,"val_accuracy":0.6666666666666666,"_wandb":{"runtime":7},"_step":99,"val_precision":0.7307692307692307,"train_recall":1,"_timestamp":1.7545582525967216e+09,"epoch":99,"val_loss":1.6546695918558256,"_runtime":7.542587103,"current_lr":1.80423326663612e-07,"train_f1":0.9882352941176471,"val_recall":0.8260869565217391,"train_accuracy":0.9847328244274809,"val_f1":0.7755102040816326}