{"train_accuracy":0.9514388489208633,"train_loss":0.11575502409903143,"train_recall":0.944897645066954,"_wandb":{"runtime":3215},"epoch":199,"test_recall":0.6898737881122837,"train_f1":0.9419978517722879,"_runtime":3214.961379296,"train_precision":0.9391158023558207,"test_precision":0.8172154823801271,"test_f1":0.748164759144471,"test_loss":0.5384683070986221,"test_accuracy":0.8446480306945423,"current_lr":5.972951477053193e-08,"_timestamp":1.7553553779950297e+09,"_step":199}