{"train_recall":1,"_timestamp":1.752241424791896e+09,"val_accuracy":0.49477351916376305,"train_accuracy":0.5126637554585153,"epoch":99,"train_precision":0.5126637554585153,"current_lr":5.895928340766183e-07,"_wandb":{"runtime":51},"val_precision":0.49477351916376305,"val_f1":0.662004662004662,"val_loss":0.6937171056710885,"train_f1":0.6778290993071594,"train_loss":0.6928265736092647,"_step":99,"_runtime":51.937017347,"val_recall":1}