{"_runtime":83.036869291,"test_precision":0.6853035143769968,"train_precision":0.9626865671641791,"test_roc_auc":0.6961632626106169,"epoch":99,"train_accuracy":0.9306930693069307,"test_recall":0.7460869565217392,"test_loss":1.0707460322593927,"train_loss":0.1720988599970789,"_step":99,"train_recall":0.9347826086956522,"_wandb":{"runtime":83},"test_accuracy":0.6490450204638472,"_timestamp":1.7576710323757029e+09,"train_roc_auc":0.9839221014492754,"train_pr_auc":0.9929278337676788,"test_pr_auc":0.7654653938076255}