{"epoch":99,"train_recall":0.9880952380952381,"current_lr":5.271966148071501e-07,"test_loss":0.8628709821990042,"_step":99,"test_precision":0.7241379310344828,"train_loss":0.5126458793196059,"_timestamp":1.7552882406898978e+09,"test_accuracy":0.696969696969697,"test_recall":0.9130434782608695,"train_f1":0.8556701030927835,"_runtime":12.984228293,"test_f1":0.8076923076923077,"train_precision":0.7545454545454545,"train_accuracy":0.7862595419847328,"_wandb":{"runtime":12}}