{"val_f1":0.782608695652174,"train_loss":0.06684195119461031,"_step":99,"_timestamp":1.7520737945189846e+09,"train_f1":0.9940828402366864,"val_loss":1.691262259622046,"_runtime":15.306308828,"val_accuracy":0.696969696969697,"train_accuracy":0.9923664122137404,"_wandb":{"runtime":15},"val_precision":0.782608695652174,"train_recall":1,"current_lr":6.932463073095399e-08,"epoch":99,"train_precision":0.9882352941176471,"val_recall":0.782608695652174}