{"val_accuracy":0.49477351916376305,"epoch":99,"val_f1":0.662004662004662,"train_loss":0.6928268238967162,"_timestamp":1.752236298111008e+09,"train_f1":0.6778290993071594,"val_recall":1,"_runtime":39.49921463,"train_recall":1,"_wandb":{"runtime":39},"current_lr":8.171927281035331e-07,"val_loss":0.6937125815331728,"train_accuracy":0.5126637554585153,"_step":99,"val_precision":0.49477351916376305,"train_precision":0.5126637554585153}