{"current_lr":1.8134203255585448e-06,"test_precision":0.696969696969697,"_timestamp":1.7552855421576931e+09,"test_f1":0.8214285714285714,"test_accuracy":0.696969696969697,"test_recall":1,"test_loss":0.6164477458505919,"_runtime":6.202254214,"_step":99,"train_f1":0.7813953488372093,"train_recall":1,"train_accuracy":0.6412213740458015,"train_loss":0.6535255563168125,"train_precision":0.6412213740458015,"_wandb":{"runtime":6},"epoch":99}