{"current_lr":7.477455866306139e-08,"train_precision":0.7941970310391363,"train_accuracy":0.8281291938802898,"_step":99,"train_recall":0.7782675776945118,"epoch":99,"test_precision":0.7927170868347339,"train_f1":0.7861516197261494,"train_loss":0.3553544050776661,"_runtime":734.271414656,"_wandb":{"runtime":734},"test_loss":0.3701758264642282,"test_accuracy":0.8221824686940966,"_timestamp":1.755183145557157e+09,"test_recall":0.755338078291815,"test_f1":0.7735763097949886}