{"_timestamp":1.7520681554195437e+09,"_runtime":7.557584389,"val_precision":0.696969696969697,"current_lr":9.806941867565496e-07,"train_loss":0.6546647525925673,"epoch":99,"val_recall":1,"train_precision":0.6412213740458015,"train_recall":1,"val_accuracy":0.696969696969697,"val_f1":0.8214285714285714,"train_f1":0.7813953488372093,"_step":99,"val_loss":0.6295145153999329,"_wandb":{"runtime":7},"train_accuracy":0.6412213740458015}