{"epoch":99,"test_accuracy":0.696969696969697,"test_recall":1,"_step":99,"test_f1":0.8214285714285714,"train_loss":0.6532308213583385,"train_precision":0.6412213740458015,"test_precision":0.696969696969697,"_timestamp":1.7552854635630848e+09,"train_recall":1,"_wandb":{"runtime":6},"current_lr":1.3269012384386006e-06,"train_accuracy":0.6412213740458015,"train_f1":0.7813953488372093,"test_loss":0.6171044138344851,"_runtime":6.250072397}