{"train_recall":0.8347529812606473,"_step":99,"train_loss":0.362493977926704,"epoch":99,"_runtime":31.293651732,"test_accuracy":0.7735191637630662,"train_accuracy":0.8314410480349345,"test_roc_auc":0.8680427391937834,"_wandb":{"runtime":31},"test_loss":0.48134136345328354,"test_precision":0.7984496124031008,"train_precision":0.8361774744027304,"_timestamp":1.7567224882053947e+09,"train_roc_auc":0.9183656646700006,"test_recall":0.7253521126760564}