{"epoch":99,"test_loss":0.7612512419032719,"test_accuracy":0.7247386759581882,"train_accuracy":0.9048034934497816,"train_loss":0.21479973285479317,"train_f1":0.9098428453267163,"current_lr":6.058279055286385e-07,"train_recall":0.9369676320272572,"test_precision":0.7172413793103448,"_wandb":{"runtime":28},"_runtime":28.140602311,"test_recall":0.7323943661971831,"train_precision":0.8842443729903537,"_step":99,"test_f1":0.7247386759581882,"_timestamp":1.75528990565404e+09}