{"train_precision":0.6412213740458015,"_wandb":{"runtime":11},"current_lr":2.1119730442647146e-06,"val_precision":0.696969696969697,"train_f1":0.7813953488372093,"train_recall":1,"_runtime":11.227064456,"train_loss":0.6527511714068988,"epoch":99,"val_f1":0.8214285714285714,"val_accuracy":0.696969696969697,"train_accuracy":0.6412213740458015,"_timestamp":1.7520692978871398e+09,"_step":99,"val_recall":1,"val_loss":0.6193537224422802}