{"train_loss":0.22713782068780788,"epoch":99,"train_f1":0.9031505250875146,"current_lr":3.9358827099012126e-08,"test_recall":0.4931990814343756,"train_precision":0.8815489749430524,"_wandb":{"runtime":1571},"_step":99,"test_accuracy":0.6812911537360435,"train_recall":0.9258373205741627,"test_loss":1.6391876329218986,"test_precision":0.6380255941499086,"test_f1":0.5563415363156322,"_runtime":1571.565004562,"_timestamp":1.7553097577898214e+09,"train_accuracy":0.8959899749373433}