{"epoch":49,"train_recall":0.9846678023850085,"train_roc_auc":0.9292435261001507,"test_precision":0.6487804878048781,"_timestamp":1.756716766013826e+09,"train_loss":0.3326916519731413,"_wandb":{"runtime":16},"_step":49,"test_loss":0.5123777148615608,"test_roc_auc":0.8479358912093249,"train_accuracy":0.7807860262008733,"train_precision":0.7048780487804878,"test_accuracy":0.7177700348432056,"test_recall":0.9366197183098591,"_runtime":16.722758411}