{"train_loss":0.3592900974863196,"test_precision":0.7857142857142857,"_step":99,"test_accuracy":0.7378048780487805,"train_recall":0.7993740219092331,"test_loss":0.47708205538006815,"_runtime":946.182685377,"train_accuracy":0.8247208517268242,"train_f1":0.7909569526169092,"_wandb":{"runtime":946},"_timestamp":1.7551679478215504e+09,"train_precision":0.782715292675452,"test_recall":0.822429906542056,"current_lr":6.000325104877901e-08,"test_f1":0.8036529680365296,"epoch":99}