{"_timestamp":1.7522387492737076e+09,"train_precision":0.8444084278768234,"val_precision":0.7432432432432432,"_step":99,"val_accuracy":0.7560975609756098,"train_accuracy":0.8585152838427947,"_wandb":{"runtime":35},"train_f1":0.8654485049833887,"current_lr":4.183236089047119e-07,"val_recall":0.7746478873239436,"epoch":99,"val_loss":0.538259288367494,"train_loss":0.3025811406722756,"_runtime":35.996223218,"val_f1":0.7586206896551724,"train_recall":0.8875638841567292}