{"train_accuracy":0.8165938864628821,"epoch":49,"_wandb":{"runtime":19},"test_roc_auc":0.8479358912093249,"test_loss":0.5123777148615608,"train_recall":0.9148211243611585,"test_precision":0.75,"test_recall":0.7605633802816901,"_timestamp":1.7567156913595796e+09,"train_loss":0.3326916519731413,"_runtime":19.21521248,"train_roc_auc":0.9292435261001507,"train_precision":0.7704447632711621,"_step":49,"test_accuracy":0.7560975609756098}