{"test_accuracy":0.7009733753220727,"train_recall":0.8456937799043063,"train_precision":0.7505307855626328,"_wandb":{"runtime":167},"train_loss":0.446677264339643,"_timestamp":1.7553227831325421e+09,"test_precision":0.7017687074829932,"test_recall":0.45557322027910263,"epoch":99,"train_accuracy":0.7719298245614035,"train_f1":0.7952755905511811,"test_loss":0.7701600296835776,"_step":99,"test_f1":0.5524850042844901,"current_lr":2.1174197846935993e-08,"_runtime":167.099569611}