{"_wandb":{"runtime":10},"train_recall":0.9047619047619048,"epoch":99,"test_f1":0.875,"_runtime":10.959251331,"train_precision":0.8941176470588236,"test_precision":0.84,"_timestamp":1.7551729993208005e+09,"train_f1":0.8994082840236687,"test_loss":0.5318672627379949,"_step":99,"train_loss":0.26783132189102754,"train_accuracy":0.8702290076335878,"test_recall":0.9130434782608695,"current_lr":8.237065302857418e-08,"test_accuracy":0.8181818181818182}