{"val_accuracy":0.8409547673113564,"epoch":99,"train_accuracy":0.8877826310380267,"current_lr":1.8393942258821902e-07,"train_f1":0.8672996581845803,"train_recall":0.8787132522702786,"val_precision":0.799398730653602,"train_loss":0.2501718457347933,"_runtime":3880.722495168,"_wandb":{"runtime":3880},"val_f1":0.7465477081773563,"_timestamp":1.7549298651716518e+09,"_step":99,"train_precision":0.8561787642471506,"val_loss":0.3627817026608341,"val_recall":0.7002516434855549}