{"train_loss":0.19949415835146686,"val_accuracy":0.5454545454545454,"val_loss":1.0860520519993522,"train_precision":0.9512195121951219,"val_precision":0.6818181818181818,"train_recall":0.9285714285714286,"train_f1":0.9397590361445783,"epoch":99,"val_f1":0.6666666666666666,"current_lr":1.131134820334327e-07,"train_accuracy":0.9236641221374046,"_runtime":9.922032203,"val_recall":0.6521739130434783,"_step":99,"_wandb":{"runtime":9},"_timestamp":1.752069844963e+09}