{"_runtime":8.517394213,"current_lr":5.278861830121932e-08,"test_loss":0.5328669338945694,"_timestamp":1.7551730371429813e+09,"test_f1":0.88,"test_precision":0.8148148148148148,"test_recall":0.9565217391304348,"epoch":99,"_step":99,"train_precision":0.898876404494382,"train_loss":0.28707223812132393,"_wandb":{"runtime":8},"test_accuracy":0.8181818181818182,"train_f1":0.9248554913294798,"train_accuracy":0.9007633587786259,"train_recall":0.9523809523809523}