{"test_accuracy":0.6871508379888268,"train_recall":0.9626168224299065,"test_loss":1.8310416196811132,"train_accuracy":0.9329268292682927,"_wandb":{"runtime":25},"_runtime":25.954653735,"_timestamp":1.7552530843166227e+09,"train_f1":0.9493087557603687,"train_precision":0.9363636363636364,"test_precision":0.6616800920598389,"test_f1":0.7196495619524406,"test_recall":0.7887517146776406,"_step":99,"current_lr":2.5818956772052326e-07,"train_loss":0.18567512602340885,"epoch":99}