{"current_lr":6.058279055286387e-08,"_wandb":{"runtime":39},"train_accuracy":0.7825327510917031,"train_loss":0.49486736990999447,"_runtime":39.077813311,"_step":99,"train_f1":0.7933609958506224,"val_precision":0.5874125874125874,"val_f1":0.5894736842105263,"_timestamp":1.754556326426279e+09,"train_recall":0.8143100511073254,"epoch":99,"val_accuracy":0.5923344947735192,"val_loss":0.7088345341150769,"val_recall":0.5915492957746479,"train_precision":0.7734627831715211}