{"val_accuracy":0.7421602787456446,"current_lr":2.679310303387909e-07,"train_accuracy":0.8812227074235808,"val_loss":0.5813168648643361,"_timestamp":1.7522360419854395e+09,"_wandb":{"runtime":92},"train_loss":0.27813989678845136,"train_f1":0.8831615120274914,"val_f1":0.7357142857142858,"train_precision":0.8908145580589255,"_runtime":92.220238965,"val_precision":0.7463768115942029,"_step":99,"train_recall":0.8756388415672913,"val_recall":0.7253521126760564,"epoch":99}