{"current_lr":1.6143139299082823e-07,"test_f1":0.7507163323782235,"test_recall":0.8984910836762688,"_step":99,"epoch":99,"_timestamp":1.7552529502142205e+09,"train_accuracy":0.7987804878048781,"test_accuracy":0.6962290502793296,"train_f1":0.8630705394190872,"_runtime":38.321068853,"train_recall":0.9719626168224299,"train_loss":0.38953430768920155,"_wandb":{"runtime":38},"train_precision":0.7761194029850746,"test_loss":0.7044407876843181,"test_precision":0.6446850393700787}