{"epoch":99,"_timestamp":1.7520699415096462e+09,"val_f1":0.8214285714285714,"train_precision":0.6412213740458015,"val_recall":1,"train_f1":0.7813953488372093,"val_loss":0.6207053869059591,"_step":99,"_runtime":7.4266894279999995,"val_accuracy":0.696969696969697,"val_precision":0.696969696969697,"train_accuracy":0.6412213740458015,"train_loss":0.6527169899631092,"train_recall":1,"current_lr":3.2821273684633864e-06,"_wandb":{"runtime":7}}