{"test_loss":0.5691326445403415,"epoch":99,"test_accuracy":0.6829268292682927,"_step":99,"test_recall":0.6338028169014085,"_timestamp":1.7552819264814272e+09,"train_accuracy":0.6917030567685589,"_wandb":{"runtime":26},"test_f1":0.6642066420664207,"train_f1":0.6954270923209663,"_runtime":26.264896959,"test_precision":0.6976744186046512,"train_loss":0.5764363754264132,"train_precision":0.7045454545454546,"current_lr":9.308758833121092e-08,"train_recall":0.686541737649063}