{"test_loss":0.39887947238696164,"train_precision":0.8560126582278481,"_timestamp":1.7552839644906847e+09,"current_lr":2.74181710196645e-07,"train_f1":0.8876127973748975,"train_loss":0.24865612343409177,"epoch":99,"train_recall":0.9216354344122658,"_runtime":27.237122601,"train_accuracy":0.880349344978166,"_wandb":{"runtime":27},"_step":99,"test_recall":0.8309859154929577,"test_f1":0.833922261484099,"test_accuracy":0.8362369337979094,"test_precision":0.8368794326241135}