{"train_recall":0.8571428571428571,"test_accuracy":0.696969696969697,"_timestamp":1.7552860378079863e+09,"train_f1":0.8421052631578947,"test_precision":0.76,"test_loss":0.524923144638623,"test_recall":0.8260869565217391,"current_lr":1.80423326663612e-07,"_step":99,"train_accuracy":0.7938931297709924,"train_loss":0.4512894963490144,"_wandb":{"runtime":6},"epoch":99,"_runtime":6.696732827,"test_f1":0.7916666666666666,"train_precision":0.8275862068965517}