{"_runtime":54.598841007,"_step":99,"_timestamp":1.7552510416076307e+09,"train_precision":0.9066666666666666,"val_accuracy":0.8501742160278746,"train_f1":0.9165964616680707,"current_lr":6.058279055286387e-08,"val_f1":0.8480565371024735,"_wandb":{"runtime":54},"val_loss":0.413299051519055,"train_loss":0.2208885507292102,"epoch":99,"train_recall":0.9267461669505963,"val_precision":0.851063829787234,"train_accuracy":0.9135371179039301,"val_recall":0.8450704225352113}