{"test_loss":0.9704164078448738,"train_accuracy":0.9158415841584159,"test_accuracy":0.6236033519553073,"_timestamp":1.7576685937666917e+09,"_step":99,"test_recall":0.7270233196159122,"test_roc_auc":0.7042968894820747,"test_precision":0.6091954022988506,"train_loss":0.21032164031916326,"train_precision":0.935251798561151,"train_pr_auc":0.9863623905796935,"_runtime":41.673018392,"train_roc_auc":0.9723731884057971,"_wandb":{"runtime":41},"test_pr_auc":0.7320668751079058,"train_recall":0.9420289855072463,"epoch":99}