{"test_RMSE":114.35100555419922,"_timestamp":1.7570654070673902e+09,"epoch":0,"test_MAE":102.49958038330078,"_runtime":220.976225792,"test_loss":13076.15234375,"_step":0,"train_loss":4.428855375810103,"_wandb":{"runtime":585},"test_R2":-23548.23828125}