{"_step":99,"test_precision":0.5253999766436996,"test_loss":1.5608306820031108,"train_f1":0.8574766355140186,"train_precision":0.8378995433789954,"train_recall":0.8779904306220095,"test_f1":0.6325928008998876,"_wandb":{"runtime":244},"train_loss":0.310771927274857,"epoch":99,"_runtime":244.197085275,"test_recall":0.7947359123829713,"_timestamp":1.755244166178301e+09,"current_lr":1.0633855628010179e-07,"test_accuracy":0.6259662181505868,"train_accuracy":0.8471177944862155}