{"test_recall":1,"test_precision":0.696969696969697,"current_lr":4.6409342499574515e-07,"train_precision":0.6412213740458015,"train_f1":0.7813953488372093,"_wandb":{"runtime":10},"_step":99,"train_accuracy":0.6412213740458015,"epoch":99,"train_recall":1,"test_accuracy":0.696969696969697,"test_f1":0.8214285714285714,"test_loss":0.6203980202024634,"_runtime":10.996622538,"train_loss":0.6527123651431717,"_timestamp":1.7552868357894676e+09}