{"_step":99,"train_recall":0.9523809523809523,"val_accuracy":0.5151515151515151,"val_recall":0.6086956521739131,"epoch":99,"_wandb":{"runtime":18},"current_lr":6.932463073095399e-08,"train_loss":0.29798870971639646,"train_accuracy":0.916030534351145,"val_precision":0.6666666666666666,"_runtime":18.240920188,"train_precision":0.9195402298850575,"val_f1":0.6363636363636364,"train_f1":0.935672514619883,"_timestamp":1.75207284305231e+09,"val_loss":0.7984096858311783}