{"_runtime":44.371627715,"train_recall":0.9216354344122658,"val_f1":0.7142857142857143,"_wandb":{"runtime":44},"train_accuracy":0.8899563318777293,"train_precision":0.8711755233494364,"epoch":99,"train_loss":0.241573903420086,"_step":99,"current_lr":4.773986430212006e-07,"val_loss":0.7966874054915398,"val_recall":0.704225352112676,"val_accuracy":0.7212543554006968,"_timestamp":1.752238064287955e+09,"train_f1":0.8956953642384106,"val_precision":0.7246376811594203}