{"_runtime":20.523987769,"test_precision":0.7171717171717171,"train_loss":0.5864986240082953,"train_recall":0.6746166950596252,"train_precision":0.6971830985915493,"train_f1":0.6857142857142857,"_step":99,"current_lr":1.2466232261159896e-07,"train_accuracy":0.6829694323144104,"test_recall":0.5,"test_f1":0.5892116182572614,"test_accuracy":0.6550522648083623,"_timestamp":1.7552824682459896e+09,"epoch":99,"_wandb":{"runtime":20},"test_loss":0.5886970988964785}