{"_timestamp":1.7553111360750425e+09,"test_accuracy":0.6865158889206986,"train_f1":0.9648600357355569,"_runtime":813.973245208,"_wandb":{"runtime":814},"train_recall":0.9688995215311005,"test_recall":0.5968910086557145,"train_loss":0.0900158758524964,"test_f1":0.6067516609804273,"train_accuracy":0.9630325814536341,"current_lr":8.424093656983744e-08,"test_loss":2.0825829369686835,"train_precision":0.9608540925266904,"test_precision":0.6169435822530582,"_step":99,"epoch":99}