{"train_recall":0.8779904306220095,"test_accuracy":0.6740624105353564,"train_precision":0.7841880341880342,"test_f1":0.6702867072111207,"test_recall":0.8177000529941706,"current_lr":1.1543363661668529e-07,"epoch":99,"test_loss":1.57982701171626,"_step":99,"_runtime":1573.811634348,"_timestamp":1.7553010697103e+09,"train_accuracy":0.8095238095238095,"train_loss":0.37502562043660864,"train_f1":0.8284424379232506,"test_precision":0.5679057784320942,"_wandb":{"runtime":1573}}