{"val_recall":0.7391304347826086,"_wandb":{"runtime":12},"val_f1":0.7391304347826086,"current_lr":6.932463073095399e-08,"_timestamp":1.7520722174274745e+09,"train_recall":1,"train_precision":1,"train_accuracy":1,"train_f1":1,"val_loss":1.9740321274744708,"epoch":99,"_step":99,"_runtime":12.019947586,"train_loss":0.029362502614505417,"val_accuracy":0.6363636363636364,"val_precision":0.7391304347826086}