{"test_loss":0.5652553062095786,"train_f1":0.7813953488372093,"train_recall":1,"train_accuracy":0.6412213740458015,"_timestamp":1.7552849540252244e+09,"train_precision":0.6412213740458015,"test_precision":0.696969696969697,"test_recall":1,"test_accuracy":0.696969696969697,"test_f1":0.8214285714285714,"_wandb":{"runtime":6},"epoch":99,"_runtime":6.058733138,"current_lr":7.560921603539259e-07,"_step":99,"train_loss":0.5488084682071482}