{"current_lr":1.2147054719922187e-07,"train_accuracy":0.8353658536585366,"train_f1":0.8820960698689956,"epoch":99,"test_accuracy":0.6941340782122905,"_step":99,"_runtime":29.142434481,"test_f1":0.7152145643693107,"test_recall":0.7544581618655692,"test_loss":0.7270200299151117,"train_precision":0.8278688524590164,"train_recall":0.9439252336448598,"_wandb":{"runtime":29},"train_loss":0.39511320358369406,"test_precision":0.6798516687268232,"_timestamp":1.7552523585064046e+09}