{"_runtime":6.68266182,"_timestamp":1.7520704204879546e+09,"val_f1":0.7391304347826086,"epoch":99,"val_recall":0.7391304347826086,"train_f1":0.9467455621301775,"val_precision":0.7391304347826086,"val_loss":1.002104681191585,"train_accuracy":0.9312977099236641,"_wandb":{"runtime":6},"train_recall":0.9523809523809523,"val_accuracy":0.6363636363636364,"_step":99,"train_loss":0.17307279037155268,"train_precision":0.9411764705882353,"current_lr":4.75066748142427e-07}