{"train_accuracy":0.9108910891089109,"train_recall":0.9420289855072463,"test_precision":0.6864406779661016,"_timestamp":1.7576691120816212e+09,"train_precision":0.9285714285714286,"test_accuracy":0.6722164412070759,"train_roc_auc":0.9763926630434783,"_step":99,"test_pr_auc":0.8140636942216524,"test_loss":0.9744880933791368,"epoch":99,"test_recall":0.8393782383419689,"_runtime":22.046240009999998,"_wandb":{"runtime":22},"test_roc_auc":0.733841069184096,"train_pr_auc":0.9896835746679956,"train_loss":0.18755647200759096}