{"test_f1":0.7000068789984178,"test_loss":0.6405523238551498,"current_lr":9.175974090714816e-08,"train_f1":0.7715039577836411,"train_recall":0.8744019138755981,"test_precision":0.573231185218567,"_timestamp":1.7552545242834644e+09,"_runtime":314.33605616,"_wandb":{"runtime":314},"train_loss":0.4845524251012874,"train_precision":0.6902738432483475,"_step":99,"test_recall":0.8987811340752517,"epoch":99,"train_accuracy":0.7286967418546366,"test_accuracy":0.6878757515030061}