{"train_loss":0.5534999300050372,"val_loss":0.6220474739869436,"_timestamp":1.7520736404333746e+09,"val_precision":0.7096774193548387,"train_f1":0.7853403141361257,"_step":99,"val_accuracy":0.696969696969697,"val_recall":0.9565217391304348,"train_accuracy":0.6870229007633588,"val_f1":0.8148148148148148,"train_precision":0.7009345794392523,"epoch":99,"_runtime":12.899528642,"train_recall":0.8928571428571429,"_wandb":{"runtime":12},"current_lr":9.0211663331806e-09}