{"epoch":99,"val_accuracy":0.8181818181818182,"train_accuracy":0.8320610687022901,"val_loss":0.46809534921979346,"val_precision":0.84,"_wandb":{"runtime":10},"_timestamp":1.7552510677794342e+09,"_step":99,"train_recall":0.8571428571428571,"train_precision":0.8780487804878049,"train_loss":0.32479384279888096,"_runtime":10.335423714,"val_f1":0.875,"current_lr":9.0211663331806e-08,"train_f1":0.8674698795180723,"val_recall":0.9130434782608695}