{"epoch":99,"test_precision":0.696969696969697,"test_accuracy":0.696969696969697,"test_recall":1,"train_f1":0.7813953488372093,"_runtime":8.839361054,"_wandb":{"runtime":8},"_step":99,"train_accuracy":0.6412213740458015,"train_loss":0.652937425001887,"train_precision":0.6412213740458015,"train_recall":1,"current_lr":6.037180799760232e-07,"test_loss":0.6230280272888414,"test_f1":0.8214285714285714,"_timestamp":1.755288383389972e+09}