{"train_recall":0.9404761904761905,"_step":99,"train_accuracy":0.7251908396946565,"test_recall":0.9130434782608695,"train_f1":0.8144329896907216,"test_precision":0.7241379310344828,"test_accuracy":0.696969696969697,"test_loss":0.6182580330606663,"train_loss":0.5106784155350605,"_wandb":{"runtime":8},"test_f1":0.8076923076923077,"_timestamp":1.7552592073324976e+09,"epoch":99,"train_precision":0.7181818181818181,"_runtime":8.132505165,"current_lr":1.1774102650763207e-07}