{"current_lr":8.275670836344814e-08,"_timestamp":1.75528113451138e+09,"epoch":99,"test_precision":0.6940298507462687,"train_accuracy":0.6951965065502184,"test_accuracy":0.686411149825784,"_step":99,"train_loss":0.5832599459256668,"_wandb":{"runtime":28},"train_precision":0.6888888888888889,"test_loss":0.5902521529264151,"train_f1":0.7132292522596549,"_runtime":28.538766189,"test_recall":0.6549295774647887,"test_f1":0.6739130434782609,"train_recall":0.7393526405451448}