{"test_accuracy":0.696969696969697,"_runtime":5.714055791,"train_accuracy":0.6412213740458015,"train_recall":1,"current_lr":2.5737140302226154e-06,"epoch":99,"_timestamp":1.7552845428470387e+09,"_wandb":{"runtime":5},"train_f1":0.7813953488372093,"_step":99,"test_f1":0.8214285714285714,"test_precision":0.696969696969697,"test_loss":0.6216443731929316,"train_loss":0.6527698167407786,"train_precision":0.6412213740458015,"test_recall":1}