{"test_precision":0.696969696969697,"train_loss":0.6530867642118731,"test_recall":1,"_runtime":5.862562903,"train_accuracy":0.6412213740458015,"train_recall":1,"train_precision":0.6412213740458015,"test_f1":0.8214285714285714,"train_f1":0.7813953488372093,"_timestamp":1.7552850476288507e+09,"test_accuracy":0.696969696969697,"epoch":99,"current_lr":2.6062954957440606e-06,"_wandb":{"runtime":5},"test_loss":0.6238866972200798,"_step":99}