{"test_accuracy":0.696969696969697,"test_loss":0.6212983212687753,"train_f1":0.7813953488372093,"test_recall":1,"train_loss":0.6527439792647617,"train_precision":0.6412213740458015,"train_recall":1,"_wandb":{"runtime":7},"train_accuracy":0.6412213740458015,"_step":99,"current_lr":5.27975692895558e-07,"epoch":99,"_timestamp":1.7552872778588567e+09,"test_f1":0.8214285714285714,"test_precision":0.696969696969697,"_runtime":7.619629381}