{"val_f1":0.8076923076923077,"_step":99,"val_loss":0.7119422920725562,"train_loss":0.34781567012990705,"val_precision":0.7241379310344828,"epoch":99,"train_precision":0.8764044943820225,"val_recall":0.9130434782608695,"val_accuracy":0.696969696969697,"current_lr":1.80423326663612e-08,"_timestamp":1.7520728145534332e+09,"train_accuracy":0.8702290076335878,"_runtime":10.052996114,"_wandb":{"runtime":10},"train_f1":0.9017341040462428,"train_recall":0.9285714285714286}