{"train_f1":0.7902439024390244,"train_loss":0.5478768678566882,"val_loss":0.5348764695791584,"val_accuracy":0.7272727272727273,"train_recall":0.9642857142857143,"_runtime":15.145555066,"val_precision":0.71875,"_step":99,"val_recall":1,"val_f1":0.8363636363636363,"current_lr":5.412699799908361e-07,"_timestamp":1.7512883117547376e+09,"_wandb":{"runtime":15},"train_precision":0.6694214876033058,"epoch":99,"train_accuracy":0.6717557251908397}