{"current_lr":1.80423326663612e-08,"_runtime":10.605301464,"train_recall":0.9166666666666666,"train_accuracy":0.8702290076335878,"val_recall":0.7391304347826086,"train_loss":0.30202900134880123,"epoch":99,"_timestamp":1.752072657842286e+09,"train_precision":0.8850574712643678,"val_loss":0.9437727660053608,"val_accuracy":0.6060606060606061,"_step":99,"val_f1":0.723404255319149,"_wandb":{"runtime":10},"train_f1":0.9005847953216374,"val_precision":0.7083333333333334}