{"train_accuracy":0.9661654135338346,"epoch":99,"_runtime":1574.639922637,"test_precision":0.4710669886414453,"test_accuracy":0.5485256226739192,"train_f1":0.9677804295942721,"_wandb":{"runtime":1574},"train_loss":0.0884901852648061,"current_lr":8.253406052282867e-08,"_timestamp":1.7553223276655974e+09,"test_loss":4.853094379710086,"test_f1":0.6254601591259945,"test_recall":0.9304009892245186,"train_precision":0.9654761904761905,"train_recall":0.9700956937799043,"_step":99}