{"train_accuracy":0.9312977099236641,"_wandb":{"runtime":10},"train_precision":0.9629629629629629,"train_loss":0.1796193779197358,"train_f1":0.9454545454545454,"current_lr":6.932463073095399e-08,"val_precision":0.7727272727272727,"val_accuracy":0.6666666666666666,"train_recall":0.9285714285714286,"val_f1":0.7555555555555555,"val_recall":0.7391304347826086,"val_loss":1.257722424542766,"_step":99,"_runtime":10.20501701,"_timestamp":1.75207200137328e+09,"epoch":99}