{"test_accuracy":0.696969696969697,"current_lr":2.692493652767646e-06,"train_f1":0.7813953488372093,"_wandb":{"runtime":6},"train_accuracy":0.6412213740458015,"test_recall":1,"_timestamp":1.755285573948273e+09,"_runtime":6.2478016610000005,"test_precision":0.696969696969697,"train_precision":0.6412213740458015,"test_loss":0.615537761738806,"train_recall":1,"_step":99,"epoch":99,"train_loss":0.6541286388426336,"test_f1":0.8214285714285714}