{"train_precision":0.6412213740458015,"val_f1":0.8214285714285714,"_wandb":{"runtime":10},"val_loss":0.6190871424747236,"train_recall":1,"train_loss":0.6527764649336575,"val_recall":1,"_timestamp":1.752069759836981e+09,"_step":99,"train_accuracy":0.6412213740458015,"_runtime":10.522328027,"val_accuracy":0.696969696969697,"current_lr":1.3947268070556834e-06,"epoch":99,"val_precision":0.696969696969697,"train_f1":0.7813953488372093}