{"test_precision":0.7142857142857143,"current_lr":1.090073348010558e-07,"train_loss":0.5977062555669829,"train_precision":0.6636363636363637,"test_accuracy":0.6666666666666666,"test_loss":0.574919694526629,"_step":99,"test_recall":0.8695652173913043,"_timestamp":1.7552602957183387e+09,"epoch":99,"_runtime":6.362969872,"test_f1":0.7843137254901961,"train_accuracy":0.6335877862595419,"train_recall":0.8690476190476191,"_wandb":{"runtime":6},"train_f1":0.7525773195876289}