{"_runtime":42.648914826,"test_loss":0.8619725714182721,"test_accuracy":0.6522346368715084,"train_roc_auc":0.8541154287588129,"test_recall":0.8655692729766804,"test_precision":0.612027158098933,"train_precision":0.788235294117647,"test_roc_auc":0.7359542778646093,"train_accuracy":0.7957317073170732,"test_pr_auc":0.7530890376414647,"_wandb":{"runtime":42},"train_loss":0.44090275575474996,"train_pr_auc":0.9081731431325262,"epoch":99,"_timestamp":1.757524026675884e+09,"_step":99,"train_recall":0.9392523364485982}