{"epoch":99,"train_precision":0.975609756097561,"val_loss":1.637405807297138,"val_precision":0.7727272727272727,"_runtime":19.712823887,"train_accuracy":0.9541984732824428,"val_recall":0.7391304347826086,"_timestamp":1.7520730915852923e+09,"_step":99,"train_recall":0.9523809523809523,"train_f1":0.963855421686747,"current_lr":6.932463073095399e-08,"train_loss":0.09345266023892483,"_wandb":{"runtime":19},"val_accuracy":0.6666666666666666,"val_f1":0.7555555555555555}