{"_step":99,"epoch":99,"train_loss":0.0439130604421663,"current_lr":3.0209540148149475e-07,"train_accuracy":0.9834061135371179,"val_accuracy":0.6968641114982579,"train_precision":0.984641638225256,"train_recall":0.9829642248722317,"val_f1":0.6925795053003534,"val_precision":0.6950354609929078,"val_loss":1.559372545119362,"_runtime":48.085795431,"val_recall":0.6901408450704225,"train_f1":0.9838022165387894,"_timestamp":1.7522375438114872e+09,"_wandb":{"runtime":48}}