{"_step":99,"train_recall":0.9727427597955707,"current_lr":7.20386234406115e-07,"_wandb":{"runtime":30},"train_loss":0.22941566265826663,"val_accuracy":0.7038327526132404,"val_precision":0.6815286624203821,"_runtime":30.930322664,"val_recall":0.7535211267605634,"_timestamp":1.7545562365434759e+09,"train_precision":0.8811728395061729,"train_accuracy":0.9187772925764193,"val_f1":0.7157190635451505,"epoch":99,"train_f1":0.9246963562753037,"val_loss":1.0298726596068006}