{"train_accuracy":0.5238095238095238,"test_recall":1,"epoch":48,"_step":48,"current_lr":0.014779927118141486,"_timestamp":1.7552503895014231e+09,"test_f1":0.576682116844089,"test_loss":0.7014903646125652,"test_precision":0.4051674778127684,"train_precision":0.5238095238095238,"_wandb":{"runtime":132},"train_f1":0.6875,"train_loss":0.6926357093311492,"_runtime":130.673342,"train_recall":1,"test_accuracy":0.4051674778127684}