{"_step":99,"test_f1":0.7100814026299311,"train_loss":0.1660165359697691,"train_recall":0.9532710280373832,"_timestamp":1.7552533476022692e+09,"epoch":99,"test_accuracy":0.6766759776536313,"test_loss":1.7196012582192874,"test_precision":0.6532258064516129,"_wandb":{"runtime":34},"_runtime":34.134716523,"train_accuracy":0.9329268292682927,"train_precision":0.9444444444444444,"test_recall":0.7777777777777778,"train_f1":0.9488372093023256,"current_lr":4.2127985799236827e-07}