{"epoch":99,"test_precision":0.8203125,"train_pr_auc":0.9795050097319056,"_runtime":46.98064498,"train_precision":0.9232081911262798,"train_recall":0.9216354344122658,"test_roc_auc":0.8811073336571151,"_timestamp":1.7569784819633842e+09,"test_loss":0.5700020785946464,"test_accuracy":0.7909407665505227,"_wandb":{"runtime":47},"test_recall":0.7394366197183099,"test_pr_auc":0.8897880004931591,"train_accuracy":0.9205240174672489,"_step":99,"train_roc_auc":0.9784763056181421,"train_loss":0.1901733929673657}