{"train_recall":0.9301533219761499,"train_accuracy":0.8462882096069869,"_step":99,"train_f1":0.861198738170347,"_wandb":{"runtime":27},"epoch":99,"test_recall":0.8661971830985915,"current_lr":1.4004445964223513e-07,"test_f1":0.8282828282828283,"train_precision":0.801762114537445,"train_loss":0.3340877259662578,"test_precision":0.7935483870967742,"test_accuracy":0.8222996515679443,"_runtime":27.334249179,"test_loss":0.3773151083690364,"_timestamp":1.7552842605538795e+09}