{"epoch":199,"test_f1":0.6273085347057604,"train_f1":0.8457741666033868,"_runtime":3119.707153879,"_wandb":{"runtime":3119},"test_recall":0.6788326863429764,"train_accuracy":0.8695400822199383,"current_lr":3.267734015345876e-08,"train_precision":0.8346822541966427,"test_loss":0.6842183763900959,"_timestamp":1.755407086734863e+09,"test_accuracy":0.7301894918173988,"test_precision":0.5830540848468602,"_step":199,"train_loss":0.2914289730119558,"train_recall":0.8571648453132215}