{"train_loss":0.11795790789236549,"train_f1":0.9700598802395209,"epoch":99,"_runtime":13.895260386,"train_recall":0.9642857142857143,"val_loss":1.5499358092448816,"val_recall":0.782608695652174,"_step":99,"val_f1":0.7346938775510204,"train_precision":0.9759036144578314,"current_lr":1.3864926146190798e-08,"val_accuracy":0.6060606060606061,"_timestamp":1.752072398890386e+09,"val_precision":0.6923076923076923,"train_accuracy":0.9618320610687023,"_wandb":{"runtime":13}}