{"val_precision":0.6893280632411067,"val_loss":0.46369326807731803,"_runtime":305.105886587,"epoch":99,"val_f1":0.7300125575554626,"train_f1":0.7460554371002133,"_timestamp":1.753094777320249e+09,"val_accuracy":0.7692307692307693,"train_recall":0.771214458893542,"_wandb":{"runtime":305},"_step":99,"train_accuracy":0.7868837791894068,"val_recall":0.7758007117437722,"train_loss":0.45058522291512826,"current_lr":1.2001233137391938e-08,"train_precision":0.7224860623580426}