{"test_precision":0.8387096774193549,"train_precision":0.8808724832214765,"threshold_curves":{"size":37713,"path":"media/images/threshold_curves_100_03909f20fe1ecd19f747.png","format":"png","width":640,"height":480,"_type":"image-file","sha256":"03909f20fe1ecd19f74773e966dc6634ddcce39c0b95bacdc34b4228311ac633"},"_wandb":{"runtime":53},"test_loss":0.5520645126648481,"test_roc_auc":0.8739679456046625,"train_accuracy":0.8838427947598253,"_timestamp":1.7569013448214653e+09,"train_roc_auc":0.9595293485495167,"epoch":99,"train_loss":0.2564400451802791,"_step":100,"test_recall":0.7323943661971831,"test_accuracy":0.7979094076655052,"_runtime":53.13722082,"train_recall":0.8943781942078365}