{"_runtime":3755.542305828,"_wandb":{"runtime":3755},"val_precision":0.7981936347127975,"current_lr":3.4838197803492854e-07,"train_recall":0.8339233492381098,"train_accuracy":0.8470580678314491,"val_loss":0.3681472539462527,"_timestamp":1.7549704443220844e+09,"train_f1":0.8198532193387305,"_step":99,"val_recall":0.6516590913524374,"train_loss":0.3186981904665956,"train_precision":0.80625,"epoch":99,"val_accuracy":0.8283676558870358,"val_f1":0.717521344573914}