{"current_lr":2.5605880866747963e-06,"test_f1":0.8214285714285714,"_timestamp":1.7552845901346965e+09,"_wandb":{"runtime":5},"test_loss":0.6216324269771576,"epoch":99,"train_precision":0.6412213740458015,"_step":99,"test_accuracy":0.696969696969697,"test_precision":0.696969696969697,"train_accuracy":0.6412213740458015,"train_recall":1,"train_f1":0.7813953488372093,"test_recall":1,"_runtime":5.692395244,"train_loss":0.6527687775269719}