{"epoch":99,"val_loss":0.5938169270857702,"train_recall":0.8637137989778535,"train_precision":0.8164251207729468,"val_accuracy":0.7038327526132404,"train_loss":0.35927562289362913,"train_accuracy":0.8305676855895197,"_wandb":{"runtime":36},"_timestamp":1.7522408583041797e+09,"val_f1":0.7335423197492164,"current_lr":3.391156223593633e-08,"_runtime":36.577978255,"val_precision":0.6610169491525424,"train_f1":0.8394039735099338,"_step":99,"val_recall":0.823943661971831}