{"current_lr":1.1210005936401608e-07,"test_f1":0.833922261484099,"_timestamp":1.7551752254470477e+09,"epoch":99,"train_f1":0.8545303408146301,"_wandb":{"runtime":56},"train_accuracy":0.8471615720524017,"test_accuracy":0.8362369337979094,"test_precision":0.8368794326241135,"_runtime":56.682121118,"train_precision":0.8344155844155844,"train_loss":0.30777702339351437,"train_recall":0.8756388415672913,"test_recall":0.8309859154929577,"_step":99,"test_loss":0.35847734511936996}