{"train_accuracy": 0.8471615720524017, "test_loss": 0.35847734511936996, "_timestamp": 1755175225.4470477, "_step": 99, "current_lr": 1.1210005936401608e-07, "_runtime": 56.682121118, "train_f1": 0.8545303408146301, "test_accuracy": 0.8362369337979094, "test_precision": 0.8368794326241135, "test_recall": 0.8309859154929577, "test_f1": 0.833922261484099, "train_precision": 0.8344155844155844, "epoch": 99, "train_loss": 0.30777702339351437, "train_recall": 0.8756388415672913}