{"_step":199,"_timestamp":1.7561282905243926e+09,"test_accuracy":0.5052264808362369,"_runtime":59.359600996,"test_f1":0,"current_lr":6.090949342774801e-08,"test_recall":0,"test_loss":0.8841751215765286,"train_f1":0.9786507258753202,"train_accuracy":0.9781659388646288,"_wandb":{"runtime":59},"train_precision":0.9811643835616438,"train_loss":0.06199954216527106,"train_recall":0.9761499148211243,"epoch":199,"test_precision":0}