{"val_accuracy":0.696969696969697,"val_f1":0.782608695652174,"_step":99,"train_loss":0.06684195119461031,"val_precision":0.782608695652174,"val_loss":1.691262259622046,"train_precision":0.9882352941176471,"train_accuracy":0.9923664122137404,"_wandb":{"runtime":12},"current_lr":6.932463073095399e-08,"_runtime":12.789914409,"epoch":99,"train_f1":0.9940828402366864,"val_recall":0.782608695652174,"train_recall":1,"_timestamp":1.75207202456582e+09}