{"_step":99,"test_recall":0.9565217391304348,"test_f1":0.8148148148148148,"_runtime":6.135543767,"epoch":99,"_wandb":{"runtime":6},"_timestamp":1.7552602794843667e+09,"train_precision":0.639344262295082,"test_loss":0.6064056754112244,"train_accuracy":0.6183206106870229,"train_recall":0.9285714285714286,"train_loss":0.6130295172902464,"train_f1":0.7572815533980582,"test_precision":0.7096774193548387,"test_accuracy":0.696969696969697,"current_lr":2.3971156759871077e-07}