{"train_precision":0.9651162790697675,"train_f1":0.9764705882352941,"train_accuracy":0.9694656488549618,"_step":99,"val_f1":0.7272727272727273,"current_lr":1.80423326663612e-07,"_wandb":{"runtime":4},"val_loss":1.3082595549410942,"train_loss":0.09902942226133274,"train_recall":0.9880952380952381,"val_recall":0.6956521739130435,"val_accuracy":0.6363636363636364,"val_precision":0.7619047619047619,"_runtime":4.856661263,"epoch":99,"_timestamp":1.7489730992233863e+09}