{"test_f1":0.8214285714285714,"train_loss":0.6527500994332874,"test_accuracy":0.696969696969697,"_timestamp":1.7552887105912604e+09,"test_recall":1,"current_lr":4.711367790533812e-07,"_step":99,"epoch":99,"train_accuracy":0.6412213740458015,"train_f1":0.7813953488372093,"_wandb":{"runtime":14},"train_precision":0.6412213740458015,"test_precision":0.696969696969697,"_runtime":14.293395267,"test_loss":0.6213896942861152,"train_recall":1}