{
  "loop": 10,
  "timestamp": "20251102-162216",
  "n_calls": 20,
  "n_splits": 5,
  "n_workers": 4,
  "random_state": 42,
  "feature_count": 98,
  "best_params": {
    "n_estimators": 1000,
    "max_depth": 12,
    "learning_rate": 0.3,
    "subsample": 1.0,
    "colsample_bytree": 0.9970012080675331,
    "reg_alpha": 0.823163320580636,
    "reg_lambda": 8.791651303287757
  },
  "best_cv_score": 0.9451589195359349,
  "cv_auc_mean": 0.9451589195359349,
  "cv_auc_std": 0.0009884846136162895,
  "paths": {
    "run_dir": "/home/ec2-user/ML-correlator/bayes_results/loop10_20251102-162216",
    "history_csv": "/home/ec2-user/ML-correlator/bayes_results/loop10_20251102-162216/history.csv",
    "thresholds_csv": "/home/ec2-user/ML-correlator/bayes_results/loop10_20251102-162216/thresholds.csv",
    "plot_png": "/home/ec2-user/ML-correlator/bayes_results/loop10_20251102-162216/metrics.png"
  }
}