{"test_loss":1.8722265231869144,"current_lr":6.497642217327966e-08,"test_precision":0.5205050843669684,"test_f1":0.6376454483230664,"test_accuracy":0.6210993415402233,"_runtime":216.752483638,"train_loss":0.3073579594306181,"test_recall":0.8228228228228228,"train_accuracy":0.8471177944862155,"train_f1":0.8584686774941995,"train_recall":0.8851674641148325,"train_precision":0.8333333333333334,"epoch":99,"_wandb":{"runtime":216},"_step":99,"_timestamp":1.7552431789993124e+09}