{"train_f1":0.976027397260274,"train_accuracy":0.9755458515283842,"test_precision":0.8115942028985508,"_wandb":{"runtime":57},"train_loss":0.0656330118403164,"test_accuracy":0.8048780487804879,"train_recall":0.9710391822827938,"epoch":199,"_timestamp":1.7561278123808222e+09,"_runtime":57.697407275,"test_loss":0.7459970687739941,"test_f1":0.8,"_step":199,"test_recall":0.7887323943661971,"current_lr":6.090949342774801e-08,"train_precision":0.9810671256454389}