{"train_f1":0.7813953488372093,"val_precision":0.696969696969697,"train_precision":0.6412213740458015,"_wandb":{"runtime":7},"val_accuracy":0.696969696969697,"train_recall":1,"_runtime":7.098406655,"train_accuracy":0.6412213740458015,"_step":99,"epoch":99,"val_recall":1,"train_loss":0.6527127946606119,"val_loss":0.6204617700793527,"_timestamp":1.752069136724013e+09,"current_lr":1.431064730921421e-06,"val_f1":0.8214285714285714}