{"train_accuracy":0.9541984732824428,"epoch":99,"train_f1":0.9647058823529412,"val_accuracy":0.7575757575757576,"val_precision":0.8,"current_lr":9.0211663331806e-08,"train_precision":0.9534883720930233,"train_recall":0.9761904761904762,"train_loss":0.1496246577674196,"_step":99,"val_loss":0.8321365730799064,"_runtime":5.944732504,"val_recall":0.8695652173913043,"_wandb":{"runtime":5},"val_f1":0.8333333333333334,"_timestamp":1.751548463783911e+09}