{"epoch":99,"train_f1":0.8573099415204678,"_timestamp":1.7552434450838294e+09,"test_f1":0.6500288517022504,"current_lr":5.9344980493905216e-08,"_runtime":253.317108846,"_step":99,"_wandb":{"runtime":253},"test_precision":0.5493112275996587,"test_accuracy":0.6527340395075866,"test_loss":1.1960541535219011,"train_precision":0.8386727688787186,"train_recall":0.8767942583732058,"train_accuracy":0.8471177944862155,"train_loss":0.3134745513287403,"test_recall":0.7959724430312666}