{"val_accuracy":0.696969696969697,"epoch":99,"train_recall":1,"train_precision":0.6412213740458015,"_step":99,"train_f1":0.7813953488372093,"_timestamp":1.7520700994057984e+09,"val_loss":0.6204433531472178,"current_lr":6.551521595613148e-07,"train_accuracy":0.6412213740458015,"val_precision":0.696969696969697,"val_f1":0.8214285714285714,"_wandb":{"runtime":10},"train_loss":0.652712570801946,"_runtime":10.747788048,"val_recall":1}