{"test_MAE":0.5063349604606628,"test_RMSE":0.580842912197113,"epoch":99,"_wandb":{"runtime":1265},"_runtime":1265.45990286,"test_R2":0.3924049139022827,"test_loss":0.33737847208976746,"_timestamp":1.7570670565339475e+09,"train_loss":0.36063162034208124,"_step":10}