{"val_loss":1.8737648231227224,"_runtime":53.017289356,"train_accuracy":0.9921397379912664,"_step":99,"val_precision":0.6918238993710691,"val_accuracy":0.7177700348432056,"epoch":99,"train_loss":0.02651233815051225,"train_precision":0.9931740614334471,"val_f1":0.7308970099667774,"val_recall":0.7746478873239436,"train_recall":0.9914821124361158,"current_lr":1.4053155670387173e-07,"train_f1":0.9923273657289002,"_wandb":{"runtime":53},"_timestamp":1.7522398862622557e+09}