{"val_f1":0.8214285714285714,"_step":99,"_timestamp":1.752070212974638e+09,"current_lr":1.710301025529987e-06,"val_recall":1,"epoch":99,"train_f1":0.7813953488372093,"val_accuracy":0.696969696969697,"_wandb":{"runtime":9},"train_loss":0.6528237020696392,"val_loss":0.6187147760029995,"train_recall":1,"_runtime":9.106157704,"train_precision":0.6412213740458015,"val_precision":0.696969696969697,"train_accuracy":0.6412213740458015}