{"current_lr":2.6273082522899497e-08,"train_f1":0.8941176470588236,"test_precision":0.75,"train_recall":0.9047619047619048,"_runtime":13.052544396,"epoch":99,"train_loss":0.2982541659406123,"_timestamp":1.7551736225056062e+09,"test_accuracy":0.7272727272727273,"test_recall":0.9130434782608695,"_wandb":{"runtime":13},"train_accuracy":0.8625954198473282,"test_f1":0.8235294117647058,"train_precision":0.8837209302325582,"test_loss":0.5274656653566512,"_step":99}