{"_step":99,"train_recall":0.9284497444633731,"train_precision":0.8963815789473685,"val_accuracy":0.7177700348432056,"_timestamp":1.7522385223736017e+09,"current_lr":4.476959614321119e-08,"_wandb":{"runtime":65},"val_loss":0.7865585082499408,"train_accuracy":0.9082969432314411,"train_loss":0.2050700344242904,"val_recall":0.8028169014084507,"epoch":99,"_runtime":65.614641221,"val_f1":0.7378640776699029,"val_precision":0.6826347305389222,"train_f1":0.9121338912133892}