{"train_accuracy":0.8533834586466166,"_timestamp":1.7551876981931803e+09,"_runtime":214.90196451,"_wandb":{"runtime":214},"test_f1":0.6505403277749946,"train_f1":0.8625146886016452,"test_precision":0.5467998075072185,"test_recall":0.8028616852146264,"train_precision":0.8475750577367206,"train_loss":0.2988328668557313,"_step":99,"current_lr":8.853723367382248e-08,"test_loss":1.3915057875343455,"test_accuracy":0.6505153163469797,"epoch":99,"train_recall":0.8779904306220095}