{"val_f1":0.6020909404474469,"_timestamp":1.7551010749770374e+09,"epoch":52,"val_recall":0.4937479273550124,"current_lr":0.0022692594770251785,"train_precision":0.7725833207660986,"train_recall":0.7885177774357396,"val_precision":0.7713475955384896,"_wandb":{"runtime":3041},"_runtime":3012.116571111,"val_accuracy":0.7816994231722914,"train_loss":0.3857332459762922,"train_f1":0.7804692260816575,"train_accuracy":0.8148766700924974,"val_loss":0.4698981999863462,"_step":52}