{"train_loss":0.056731461398019135,"_runtime":13.776335882,"val_loss":2.2028498794092726,"train_f1":0.9820359281437125,"val_f1":0.723404255319149,"_wandb":{"runtime":13},"epoch":99,"val_recall":0.7391304347826086,"train_recall":0.9761904761904762,"_step":99,"current_lr":6.932463073095399e-08,"val_precision":0.7083333333333334,"_timestamp":1.752072424614762e+09,"train_accuracy":0.9770992366412213,"val_accuracy":0.6060606060606061,"train_precision":0.9879518072289156}