{"_runtime":28.261304719,"train_precision":0.9537037037037037,"train_f1":0.958139534883721,"_wandb":{"runtime":28},"test_recall":0.877914951989026,"train_loss":0.12006638726083244,"test_accuracy":0.6599162011173184,"_step":99,"_timestamp":1.7552531537958682e+09,"test_f1":0.7243916242218449,"test_loss":2.419525623321533,"test_precision":0.6165703275529865,"current_lr":1.941052937162322e-07,"train_accuracy":0.9451219512195121,"train_recall":0.9626168224299065,"epoch":99}