{
  "loop": 7,
  "timestamp": "20251102-083148",
  "n_calls": 20,
  "n_splits": 5,
  "n_workers": 4,
  "random_state": 42,
  "feature_count": 232,
  "best_params": {
    "n_estimators": 465,
    "max_depth": 3,
    "learning_rate": 0.24226431802636997,
    "subsample": 0.876592364275069,
    "colsample_bytree": 0.9867013921266992,
    "reg_alpha": 3.4573802652604906,
    "reg_lambda": 10.0
  },
  "best_cv_score": 0.8587826315099043,
  "cv_auc_mean": 0.8587826315099043,
  "cv_auc_std": 0.0569282165253539,
  "paths": {
    "run_dir": "/home/ec2-user/ML-correlator/bayes_results/loop7_20251102-083148",
    "history_csv": "/home/ec2-user/ML-correlator/bayes_results/loop7_20251102-083148/history.csv",
    "thresholds_csv": "/home/ec2-user/ML-correlator/bayes_results/loop7_20251102-083148/thresholds.csv",
    "plot_png": "/home/ec2-user/ML-correlator/bayes_results/loop7_20251102-083148/metrics.png"
  }
}