{"val_precision":0.49477351916376305,"val_accuracy":0.49477351916376305,"epoch":69,"val_f1":0.662004662004662,"train_f1":0.6778290993071594,"val_loss":0.6937009380669544,"_timestamp":1.7487663539331748e+09,"_wandb":{"runtime":43},"val_recall":1,"_runtime":43.490088281,"current_lr":1.2237873662995164e-05,"_step":69,"train_accuracy":0.5126637554585153,"train_precision":0.5126637554585153,"train_loss":0.6928280197897332,"train_recall":1}