{"train_loss":0.6527146187447409,"current_lr":1.6609074000820773e-06,"test_precision":0.696969696969697,"_step":99,"train_accuracy":0.6412213740458015,"test_recall":1,"test_f1":0.8214285714285714,"train_f1":0.7813953488372093,"_timestamp":1.7552844954449685e+09,"train_precision":0.6412213740458015,"_wandb":{"runtime":5},"test_loss":0.6200883921348688,"epoch":99,"test_accuracy":0.696969696969697,"train_recall":1,"_runtime":5.622519732}