{"train_recall":1,"_runtime":7.844231134,"_step":99,"train_f1":0.7813953488372093,"train_accuracy":0.6412213740458015,"current_lr":8.645496581174616e-07,"test_loss":0.6205366226759824,"epoch":99,"test_precision":0.696969696969697,"_timestamp":1.7552863856552868e+09,"train_loss":0.6527135918158611,"test_accuracy":0.696969696969697,"train_precision":0.6412213740458015,"test_recall":1,"test_f1":0.8214285714285714,"_wandb":{"runtime":7}}