{"train_recall":0.9901077548136372,"train_accuracy":0.9927712567993129,"test_accuracy":0.5131578947368421,"train_loss":0.019729894848266868,"epoch":99,"train_f1":0.991070639200778,"_timestamp":1.7553353190167248e+09,"_runtime":1179.506264496,"test_loss":42.08238334823073,"test_recall":0.25239234449760767,"current_lr":2.948278126951464e-08,"test_f1":0.3519599666388657,"_wandb":{"runtime":1179},"_step":99,"test_precision":0.581267217630854,"train_precision":0.9920353982300885}