{"val_accuracy":0.6363636363636364,"train_precision":0.9512195121951219,"train_accuracy":0.9236641221374046,"val_precision":0.7037037037037037,"train_recall":0.9285714285714286,"_runtime":7.774579363,"val_recall":0.8260869565217391,"_step":99,"epoch":99,"_wandb":{"runtime":7},"_timestamp":1.7520711662427835e+09,"train_loss":0.24662395310765914,"val_loss":0.9387244448122202,"val_f1":0.76,"current_lr":9.0211663331806e-08,"train_f1":0.9397590361445783}