{"train_f1":0.8617021276595744,"val_recall":0.8260869565217391,"train_accuracy":0.8015267175572519,"train_loss":0.45703308477656535,"_runtime":7.781875878,"val_accuracy":0.6363636363636364,"train_recall":0.9642857142857143,"_timestamp":1.7520694368790553e+09,"_wandb":{"runtime":7},"current_lr":2.362944769833782e-06,"val_loss":0.6042021242055026,"train_precision":0.7788461538461539,"val_f1":0.76,"val_precision":0.7037037037037037,"_step":99,"epoch":99}