{"_wandb":{"runtime":808},"train_recall":0.9892344497607656,"current_lr":5.695480234123283e-08,"epoch":99,"train_f1":0.9833531510107015,"test_recall":0.6991697579932874,"test_precision":0.5853297840875481,"train_precision":0.9775413711583925,"test_f1":0.6372051839330275,"train_accuracy":0.9824561403508771,"test_loss":3.2931494069346376,"_step":99,"_timestamp":1.755312180999126e+09,"test_accuracy":0.677426281133696,"_runtime":808.0165099,"train_loss":0.0499485159306822}