{"epoch":99,"test_pr_auc":0.7514953665845733,"train_loss":0.07857331924322175,"test_recall":0.7023319615912208,"test_loss":1.72787986479325,"train_precision":0.9722222222222222,"test_roc_auc":0.7380918930626532,"test_accuracy":0.6641061452513967,"train_roc_auc":0.9959009673717002,"train_accuracy":0.9695121951219512,"train_pr_auc":0.9980168604191149,"_wandb":{"runtime":24},"_timestamp":1.757514400518714e+09,"test_precision":0.6597938144329897,"_runtime":24.185101852,"train_recall":0.9813084112149533,"_step":99}