{"train_recall":0.8928571428571429,"_runtime":16.060793105,"current_lr":6.932463073095399e-08,"train_f1":0.9090909090909091,"val_recall":0.6956521739130435,"_wandb":{"runtime":16},"train_precision":0.9259259259259259,"val_loss":1.4770592523343462,"train_loss":0.23229669387103946,"_step":99,"val_precision":0.7272727272727273,"train_accuracy":0.8854961832061069,"val_f1":0.7111111111111111,"epoch":99,"_timestamp":1.7520713819469826e+09,"val_accuracy":0.6060606060606061}