{"train_loss":0.24328305424561147,"_runtime":38.323968675,"_timestamp":1.7522379531711442e+09,"val_loss":0.6244350165024867,"train_recall":0.9267461669505963,"val_accuracy":0.7526132404181185,"current_lr":5.386188030625822e-07,"train_precision":0.8859934853420195,"_step":99,"train_f1":0.9059117402164862,"train_accuracy":0.9013100436681223,"val_precision":0.738255033557047,"epoch":99,"_wandb":{"runtime":38},"val_f1":0.7560137457044673,"val_recall":0.7746478873239436}