{"_timestamp":1.7520696114989479e+09,"train_precision":0.6412213740458015,"train_f1":0.7813953488372093,"train_loss":0.6528266645569838,"val_f1":0.8214285714285714,"_wandb":{"runtime":9},"val_recall":1,"train_recall":1,"_step":99,"val_accuracy":0.696969696969697,"epoch":99,"train_accuracy":0.6412213740458015,"val_precision":0.696969696969697,"val_loss":0.6222115980856346,"current_lr":2.493602369864941e-06,"_runtime":9.233273074}