{"train_accuracy":0.9695121951219512,"train_roc_auc":0.9952451221511722,"test_pr_auc":0.7426768701271939,"_timestamp":1.7575220897948475e+09,"train_recall":0.9719626168224299,"test_recall":0.7503429355281207,"_runtime":42.081593552,"test_accuracy":0.6571229050279329,"test_roc_auc":0.7359981814172847,"test_loss":1.7048634548759993,"_wandb":{"runtime":42},"train_precision":0.9811320754716981,"epoch":99,"train_pr_auc":0.9975435497173328,"test_precision":0.639018691588785,"train_loss":0.08922698112522684,"_step":99}