{"test_loss":0.6156815136923934,"test_recall":1,"current_lr":2.488804752551172e-06,"test_precision":0.696969696969697,"_timestamp":1.7552851849986017e+09,"_runtime":6.011962947,"train_recall":1,"_wandb":{"runtime":6},"_step":99,"train_loss":0.6540140991902533,"test_f1":0.8214285714285714,"test_accuracy":0.696969696969697,"train_f1":0.7813953488372093,"epoch":99,"train_precision":0.6412213740458015,"train_accuracy":0.6412213740458015}