{"_runtime":39.562824005,"test_precision":0.6153144940747494,"test_recall":0.9259259259259259,"train_recall":0.9532710280373832,"test_loss":0.9424368660876205,"_timestamp":1.7552530464148846e+09,"train_loss":0.44359853791027537,"test_accuracy":0.6675977653631285,"current_lr":1.5337471061213424e-07,"test_f1":0.7393209200438116,"train_precision":0.7611940298507462,"_wandb":{"runtime":39},"train_f1":0.8464730290456431,"epoch":99,"_step":99,"train_accuracy":0.774390243902439}