{"_runtime":165.639089967,"train_precision":0.9122182680901542,"test_f1":0.5745812807881774,"current_lr":7.059627520729356e-08,"train_accuracy":0.9116541353383458,"train_loss":0.18811279191707908,"train_f1":0.9160214413341274,"_timestamp":1.75530227555057e+09,"test_loss":1.6365007263797167,"train_recall":0.9198564593301436,"_wandb":{"runtime":165},"test_recall":0.5151033386327504,"test_precision":0.649587881488082,"epoch":99,"test_accuracy":0.6909533352419124,"_step":99}