{"train_loss":0.3326916519731413,"_wandb":{"runtime":16},"_timestamp":1.7567160290197e+09,"epoch":49,"test_precision":0.7116564417177914,"train_accuracy":0.8165938864628821,"test_recall":0.8169014084507042,"train_roc_auc":0.9292435261001507,"_step":49,"_runtime":16.702433645,"test_accuracy":0.7456445993031359,"train_precision":0.7704447632711621,"train_recall":0.9148211243611585,"test_roc_auc":0.8479358912093249,"test_loss":0.5123777148615608}