{"train_f1":0.8758092995879929,"train_loss":0.28465712242257923,"test_f1":0.6516147071158954,"_step":99,"train_recall":0.8899521531100478,"train_accuracy":0.8677944862155389,"_wandb":{"runtime":329},"test_loss":0.9880195035378673,"train_precision":0.8621089223638471,"_runtime":329.478469306,"_timestamp":1.7552986114522374e+09,"current_lr":5.0680856913126706e-08,"epoch":99,"test_accuracy":0.6432865731462926,"test_recall":0.8233527645292351,"test_precision":0.5391555812608444}