{"current_lr":1.298020330414554e-07,"train_accuracy":0.9207317073170732,"_step":99,"train_f1":0.9400921658986175,"test_loss":1.2031584157811364,"test_accuracy":0.6871508379888268,"_wandb":{"runtime":49},"_runtime":49.476866193,"test_f1":0.7040951122853368,"epoch":99,"_timestamp":1.7552536070472128e+09,"train_recall":0.9532710280373832,"train_loss":0.18183238186487338,"train_precision":0.9272727272727272,"test_recall":0.7311385459533608,"test_precision":0.6789808917197452}