{"train_accuracy":0.8375545851528384,"train_recall":0.889267461669506,"_runtime":55.050281196,"_step":69,"train_loss":0.3484098484943007,"val_recall":0.8591549295774648,"_timestamp":1.7489584030831132e+09,"val_f1":0.8243243243243243,"val_accuracy":0.818815331010453,"val_precision":0.7922077922077922,"train_precision":0.8118195956454122,"epoch":69,"current_lr":1.2237873662995165e-07,"val_loss":0.39065140174241014,"train_f1":0.848780487804878,"_wandb":{"runtime":55}}