{"val_precision":0.696969696969697,"val_loss":0.6208551634441722,"val_recall":1,"_runtime":7.406888221,"_step":99,"current_lr":2.2257268843862003e-06,"val_f1":0.8214285714285714,"epoch":99,"train_recall":1,"val_accuracy":0.696969696969697,"train_accuracy":0.6412213740458015,"train_loss":0.6527216614202689,"_wandb":{"runtime":7},"train_precision":0.6412213740458015,"_timestamp":1.7520692786037517e+09,"train_f1":0.7813953488372093}