{"train_recall":1,"test_loss":0.5631019053698489,"_timestamp":1.7552896448103738e+09,"test_recall":1,"_step":99,"train_accuracy":0.6412213740458015,"current_lr":1.0825399599816722e-06,"test_f1":0.8214285714285714,"train_f1":0.7813953488372093,"test_accuracy":0.696969696969697,"_runtime":6.669889335,"test_precision":0.696969696969697,"epoch":99,"train_precision":0.6412213740458015,"train_loss":0.611255407333374,"_wandb":{"runtime":6}}