{"_timestamp":1.7520721742235742e+09,"_runtime":10.498398572,"train_precision":0.8369565217391305,"_step":99,"val_precision":0.68,"val_f1":0.7083333333333334,"train_loss":0.3693525935629852,"train_recall":0.9166666666666666,"epoch":99,"train_f1":0.875,"val_loss":0.7797762194055725,"train_accuracy":0.8320610687022901,"current_lr":1.80423326663612e-08,"val_accuracy":0.5757575757575758,"_wandb":{"runtime":10},"val_recall":0.7391304347826086}