{"train_precision":0.9058823529411765,"_timestamp":1.7551736644065523e+09,"test_f1":0.8333333333333334,"_wandb":{"runtime":9},"train_recall":0.9166666666666666,"current_lr":3.6338652708842626e-08,"test_recall":0.8695652173913043,"test_loss":0.5217415415567247,"_step":99,"train_accuracy":0.8854961832061069,"test_accuracy":0.7575757575757576,"train_f1":0.9112426035502958,"test_precision":0.8,"epoch":99,"_runtime":9.806110938,"train_loss":0.3009072296492016}