{"epoch":99,"train_precision":0.9831932773109243,"test_loss":4.336029723565786,"_timestamp":1.755312957482463e+09,"_wandb":{"runtime":769},"train_loss":0.05164200923683351,"current_lr":4.496219757737672e-08,"test_accuracy":0.6501574577726882,"train_recall":0.9796650717703349,"train_f1":0.981426003594967,"train_accuracy":0.9805764411027569,"_runtime":769.45549139,"_step":99,"test_recall":0.7500441618088677,"test_f1":0.634678624813154,"test_precision":0.5500712527529473}