{"train_accuracy":0.8270676691729323,"test_precision":0.621446775142129,"epoch":99,"test_f1":0.5891098308864523,"train_loss":0.3470565076161148,"current_lr":6.308936667248705e-08,"test_recall":0.5599717364423247,"train_f1":0.8387850467289719,"train_precision":0.819634703196347,"test_accuracy":0.6835098768966504,"train_recall":0.8588516746411483,"test_loss":1.1196669187630761,"_timestamp":1.7553185916001408e+09,"_wandb":{"runtime":1561},"_runtime":1561.797061114,"_step":99}