{"val_accuracy":0.696969696969697,"_runtime":6.735041647,"val_precision":0.696969696969697,"train_loss":0.6529031637060734,"val_f1":0.8214285714285714,"val_recall":1,"_timestamp":1.7520696663137503e+09,"train_precision":0.6412213740458015,"train_accuracy":0.6412213740458015,"val_loss":0.618256308815696,"current_lr":2.5358091302058864e-06,"train_recall":1,"_step":99,"train_f1":0.7813953488372093,"_wandb":{"runtime":6},"epoch":99}