{"_wandb":{"runtime":48},"train_roc_auc":0.9614649545407362,"train_loss":0.2452479995494326,"test_pr_auc":0.8772315664341944,"test_recall":0.7253521126760564,"test_precision":0.7984496124031008,"epoch":99,"train_recall":0.8841567291311755,"train_precision":0.8886986301369864,"train_accuracy":0.8838427947598253,"test_loss":0.5675608330902737,"_timestamp":1.7569783730902526e+09,"test_accuracy":0.7735191637630662,"_step":99,"train_pr_auc":0.9649900510911951,"test_roc_auc":0.8746964545896067,"_runtime":48.493028015}