{"train_accuracy":0.9541984732824428,"train_loss":0.14201376608835944,"val_accuracy":0.6363636363636364,"val_loss":0.9697447511734385,"val_recall":0.782608695652174,"_wandb":{"runtime":10},"train_recall":0.9761904761904762,"_timestamp":1.7520742879946547e+09,"epoch":99,"current_lr":9.0211663331806e-08,"_step":99,"train_precision":0.9534883720930233,"_runtime":10.677052232,"train_f1":0.9647058823529412,"val_f1":0.75,"val_precision":0.72}