{
  "loop": 9,
  "timestamp": "20251102-091402",
  "n_calls": 20,
  "n_splits": 5,
  "n_workers": 4,
  "random_state": 42,
  "feature_count": 10,
  "best_params": {
    "n_estimators": 631,
    "max_depth": 11,
    "learning_rate": 0.011243259410910733,
    "subsample": 0.9969408231010076,
    "colsample_bytree": 0.9764637801876299,
    "reg_alpha": 4.475041089448623,
    "reg_lambda": 0.3421641513270624
  },
  "best_cv_score": 0.8555552693059836,
  "cv_auc_mean": 0.8555552693059836,
  "cv_auc_std": 0.005135277928797838,
  "paths": {
    "run_dir": "/home/ec2-user/ML-correlator/bayes_results/loop9_20251102-091402",
    "history_csv": "/home/ec2-user/ML-correlator/bayes_results/loop9_20251102-091402/history.csv",
    "thresholds_csv": "/home/ec2-user/ML-correlator/bayes_results/loop9_20251102-091402/thresholds.csv",
    "plot_png": "/home/ec2-user/ML-correlator/bayes_results/loop9_20251102-091402/metrics.png"
  }
}