{"val_recall":0.823943661971831,"epoch":69,"train_loss":0.31761658998556014,"train_f1":0.8602329450915142,"val_loss":0.4464978948495114,"_step":69,"_wandb":{"runtime":25},"train_precision":0.8406504065040651,"val_accuracy":0.818815331010453,"val_f1":0.8181818181818182,"current_lr":0.0001,"_timestamp":1.7488541866667407e+09,"train_recall":0.8807495741056218,"_runtime":25.40890503,"val_precision":0.8125,"train_accuracy":0.8532751091703057}