{
  "loop": 9,
  "timestamp": "20251101-164723",
  "n_calls": 20,
  "n_splits": 5,
  "n_workers": 4,
  "random_state": 42,
  "feature_count": 241,
  "best_params": {
    "n_estimators": 910,
    "max_depth": 11,
    "learning_rate": 0.1909343367160584,
    "subsample": 0.9514758708982082,
    "colsample_bytree": 0.9340228701865337,
    "reg_alpha": 0.0,
    "reg_lambda": 3.208771538037966
  },
  "best_cv_score": 0.9429042822343445,
  "cv_auc_mean": 0.9429042822343445,
  "cv_auc_std": 0.0019120853889922848,
  "paths": {
    "run_dir": "/home/ec2-user/ML-correlator/bayes_results/loop9_20251101-164723",
    "history_csv": "/home/ec2-user/ML-correlator/bayes_results/loop9_20251101-164723/history.csv",
    "thresholds_csv": "/home/ec2-user/ML-correlator/bayes_results/loop9_20251101-164723/thresholds.csv",
    "plot_png": "/home/ec2-user/ML-correlator/bayes_results/loop9_20251101-164723/metrics.png"
  }
}