{"train_precision":0.8940677966101694,"_wandb":{"runtime":40},"val_precision":0.7542372881355932,"train_accuracy":0.8122270742358079,"train_recall":0.7189097103918228,"_step":99,"val_f1":0.6846153846153846,"train_loss":0.410939764924445,"epoch":99,"val_loss":0.6208140980906602,"train_f1":0.7969782813975449,"current_lr":7.856390868117442e-07,"_timestamp":1.752241748934707e+09,"val_accuracy":0.7142857142857143,"val_recall":0.6267605633802817,"_runtime":40.400945619}