{"train_precision":0.8270799347471451,"_step":199,"current_lr":1.2029139530478311e-08,"val_recall":0.7464788732394366,"val_f1":0.7235494880546075,"_timestamp":1.752065802828507e+09,"train_f1":0.845,"_wandb":{"runtime":53},"val_loss":0.5516668331747686,"val_precision":0.7019867549668874,"train_loss":0.38798025895934957,"epoch":199,"train_accuracy":0.8375545851528384,"_runtime":53.725010507,"train_recall":0.8637137989778535,"val_accuracy":0.7177700348432056}