{"_timestamp":1.7484567053573525e+09,"train/train_loss":0.2976866662502289,"train/epoch":2,"_runtime":4.033087125,"train/example_ct":16000,"val/val_loss":0.3090206980705261,"_step":127,"_wandb":{"runtime":4},"val/val_accuracy":0.951}