{"train_precision":0.7530224525043178,"_timestamp":1.7552825237831552e+09,"test_recall":0.6197183098591549,"test_precision":0.7457627118644068,"_runtime":21.383816082,"train_accuracy":0.743231441048035,"epoch":99,"current_lr":1.2466232261159896e-07,"train_f1":0.7478559176672385,"_step":99,"train_recall":0.7427597955706985,"train_loss":0.5198879982186196,"test_accuracy":0.7073170731707317,"_wandb":{"runtime":21},"test_loss":0.5427594348944023,"test_f1":0.676923076923077}