{"test_accuracy":0.7878787878787878,"test_recall":0.9565217391304348,"_timestamp":1.7552513906279938e+09,"epoch":99,"train_precision":0.8461538461538461,"current_lr":9.0211663331806e-08,"_step":99,"test_f1":0.8627450980392157,"train_accuracy":0.8396946564885496,"test_loss":0.54359096243526,"train_f1":0.88,"train_recall":0.9166666666666666,"train_loss":0.3661563378253966,"test_precision":0.7857142857142857,"_runtime":10.61528603,"_wandb":{"runtime":10}}