{"_step":99,"train_recall":0.8571428571428571,"current_lr":6.932463073095399e-09,"val_loss":0.5899727199452393,"train_f1":0.8135593220338984,"_runtime":16.188854036,"val_recall":0.8695652173913043,"val_accuracy":0.6666666666666666,"_timestamp":1.752072568894228e+09,"train_precision":0.7741935483870968,"train_accuracy":0.7480916030534351,"epoch":99,"train_loss":0.5276829491134818,"_wandb":{"runtime":16},"val_f1":0.7843137254901961,"val_precision":0.7142857142857143}