{"val_accuracy":0.696969696969697,"current_lr":1.3066520127201344e-06,"train_loss":0.6527750785569199,"train_f1":0.7813953488372093,"val_f1":0.8214285714285714,"train_precision":0.6412213740458015,"train_recall":1,"_timestamp":1.7520686820291994e+09,"_wandb":{"runtime":14},"val_recall":1,"train_accuracy":0.6412213740458015,"_runtime":14.942810852000001,"val_precision":0.696969696969697,"_step":99,"epoch":99,"val_loss":0.6191000035314849}