{"_wandb":{"runtime":6},"train_loss":0.653455023092168,"test_accuracy":0.696969696969697,"_step":99,"current_lr":1.6807515007358411e-06,"train_accuracy":0.6412213740458015,"test_precision":0.696969696969697,"train_recall":1,"test_recall":1,"test_f1":0.8214285714285714,"train_precision":0.6412213740458015,"epoch":99,"_runtime":6.013161826,"train_f1":0.7813953488372093,"_timestamp":1.7552857781131122e+09,"test_loss":0.6165868739287058}