{"test_precision":0.6352941176470588,"train_recall":0.7717206132879046,"test_recall":0.7605633802816901,"test_accuracy":0.6655052264808362,"_runtime":50.38235622,"test_f1":0.6923076923076923,"_step":99,"_timestamp":1.7552600446182415e+09,"train_precision":0.7600671140939598,"train_accuracy":0.7580786026200873,"current_lr":1.0632647911776418e-07,"train_loss":0.48581858555822915,"epoch":99,"_wandb":{"runtime":50},"train_f1":0.7658495350803043,"test_loss":0.6856716175527938}