{"test_recall":1,"current_lr":5.765106387795232e-07,"train_f1":0.7813953488372093,"train_accuracy":0.6412213740458015,"train_loss":0.6527845693453578,"test_accuracy":0.696969696969697,"_step":99,"test_loss":0.6218099332217014,"train_recall":1,"train_precision":0.6412213740458015,"test_f1":0.8214285714285714,"epoch":99,"_wandb":{"runtime":9},"_runtime":9.434806963,"test_precision":0.696969696969697,"_timestamp":1.755286423952968e+09}