{"val_precision":0.68,"_wandb":{"runtime":7},"current_lr":1.1344476803634003e-06,"val_accuracy":0.5757575757575758,"train_f1":0.9081081081081082,"train_recall":1,"train_loss":0.36464442551591014,"train_accuracy":0.8702290076335878,"epoch":99,"_runtime":7.241905182,"train_precision":0.8316831683168316,"val_loss":0.7933474666241443,"_timestamp":1.752069262522607e+09,"val_f1":0.7083333333333334,"_step":99,"val_recall":0.7391304347826086}