{"_wandb":{"runtime":316},"_timestamp":1.7553170221736908e+09,"train_f1":0.9592326139088729,"test_loss":2.876071025856577,"train_loss":0.10100591147229784,"current_lr":2.190980651626381e-08,"_step":99,"train_accuracy":0.9573934837092731,"train_precision":0.9615384615384616,"epoch":99,"test_recall":0.7917329093799682,"_runtime":316.266736445,"test_f1":0.6514061478090255,"test_accuracy":0.6566704838247924,"test_precision":0.5533333333333333,"train_recall":0.9569377990430622}