{"epoch":99,"_timestamp":1.7552873967710392e+09,"_step":99,"train_loss":0.6527632888946825,"_runtime":20.331093772,"train_accuracy":0.6412213740458015,"current_lr":7.715160322976218e-07,"train_recall":1,"test_precision":0.696969696969697,"test_recall":1,"train_f1":0.7813953488372093,"_wandb":{"runtime":20},"test_accuracy":0.696969696969697,"test_loss":0.6215652868603215,"train_precision":0.6412213740458015,"test_f1":0.8214285714285714}