{"current_lr":8.481774039722345e-07,"_wandb":{"runtime":6},"test_accuracy":0.696969696969697,"train_f1":0.7813953488372093,"test_loss":0.6190992286711028,"_runtime":6.15288957,"_step":99,"test_precision":0.696969696969697,"train_recall":1,"test_f1":0.8214285714285714,"epoch":99,"train_precision":0.6412213740458015,"_timestamp":1.7552849860707555e+09,"train_accuracy":0.6412213740458015,"test_recall":1,"train_loss":0.6527750469346083}