{"epoch":99,"train_f1":0.7813953488372093,"train_recall":1,"train_loss":0.6527546892184337,"test_loss":0.6193114573305304,"train_accuracy":0.6412213740458015,"train_precision":0.6412213740458015,"current_lr":7.779373088267899e-07,"test_recall":1,"test_accuracy":0.696969696969697,"_timestamp":1.755287176010192e+09,"_wandb":{"runtime":26},"test_precision":0.696969696969697,"_step":99,"_runtime":26.285691469,"test_f1":0.8214285714285714}