{"val_recall":0.782608695652174,"_runtime":15.252933797,"train_accuracy":0.9923664122137404,"val_accuracy":0.6666666666666666,"train_recall":0.9880952380952381,"_timestamp":1.7520746204204173e+09,"val_loss":2.6517638914096593,"current_lr":6.932463073095399e-08,"epoch":99,"val_precision":0.75,"train_precision":1,"_step":99,"train_loss":0.03249990323003922,"train_f1":0.9940119760479041,"_wandb":{"runtime":15},"val_f1":0.7659574468085106}