{"train_f1":0.8926050935869899,"_step":99,"val_f1":0.7547154228136647,"val_recall":0.7130288902327214,"_wandb":{"runtime":5361},"epoch":99,"_runtime":5361.625938535,"val_accuracy":0.8449677655104012,"train_accuracy":0.9100719424460432,"train_loss":0.20869806202134272,"current_lr":1.2000636926962696e-07,"train_precision":0.889738492124178,"val_loss":0.3803904566056244,"val_precision":0.8015789473684211,"_timestamp":1.7546531791116796e+09,"train_recall":0.895490226258273}