{"train_loss":0.15743672051052054,"epoch":99,"train_pr_auc":0.9929929809728535,"test_accuracy":0.6670135275754423,"_step":99,"_runtime":22.66086263,"train_precision":0.9629629629629629,"_wandb":{"runtime":22},"test_recall":0.7392055267702936,"test_precision":0.7169179229480737,"test_loss":1.060834446136959,"train_recall":0.9420289855072463,"test_pr_auc":0.8161280127144065,"_timestamp":1.7576695405283034e+09,"test_roc_auc":0.7379599236813787,"train_roc_auc":0.9838088768115942,"train_accuracy":0.9356435643564357}