{"train_loss":0.4158852150867079,"_wandb":{"runtime":42},"epoch":99,"_step":99,"test_precision":0.6010928961748634,"_timestamp":1.755259863959023e+09,"_runtime":42.063241095,"test_loss":0.7245305176395987,"train_precision":0.8167259786476868,"current_lr":1.0623226617693906e-07,"train_accuracy":0.7982532751091703,"train_f1":0.7989556135770235,"train_recall":0.7819420783645656,"test_accuracy":0.6341463414634146,"test_f1":0.676923076923077,"test_recall":0.7746478873239436}