{"val_f1":0.8786259541984733,"val_accuracy":0.8978805394990366,"val_recall":0.8699924414210128,"epoch":199,"train_loss":0.18004418703273803,"train_precision":0.9102964118564743,"_runtime":1828.870105907,"_timestamp":1.75464527094958e+09,"train_f1":0.9062317996505533,"current_lr":1.200024828949904e-07,"_step":199,"val_loss":0.23695191855834857,"val_precision":0.887432536622976,"train_recall":0.9022033243138771,"train_accuracy":0.9224345591777742,"_wandb":{"runtime":1828}}