{"_timestamp":1.7520700555880628e+09,"val_loss":0.6180408967263771,"train_precision":0.6412213740458015,"val_recall":1,"train_accuracy":0.6412213740458015,"train_f1":0.7813953488372093,"_runtime":8.607054497,"_wandb":{"runtime":8},"train_loss":0.6529494473952373,"train_recall":1,"_step":99,"val_precision":0.696969696969697,"epoch":99,"val_f1":0.8214285714285714,"current_lr":1.9451523402759726e-06,"val_accuracy":0.696969696969697}