{"val_precision":0.7083333333333334,"train_f1":0.8604651162790697,"val_loss":0.587314314152481,"val_accuracy":0.6060606060606061,"_step":99,"train_precision":0.8409090909090909,"val_f1":0.723404255319149,"train_loss":0.45862390976825745,"_timestamp":1.7520704957023036e+09,"_wandb":{"runtime":8},"epoch":99,"current_lr":6.757270218834422e-07,"train_accuracy":0.816793893129771,"_runtime":8.333281037,"train_recall":0.8809523809523809,"val_recall":0.7391304347826086}