{"train_loss":0.6539064841416046,"train_recall":1,"_step":99,"_timestamp":1.7552853055364413e+09,"test_loss":0.6158269535411488,"train_f1":0.7813953488372093,"test_f1":0.8214285714285714,"train_precision":0.6412213740458015,"test_recall":1,"test_precision":0.696969696969697,"_wandb":{"runtime":6},"train_accuracy":0.6412213740458015,"test_accuracy":0.696969696969697,"epoch":99,"current_lr":2.3280950656916367e-06,"_runtime":6.026603988}