{"train_loss":0.1277127496086725,"test_loss":1.0443627998781724,"train_precision":0.9777777777777777,"train_recall":0.9565217391304348,"test_pr_auc":0.7647075721390768,"epoch":99,"test_roc_auc":0.7011609812326645,"train_accuracy":0.9554455445544554,"_runtime":87.972663387,"test_recall":0.6808695652173913,"test_precision":0.7058293269230769,"test_accuracy":0.645293315143247,"train_roc_auc":0.9883378623188406,"_step":99,"_wandb":{"runtime":87},"train_pr_auc":0.9937324448187581,"_timestamp":1.757671344844232e+09}