{"val_recall":0.6901408450704225,"_runtime":37.733889416,"val_loss":0.8702705438128747,"_timestamp":1.7522412277089725e+09,"train_precision":0.9151414309484193,"val_f1":0.7050359712230215,"train_accuracy":0.9231441048034934,"_wandb":{"runtime":37},"train_recall":0.9369676320272572,"train_f1":0.9259259259259259,"val_precision":0.7205882352941176,"val_accuracy":0.7142857142857143,"train_loss":0.18619769841562714,"epoch":99,"_step":99,"current_lr":6.709978077327324e-07}