{
  "loop": 6,
  "timestamp": "20251101-223113",
  "n_calls": 20,
  "n_splits": 5,
  "n_workers": 4,
  "random_state": 42,
  "feature_count": 96,
  "best_params": {
    "n_estimators": 50,
    "max_depth": 6,
    "learning_rate": 0.3,
    "subsample": 0.9331426313289677,
    "colsample_bytree": 0.6,
    "reg_alpha": 0.3017212435642134,
    "reg_lambda": 5.804221937634205
  },
  "best_cv_score": 0.8400000000000001,
  "cv_auc_mean": 0.8400000000000001,
  "cv_auc_std": 0.1854723699099141,
  "paths": {
    "run_dir": "/home/ec2-user/ML-correlator/bayes_results/loop6_20251101-223113",
    "history_csv": "/home/ec2-user/ML-correlator/bayes_results/loop6_20251101-223113/history.csv",
    "thresholds_csv": "/home/ec2-user/ML-correlator/bayes_results/loop6_20251101-223113/thresholds.csv",
    "plot_png": "/home/ec2-user/ML-correlator/bayes_results/loop6_20251101-223113/metrics.png"
  }
}