{"train_loss":0.2631871266497506,"train_accuracy":0.8931564245810056,"_timestamp":1.7486198457399964e+09,"_runtime":26.408571678,"_step":69,"epoch":69,"_wandb":{"runtime":26}}