{"epoch":99,"train_loss":0.10678543681555455,"train_accuracy":0.9504950495049505,"train_pr_auc":0.9980709493929164,"test_loss":1.3999913108415445,"_step":99,"test_pr_auc":0.7052184388225949,"_wandb":{"runtime":46},"train_precision":0.9507042253521126,"train_recall":0.9782608695652174,"_timestamp":1.757668181470814e+09,"train_roc_auc":0.9955842391304348,"test_precision":0.5796316359696642,"test_recall":0.7338820301783264,"test_accuracy":0.5935754189944135,"_runtime":46.762668805,"test_roc_auc":0.6714121528936344}