{"test_loss":0.5377265008335764,"test_accuracy":0.7878787878787878,"test_precision":0.8076923076923077,"_runtime":12.93933093,"train_f1":0.8795180722891566,"train_recall":0.8690476190476191,"current_lr":1.0447676556701731e-07,"train_accuracy":0.8473282442748091,"_wandb":{"runtime":12},"_timestamp":1.7551738631540942e+09,"test_f1":0.8571428571428571,"epoch":99,"_step":99,"test_recall":0.9130434782608695,"train_loss":0.31259682933792815,"train_precision":0.8902439024390244}