{"_runtime":6.114580674,"train_precision":0.6412213740458015,"current_lr":1.3938078885087588e-06,"train_loss":0.6527264987239401,"test_recall":1,"_step":99,"train_recall":1,"test_accuracy":0.696969696969697,"_wandb":{"runtime":6},"train_accuracy":0.6412213740458015,"train_f1":0.7813953488372093,"test_precision":0.696969696969697,"epoch":99,"_timestamp":1.7552847168170302e+09,"test_loss":0.6197326887737621,"test_f1":0.8214285714285714}