{"epoch":99,"test_f1":0.664576802507837,"_step":99,"train_accuracy":0.7475982532751092,"_wandb":{"runtime":46},"test_loss":0.6800889906567563,"test_precision":0.5988700564971752,"test_recall":0.7464788732394366,"train_loss":0.5092004516239249,"_runtime":46.886225438,"train_precision":0.72782874617737,"train_f1":0.7671232876712328,"test_accuracy":0.627177700348432,"current_lr":8.768524096891717e-08,"train_recall":0.8109028960817717,"_timestamp":1.7552599853394158e+09}