{"_runtime":28.190947125,"epoch":99,"train_accuracy":0.8475609756097561,"train_f1":0.8908296943231441,"train_recall":0.9532710280373832,"train_loss":0.34156652521796343,"test_loss":0.655189693140584,"test_recall":0.8326474622770919,"_timestamp":1.755251881597691e+09,"train_precision":0.8360655737704918,"test_precision":0.6562162162162162,"_wandb":{"runtime":28},"current_lr":1.2147054719922187e-07,"test_accuracy":0.6927374301675978,"_step":99,"test_f1":0.7339782345828295}