{"_timestamp":1.7552885396118543e+09,"_wandb":{"runtime":12},"test_f1":0.8214285714285714,"epoch":99,"test_accuracy":0.696969696969697,"_step":99,"train_accuracy":0.6412213740458015,"current_lr":8.100450859428062e-07,"_runtime":12.380450696,"train_loss":0.652770689880575,"test_recall":1,"test_loss":0.6216545050794428,"train_f1":0.7813953488372093,"test_precision":0.696969696969697,"train_recall":1,"train_precision":0.6412213740458015}