{"current_lr":2.1293300405394085e-08,"epoch":199,"train_recall":0.9210404802216408,"train_accuracy":0.924910071942446,"_runtime":2990.218013778,"test_recall":0.7317168328033865,"_timestamp":1.7553672856474595e+09,"train_precision":0.9012048192771084,"train_f1":0.9110146913298318,"test_precision":0.77279657175821,"_wandb":{"runtime":2990},"_step":199,"test_accuracy":0.838299010779631,"test_loss":0.465121342279328,"test_f1":0.7516958747908338,"train_loss":0.17067033426122086}