{"_runtime":22.346208572,"_wandb":{"runtime":22},"_timestamp":1.7552820698515377e+09,"train_recall":0.7410562180579217,"test_accuracy":0.6898954703832753,"current_lr":1.0396539181574001e-07,"epoch":99,"test_precision":0.712,"train_loss":0.5308305863209687,"test_f1":0.6666666666666666,"test_loss":0.5689533070404771,"test_recall":0.6267605633802817,"_step":99,"train_precision":0.7565217391304347,"train_accuracy":0.7449781659388647,"train_f1":0.7487091222030982}