{"_step":99,"train_recall":1,"current_lr":6.735200523801999e-07,"test_f1":0.8214285714285714,"train_precision":0.6412213740458015,"test_loss":0.6194819997657429,"train_loss":0.6527413079756816,"_wandb":{"runtime":9},"train_f1":0.7813953488372093,"_timestamp":1.755287872488116e+09,"_runtime":9.233662323,"test_precision":0.696969696969697,"test_recall":1,"train_accuracy":0.6412213740458015,"test_accuracy":0.696969696969697,"epoch":99}