{"train_loss":0.05720814284604189,"train_accuracy":0.977292576419214,"_timestamp":1.7522413615156803e+09,"val_loss":1.3084554065810678,"val_recall":0.7676056338028169,"train_precision":0.9794871794871794,"val_accuracy":0.7177700348432056,"_wandb":{"runtime":51},"_runtime":51.437252048,"current_lr":2.9092647785573177e-07,"train_recall":0.9761499148211243,"val_precision":0.6942675159235668,"epoch":99,"val_f1":0.7290969899665551,"train_f1":0.9778156996587031,"_step":99}