{"test_recall":0.314785373608903,"test_precision":0.7324290998766955,"train_f1":0.8563185227928448,"_runtime":236.503190036,"_step":99,"test_loss":1.219532413939578,"current_lr":1.1238799567460342e-07,"epoch":99,"test_f1":0.44032616753150483,"test_accuracy":0.6757801316919554,"_timestamp":1.7552969156410313e+09,"train_recall":0.8875598086124402,"_wandb":{"runtime":236},"train_accuracy":0.8439849624060151,"train_loss":0.32821668494016604,"train_precision":0.8272017837235228}