{"train_roc_auc":0.9690287776373396,"train_pr_auc":0.9709463180600129,"test_recall":0.7323943661971831,"test_loss":0.4041857696576401,"_wandb":{"runtime":55},"test_roc_auc":0.9286061194754736,"train_precision":0.8993399339933993,"train_loss":0.2252002475954039,"test_accuracy":0.818815331010453,"epoch":99,"_timestamp":1.7575124565387018e+09,"train_accuracy":0.9100436681222708,"_step":99,"test_pr_auc":0.9219704749080863,"test_precision":0.8813559322033898,"_runtime":55.204351998,"train_recall":0.9284497444633731}