{"epoch":99,"test_loss":2.1139906504734842,"train_precision":0.975,"train_loss":0.05662191991593903,"test_accuracy":0.6591754938448325,"train_f1":0.977326968973747,"train_accuracy":0.9761904761904762,"test_precision":0.5605224182038508,"_wandb":{"runtime":1636},"test_recall":0.7353824412647942,"_step":99,"_timestamp":1.75530414564966e+09,"_runtime":1636.77836182,"train_recall":0.9796650717703349,"test_f1":0.6361552567237164,"current_lr":9.232423057212702e-08}