{"_runtime":28.354022056,"test_pr_auc":0.751500724360871,"_step":99,"test_loss":1.480200691263103,"train_loss":0.17636122606017374,"_timestamp":1.7576047682440305e+09,"test_accuracy":0.6564245810055865,"train_precision":0.9502487562189055,"test_roc_auc":0.740864646322736,"train_accuracy":0.9418181818181818,"epoch":99,"train_pr_auc":0.9916842907331016,"train_recall":0.9695431472081218,"train_roc_auc":0.9780684628400365,"test_precision":0.6215384615384615,"test_recall":0.831275720164609,"_wandb":{"runtime":28}}