{
  "n_estimators": 828,
  "max_depth": 11,
  "learning_rate": 0.0366444414459401,
  "subsample": 0.6395466251256989,
  "colsample_bytree": 0.696093177467166,
  "reg_alpha": 0.05083319070551315,
  "reg_lambda": 0.06972597044694469
}