{"test_precision":0.7407407407407407,"test_loss":0.6571679751981389,"_step":99,"_timestamp":1.7551730180344212e+09,"_wandb":{"runtime":9},"train_loss":0.330587278340609,"train_f1":0.8837209302325582,"test_recall":0.8695652173913043,"train_precision":0.8636363636363636,"train_accuracy":0.8473282442748091,"epoch":99,"test_accuracy":0.696969696969697,"_runtime":9.683939938,"current_lr":1.4282758889495873e-07,"test_f1":0.8,"train_recall":0.9047619047619048}