{"val_precision":0.7253521126760564,"_runtime":26.131467586,"_wandb":{"runtime":26},"train_precision":0.8653198653198653,"train_recall":0.8756388415672913,"val_f1":0.7253521126760564,"train_accuracy":0.8663755458515284,"train_loss":0.3378480612971377,"val_loss":0.5986912545426797,"train_f1":0.8704487722269263,"epoch":99,"val_accuracy":0.7282229965156795,"_step":99,"current_lr":6.058279055286387e-08,"_timestamp":1.7515495700330048e+09,"val_recall":0.7253521126760564}