{"train_accuracy":0.6946564885496184,"train_f1":0.7752808988764045,"val_loss":0.6270698914022157,"val_recall":0.8260869565217391,"train_loss":0.5359932366218275,"_runtime":9.718704202,"_wandb":{"runtime":9},"val_precision":0.7037037037037037,"val_accuracy":0.6363636363636364,"_timestamp":1.7520724470112526e+09,"train_recall":0.8214285714285714,"val_f1":0.76,"_step":99,"train_precision":0.7340425531914894,"current_lr":1.80423326663612e-08,"epoch":99}