{"_timestamp":1.7552888991030254e+09,"train_recall":1,"train_loss":0.6527710538784056,"test_loss":0.621658261978265,"_wandb":{"runtime":24},"test_f1":0.8214285714285714,"test_accuracy":0.696969696969697,"_runtime":24.105670275,"test_recall":1,"train_accuracy":0.6412213740458015,"test_precision":0.696969696969697,"train_f1":0.7813953488372093,"train_precision":0.6412213740458015,"current_lr":4.5064009047752697e-07,"_step":99,"epoch":99}