{"train_f1":0.8994082840236687,"_timestamp":1.7551737721702812e+09,"epoch":99,"test_f1":0.8085106382978723,"_wandb":{"runtime":11},"train_recall":0.9047619047619048,"train_accuracy":0.8702290076335878,"train_precision":0.8941176470588236,"current_lr":7.653615499024573e-08,"_step":99,"_runtime":11.327595839,"test_accuracy":0.7272727272727273,"test_precision":0.7916666666666666,"test_recall":0.8260869565217391,"test_loss":0.4939951534933326,"train_loss":0.26507428265709915}