{"train_accuracy":0.6412213740458015,"train_loss":0.6527752419009464,"val_precision":0.696969696969697,"val_loss":0.6190984736789357,"_step":99,"epoch":99,"val_recall":1,"train_recall":1,"val_accuracy":0.696969696969697,"train_precision":0.6412213740458015,"current_lr":1.3041101187279922e-06,"_runtime":13.48677909,"val_f1":0.8214285714285714,"_timestamp":1.7520690787999406e+09,"train_f1":0.7813953488372093,"_wandb":{"runtime":13}}