{"_step": 99, "_timestamp": 1752069078.7999406, "epoch": 99, "train_accuracy": 0.6412213740458015, "val_loss": 0.6190984736789357, "val_accuracy": 0.696969696969697, "_runtime": 13.48677909, "train_loss": 0.6527752419009464, "train_precision": 0.6412213740458015, "val_f1": 0.8214285714285714, "current_lr": 1.3041101187279922e-06, "train_recall": 1, "train_f1": 0.7813953488372093, "val_precision": 0.696969696969697, "val_recall": 1}