{"_step":99,"_wandb":{"runtime":15},"test_loss":1.6210022267839646,"current_lr":1.1115334222025987e-07,"test_precision":0.7083333333333334,"test_f1":0.723404255319149,"epoch":99,"_runtime":15.11020464,"train_f1":0.9642857142857143,"test_accuracy":0.6060606060606061,"train_precision":0.9642857142857143,"test_recall":0.7391304347826086,"train_accuracy":0.9541984732824428,"train_recall":0.9642857142857143,"_timestamp":1.755259236271101e+09,"train_loss":0.13635696641361442}