{"test_accuracy":0.696969696969697,"train_recall":0.9880952380952381,"current_lr":1.2748147285481328e-07,"_runtime":12.860899515,"test_recall":0.9565217391304348,"train_accuracy":0.7938931297709924,"test_f1":0.8148148148148148,"epoch":99,"train_f1":0.8601036269430051,"_step":99,"_wandb":{"runtime":12},"test_loss":0.6883852125117274,"_timestamp":1.755176064116063e+09,"train_precision":0.7614678899082569,"test_precision":0.7096774193548387,"train_loss":0.3867706483557024}