{"train_recall":0.989778534923339,"_wandb":{"runtime":65},"_runtime":65.198920619,"test_precision":0.7453416149068323,"train_roc_auc":0.9952861582800583,"test_loss":0.7668363296196435,"train_precision":0.9416531604538088,"test_f1":0.7920792079207921,"current_lr":6.090949342774801e-08,"_step":199,"epoch":199,"_timestamp":1.7561270530139463e+09,"train_f1":0.9651162790697675,"test_roc_auc":0.8792617775619231,"train_loss":0.13849505624656594,"test_recall":0.8450704225352113}