{"test_f1":0.6594796141687607,"train_loss":0.3855419631739308,"train_precision":0.7955801104972375,"test_precision":0.609346914319952,"epoch":99,"_step":99,"_wandb":{"runtime":179},"current_lr":8.987297392276956e-08,"test_accuracy":0.6993272258803321,"test_recall":0.7186009538950715,"train_accuracy":0.8114035087719298,"train_recall":0.861244019138756,"_timestamp":1.7552548790312243e+09,"_runtime":179.914243482,"test_loss":0.6506021306379423,"train_f1":0.8271108558299828}