{"_wandb":{"runtime":232},"_timestamp":1.7551634281874094e+09,"train_loss":0.1668004321779374,"val_loss":0.8036451582132133,"train_f1":0.929171668667467,"train_accuracy":0.9260651629072681,"val_f1":0.6524822695035462,"val_precision":0.7131782945736435,"_step":99,"current_lr":6.0302118641458e-08,"train_precision":0.9325301204819277,"val_recall":0.6013071895424836,"val_accuracy":0.7404809619238477,"_runtime":232.258889211,"epoch":99,"train_recall":0.9258373205741627}