{"val_f1":0.7916666666666666,"train_precision":0.8241758241758241,"val_loss":0.5906580615450036,"train_recall":0.8928571428571429,"val_precision":0.76,"val_accuracy":0.696969696969697,"_timestamp":1.7512885041933975e+09,"val_recall":0.8260869565217391,"train_f1":0.8571428571428571,"current_lr":5.4126997999083605e-09,"train_accuracy":0.8091603053435115,"train_loss":0.44671631587370664,"_wandb":{"runtime":14},"epoch":99,"_step":99,"_runtime":14.840138257}