{"_timestamp":1.7553078393592212e+09,"test_recall":0.7412118000353295,"train_loss":0.08839365951996997,"_wandb":{"runtime":771},"_runtime":771.462953479,"test_f1":0.6060518523867986,"train_precision":0.9652694610778443,"test_precision":0.5125824578548742,"train_f1":0.964691801316577,"test_loss":2.889220382626849,"epoch":99,"train_accuracy":0.9630325814536341,"current_lr":1.2448295638299873e-08,"_step":99,"train_recall":0.9641148325358851,"test_accuracy":0.6095762954480389}