{"train_recall":1,"epoch":99,"train_f1":0.7813953488372093,"current_lr":6.850828880911102e-07,"train_precision":0.6412213740458015,"test_f1":0.8214285714285714,"test_accuracy":0.696969696969697,"_runtime":5.9881965919999995,"train_loss":0.6529086673532734,"test_recall":1,"_timestamp":1.755285746751046e+09,"train_accuracy":0.6412213740458015,"test_loss":0.618229329586029,"test_precision":0.696969696969697,"_wandb":{"runtime":5},"_step":99}