{"test_recall":1,"train_accuracy":0.6412213740458015,"current_lr":2.015889649414303e-07,"_wandb":{"runtime":8},"train_loss":0.4913723744053877,"_step":99,"test_accuracy":0.696969696969697,"train_precision":0.6412213740458015,"train_f1":0.7813953488372093,"test_f1":0.8214285714285714,"test_precision":0.696969696969697,"_timestamp":1.7552865334227283e+09,"epoch":99,"_runtime":8.252652905,"train_recall":1,"test_loss":0.6004188742985151}