{"train_f1":0.8905385955609424,"test_f1":0.33599307230778747,"_wandb":{"runtime":3032},"_step":199,"train_precision":0.8767899761336515,"test_loss":3.3447435443639026,"train_loss":0.21213990261535115,"train_recall":0.9047252578112975,"test_recall":0.31789009617072744,"_runtime":3032.190024171,"_timestamp":1.755376149897322e+09,"test_precision":0.3562823848356982,"test_accuracy":0.5797118471537076,"current_lr":1.976785779437546e-08,"epoch":199,"train_accuracy":0.9071813977389517}