{"train_roc_auc":0.9396695425985968,"train_pr_auc":0.9452764629461728,"epoch":99,"_runtime":29.544123981,"test_accuracy":0.7630662020905923,"train_recall":0.8824531516183987,"test_loss":0.518073234200893,"test_roc_auc":0.8669742593491987,"train_precision":0.8422764227642277,"test_pr_auc":0.8667680046629739,"_step":99,"_wandb":{"runtime":29},"test_precision":0.7681159420289855,"_timestamp":1.7569777668927388e+09,"test_recall":0.7464788732394366,"train_loss":0.3063676845038302,"train_accuracy":0.8550218340611354}