{"_step":99,"train_recall":1,"val_f1":0.8214285714285714,"epoch":99,"train_accuracy":0.6412213740458015,"_timestamp":1.752068946922136e+09,"val_precision":0.696969696969697,"val_accuracy":0.696969696969697,"val_loss":0.6208972632884979,"train_precision":0.6412213740458015,"train_f1":0.7813953488372093,"train_loss":0.6527232370758784,"_runtime":7.558357529,"current_lr":2.6347015965380504e-06,"_wandb":{"runtime":7},"val_recall":1}