{"val_recall":0.7394366197183099,"train_f1":0.9447236180904522,"_step":99,"val_f1":0.726643598615917,"train_precision":0.929159802306425,"_timestamp":1.7522394302452452e+09,"val_loss":0.9053856726307487,"train_loss":0.1700790739736182,"val_precision":0.7142857142857143,"val_accuracy":0.7247386759581882,"current_lr":5.649411520493323e-07,"train_recall":0.9608177172061328,"train_accuracy":0.9423580786026201,"_runtime":36.445859242,"_wandb":{"runtime":36},"epoch":99}