{"train_precision":0.8333333333333334,"_step":99,"test_precision":0.6401766004415012,"test_f1":0.709480122324159,"_wandb":{"runtime":39},"current_lr":8.098036479948124e-08,"epoch":99,"test_loss":0.8859560681121975,"test_accuracy":0.6682960893854749,"train_accuracy":0.8353658536585366,"_timestamp":1.7552515750544896e+09,"train_f1":0.8810572687224669,"train_recall":0.9345794392523364,"test_recall":0.7956104252400549,"train_loss":0.3278091549873352,"_runtime":39.026791421}