{"train_precision":0.8444700460829493,"_wandb":{"runtime":280},"_timestamp":1.7552485542411017e+09,"epoch":99,"train_loss":0.3020666173675604,"train_f1":0.8603286384976526,"train_recall":0.8767942583732058,"_step":99,"test_recall":0.8245892951775304,"train_accuracy":0.8508771929824561,"test_precision":0.5163716814159292,"test_loss":1.7446971508316245,"test_accuracy":0.6160177497852849,"_runtime":280.278459282,"current_lr":1.0600868764496535e-07,"test_f1":0.6350588395347255}