{"train_recall":0.7035775127768313,"test_roc_auc":0.8479358912093249,"epoch":49,"train_precision":0.9157427937915743,"test_loss":0.5123777148615608,"_runtime":16.758575111,"test_recall":0.5563380281690141,"test_accuracy":0.7247386759581882,"test_precision":0.8315789473684211,"_timestamp":1.7567168184795792e+09,"_step":49,"train_roc_auc":0.9292435261001507,"_wandb":{"runtime":16},"train_accuracy":0.8148471615720524,"train_loss":0.3326916519731413}