{"_timestamp":1.7552840384629476e+09,"test_f1":0.8292682926829268,"test_recall":0.8380281690140845,"_runtime":28.091502345,"test_loss":0.3974702889910974,"train_accuracy":0.8244541484716157,"train_precision":0.7846607669616519,"test_precision":0.8206896551724138,"train_f1":0.841106719367589,"train_loss":0.33669075338601023,"epoch":99,"test_accuracy":0.8292682926829268,"train_recall":0.9063032367972743,"current_lr":3.795036760361495e-07,"_step":99,"_wandb":{"runtime":28}}