{"train_accuracy":0.8148471615720524,"_wandb":{"runtime":17},"train_precision":0.9157427937915743,"train_roc_auc":0.9292435261001507,"_runtime":17.517680421,"test_loss":0.5123777148615608,"test_recall":0.5563380281690141,"epoch":49,"test_precision":0.8315789473684211,"train_recall":0.7035775127768313,"test_roc_auc":0.8479358912093249,"train_loss":0.3326916519731413,"test_accuracy":0.7247386759581882,"_timestamp":1.7567161402773712e+09,"_step":49}