{
  "loop": 9,
  "timestamp": "20251101-171922",
  "n_calls": 20,
  "n_splits": 5,
  "n_workers": 4,
  "random_state": 42,
  "feature_count": 86,
  "best_params": {
    "n_estimators": 941,
    "max_depth": 9,
    "learning_rate": 0.01,
    "subsample": 1.0,
    "colsample_bytree": 0.611738980192405,
    "reg_alpha": 6.17977427019376,
    "reg_lambda": 1.1165981495702417
  },
  "best_cv_score": 0.8626158600104201,
  "cv_auc_mean": 0.8626158600104201,
  "cv_auc_std": 0.004541212734515205,
  "paths": {
    "run_dir": "/home/ec2-user/ML-correlator/bayes_results/loop9_20251101-171922",
    "history_csv": "/home/ec2-user/ML-correlator/bayes_results/loop9_20251101-171922/history.csv",
    "thresholds_csv": "/home/ec2-user/ML-correlator/bayes_results/loop9_20251101-171922/thresholds.csv",
    "plot_png": "/home/ec2-user/ML-correlator/bayes_results/loop9_20251101-171922/metrics.png"
  }
}