{"val_precision":0.8260869565217391,"epoch":99,"train_recall":0.9880952380952381,"val_accuracy":0.7575757575757576,"train_accuracy":0.9923664122137404,"_wandb":{"runtime":6},"_runtime":6.230809608,"val_recall":0.8260869565217391,"train_f1":0.9940119760479041,"val_f1":0.8260869565217391,"val_loss":0.5754913493539348,"current_lr":9.0211663331806e-08,"_step":99,"_timestamp":1.7551592321444929e+09,"train_precision":1,"train_loss":0.10989204683262883}