{"current_lr":9.0211663331806e-09,"train_f1":0.8402366863905325,"train_loss":0.4177856301988354,"val_precision":0.75,"epoch":99,"train_precision":0.8352941176470589,"train_accuracy":0.7938931297709924,"val_recall":0.9130434782608695,"_wandb":{"runtime":10},"_runtime":10.535284855,"_step":99,"train_recall":0.8452380952380952,"val_loss":0.6010809449239097,"val_accuracy":0.7272727272727273,"_timestamp":1.7552508136444268e+09,"val_f1":0.8235294117647058}