{
  "loop": 7,
  "timestamp": "20251101-223302",
  "n_calls": 20,
  "n_splits": 5,
  "n_workers": 4,
  "random_state": 42,
  "feature_count": 244,
  "best_params": {
    "n_estimators": 503,
    "max_depth": 3,
    "learning_rate": 0.3,
    "subsample": 0.9764831269801514,
    "colsample_bytree": 0.6791337069524045,
    "reg_alpha": 2.065934764603073,
    "reg_lambda": 8.782032071980066
  },
  "best_cv_score": 0.8513249376885739,
  "cv_auc_mean": 0.8513249376885739,
  "cv_auc_std": 0.05725522404150162,
  "paths": {
    "run_dir": "/home/ec2-user/ML-correlator/bayes_results/loop7_20251101-223302",
    "history_csv": "/home/ec2-user/ML-correlator/bayes_results/loop7_20251101-223302/history.csv",
    "thresholds_csv": "/home/ec2-user/ML-correlator/bayes_results/loop7_20251101-223302/thresholds.csv",
    "plot_png": "/home/ec2-user/ML-correlator/bayes_results/loop7_20251101-223302/metrics.png"
  }
}