{"epoch":99,"test_recall":1,"test_precision":0.696969696969697,"train_accuracy":0.6412213740458015,"current_lr":1.0863447322199458e-06,"test_f1":0.8214285714285714,"_timestamp":1.7552846694248636e+09,"_wandb":{"runtime":5},"_step":99,"train_f1":0.7813953488372093,"train_precision":0.6412213740458015,"train_loss":0.6527545019870497,"test_loss":0.6193128634582866,"_runtime":5.824732176,"train_recall":1,"test_accuracy":0.696969696969697}