{"val_recall":0.8260869565217391,"train_f1":0.8604651162790697,"_runtime":18.324536546,"_wandb":{"runtime":18},"_step":99,"train_precision":0.8409090909090909,"_timestamp":1.752073703011525e+09,"val_loss":0.8475661812787594,"val_f1":0.7450980392156863,"current_lr":1.3864926146190798e-08,"epoch":99,"train_loss":0.41463421637775333,"val_accuracy":0.6060606060606061,"train_recall":0.8809523809523809,"val_precision":0.6785714285714286,"train_accuracy":0.816793893129771}