{
  "n_estimators": 330,
  "max_depth": 3,
  "learning_rate": 0.09593930105079963,
  "subsample": 0.9072564671303368,
  "colsample_bytree": 0.6533470656670639,
  "reg_alpha": 0.11140524945743803,
  "reg_lambda": 3.23623311235028
}