{
  "n_estimators": 680,
  "max_depth": 18,
  "learning_rate": 0.014735767436681133,
  "subsample": 0.829950906054487,
  "colsample_bytree": 0.798930534412953,
  "reg_alpha": 0.061022939078077,
  "reg_lambda": 6.670778475091652
}