{"test_loss":0.5017045104706829,"epoch":99,"_timestamp":1.7551728291833508e+09,"_runtime":9.250462958,"test_recall":0.9565217391304348,"_step":99,"test_accuracy":0.8181818181818182,"train_precision":0.8690476190476191,"train_loss":0.3037010381239971,"current_lr":1.1416307327058445e-07,"_wandb":{"runtime":9},"test_f1":0.88,"train_recall":0.8690476190476191,"train_accuracy":0.8320610687022901,"test_precision":0.8148148148148148,"train_f1":0.8690476190476191}