{"_runtime":10.081269249,"test_recall":0.9130434782608695,"train_accuracy":0.7862595419847328,"_timestamp":1.7552881065069594e+09,"test_accuracy":0.7575757575757576,"_step":99,"test_f1":0.84,"test_precision":0.7777777777777778,"epoch":99,"current_lr":2.762565371254726e-07,"train_loss":0.43152920207904494,"test_loss":0.6506683260879733,"train_recall":0.8928571428571429,"_wandb":{"runtime":10},"train_f1":0.8426966292134831,"train_precision":0.7978723404255319}