{"test_f1":0.8627450980392157,"train_accuracy":0.8091603053435115,"train_precision":0.8314606741573034,"current_lr":1.7723649223720003e-07,"train_loss":0.3403996497620153,"_wandb":{"runtime":12},"_step":99,"train_recall":0.8809523809523809,"_runtime":12.602728761,"test_recall":0.9565217391304348,"test_precision":0.7857142857142857,"epoch":99,"_timestamp":1.7551726269153676e+09,"test_loss":0.4812316627552112,"test_accuracy":0.7878787878787878,"train_f1":0.8554913294797688}