{"train_f1":0.9122807017543859,"train_accuracy":0.8854961832061069,"test_f1":0.8235294117647058,"epoch":99,"test_recall":0.9130434782608695,"test_accuracy":0.7272727272727273,"train_precision":0.896551724137931,"current_lr":1.011966310753241e-07,"_step":99,"_runtime":9.225819118,"_timestamp":1.7551730910017633e+09,"train_recall":0.9285714285714286,"train_loss":0.2694301455075504,"test_loss":0.6223054166996118,"test_precision":0.75,"_wandb":{"runtime":9}}