{"train_loss":0.6531942436713298,"test_loss":0.6172031769246766,"test_f1":0.8214285714285714,"_step":99,"epoch":99,"_wandb":{"runtime":5},"train_precision":0.6412213740458015,"current_lr":1.2601387453903016e-06,"test_precision":0.696969696969697,"_timestamp":1.7552852423953176e+09,"_runtime":5.962775772,"train_f1":0.7813953488372093,"test_recall":1,"train_recall":1,"test_accuracy":0.696969696969697,"train_accuracy":0.6412213740458015}