{"train_recall":0.9114139693356048,"val_precision":0.7588652482269503,"epoch":99,"_wandb":{"runtime":35},"val_recall":0.7535211267605634,"val_loss":0.6865258721524414,"val_f1":0.7561837455830389,"_runtime":35.935935308,"_timestamp":1.7522422122314615e+09,"train_precision":0.8685064935064936,"val_accuracy":0.759581881533101,"train_accuracy":0.8838427947598253,"current_lr":7.20386234406115e-07,"train_f1":0.8894430590191189,"train_loss":0.2637779499245523,"_step":99}