{"train_f1":0.7813953488372093,"test_loss":0.6203507347540422,"test_precision":0.696969696969697,"_runtime":16.782142045,"train_accuracy":0.6412213740458015,"test_f1":0.8214285714285714,"_wandb":{"runtime":16},"current_lr":8.460089548782558e-07,"train_precision":0.6412213740458015,"test_recall":1,"test_accuracy":0.696969696969697,"_step":99,"train_recall":1,"_timestamp":1.7552875184474366e+09,"train_loss":0.6527121899692157,"epoch":99}