{"_wandb":{"runtime":32},"train_accuracy":0.6412213740458015,"train_recall":1,"_step":99,"train_precision":0.6412213740458015,"test_precision":0.696969696969697,"epoch":99,"_runtime":32.224409064,"test_recall":1,"train_f1":0.7813953488372093,"test_loss":0.6227737276843099,"current_lr":4.3720897461475525e-07,"test_accuracy":0.696969696969697,"test_f1":0.8214285714285714,"_timestamp":1.7552889710986617e+09,"train_loss":0.6528995856073977}