{
  "loop": 6,
  "timestamp": "20251102-082619",
  "n_calls": 20,
  "n_splits": 5,
  "n_workers": 4,
  "random_state": 42,
  "feature_count": 110,
  "best_params": {
    "n_estimators": 993,
    "max_depth": 9,
    "learning_rate": 0.18737941654160148,
    "subsample": 0.6028265220878869,
    "colsample_bytree": 0.6092249700165663,
    "reg_alpha": 2.623873301291946,
    "reg_lambda": 3.998609717152556
  },
  "best_cv_score": 0.78,
  "cv_auc_mean": 0.78,
  "cv_auc_std": 0.20396078054371142,
  "paths": {
    "run_dir": "/home/ec2-user/ML-correlator/bayes_results/loop6_20251102-082619",
    "history_csv": "/home/ec2-user/ML-correlator/bayes_results/loop6_20251102-082619/history.csv",
    "thresholds_csv": "/home/ec2-user/ML-correlator/bayes_results/loop6_20251102-082619/thresholds.csv",
    "plot_png": "/home/ec2-user/ML-correlator/bayes_results/loop6_20251102-082619/metrics.png"
  }
}