{"train_loss":0.6460469336044498,"test_precision":0.5090782122905028,"_runtime":31.070912302,"train_recall":1,"test_loss":0.7316150645303993,"_wandb":{"runtime":31},"train_accuracy":0.6524390243902439,"train_f1":0.7896678966789668,"test_accuracy":0.5090782122905028,"epoch":99,"test_f1":0.6746876446089773,"test_recall":1,"_step":99,"_timestamp":1.7552517389656563e+09,"current_lr":1.2147054719922185e-06,"train_precision":0.6524390243902439}