{"test_precision":0.8,"current_lr":4.401100826455355e-08,"train_precision":0.9135802469135802,"train_loss":0.28558654412058476,"_runtime":11.456363571,"_wandb":{"runtime":11},"_timestamp":1.755173998861128e+09,"_step":99,"train_f1":0.896969696969697,"train_recall":0.8809523809523809,"test_f1":0.8333333333333334,"train_accuracy":0.8702290076335878,"test_loss":0.561059292321178,"test_recall":0.8695652173913043,"epoch":99,"test_accuracy":0.7575757575757576}