{"epoch":99,"_wandb":{"runtime":6},"_step":99,"train_loss":0.5885477288988711,"test_accuracy":0.696969696969697,"train_precision":0.6412213740458015,"train_accuracy":0.6412213740458015,"train_f1":0.7813953488372093,"train_recall":1,"test_precision":0.696969696969697,"test_f1":0.8214285714285714,"current_lr":1.9152088860990753e-07,"_timestamp":1.75528571538644e+09,"_runtime":6.058834868,"test_recall":1,"test_loss":0.5285212831063704}