{"val_precision":0.7019867549668874,"_runtime":31.6151762,"val_loss":0.5390131652147513,"epoch":99,"train_precision":0.7743506493506493,"val_recall":0.7464788732394366,"train_accuracy":0.7825327510917031,"train_recall":0.8126064735945485,"val_f1":0.7235494880546075,"current_lr":1.2116558110572771e-08,"_step":99,"_timestamp":1.7530936276672523e+09,"train_f1":0.7930174563591023,"val_accuracy":0.7177700348432056,"_wandb":{"runtime":31},"train_loss":0.47647713245783313}