{"_timestamp":1.7552525126456263e+09,"test_f1":0.7273724629731212,"train_f1":0.8739495798319328,"test_precision":0.6060329067641682,"test_loss":0.785556637208555,"_step":99,"test_recall":0.9094650205761317,"_wandb":{"runtime":20},"train_recall":0.9719626168224299,"current_lr":1.2147054719922187e-07,"epoch":99,"test_accuracy":0.6529329608938548,"_runtime":20.927705238,"train_precision":0.7938931297709924,"train_loss":0.3875624375735841,"train_accuracy":0.8170731707317073}