{"train_recall": 0.7142857142857143, "val_accuracy": 0.5454545454545454, "val_recall": 0.5652173913043478, "_timestamp": 1752068747.341872, "_runtime": 7.609234568, "epoch": 99, "train_accuracy": 0.8015267175572519, "train_f1": 0.821917808219178, "val_f1": 0.6341463414634146, "current_lr": 1.039177545742647e-06, "_step": 99, "train_loss": 0.43196363030499174, "val_loss": 0.6761714902721437, "val_precision": 0.7222222222222222, "train_precision": 0.967741935483871}