{"val_accuracy":0.696969696969697,"current_lr":2.426328219471064e-06,"train_accuracy":0.6412213740458015,"_wandb":{"runtime":9},"val_loss":0.6181356888828855,"epoch":99,"_step":99,"train_precision":0.6412213740458015,"_timestamp":1.7520708522552962e+09,"val_precision":0.696969696969697,"train_f1":0.7813953488372093,"val_recall":1,"_runtime":9.672393188000001,"train_loss":0.6529284358479595,"train_recall":1,"val_f1":0.8214285714285714}