{"current_lr":8.168777715081436e-08,"epoch":99,"_wandb":{"runtime":167},"test_precision":0.8785504407443683,"train_recall":0.930622009569378,"train_accuracy":0.9235588972431078,"_step":99,"train_f1":0.9272943980929678,"test_accuracy":0.6501574577726882,"train_precision":0.9239904988123515,"_timestamp":1.75531876847755e+09,"test_f1":0.26848249027237353,"test_loss":3.36023099409639,"train_loss":0.18014626089194066,"test_recall":0.1584525702172761,"_runtime":167.012267252}