{"train_accuracy":0.7764192139737991,"_timestamp":1.7567158859779134e+09,"test_loss":0.5123777148615608,"_runtime":21.218358428,"_wandb":{"runtime":21},"train_loss":0.3326916519731413,"test_roc_auc":0.8479358912093249,"_step":49,"train_roc_auc":0.9292435261001507,"test_recall":0.7605633802816901,"epoch":49,"test_accuracy":0.7560975609756098,"test_precision":0.75,"train_precision":0.9559228650137741,"train_recall":0.5911413969335605}