{"test_accuracy":0.6564245810055865,"train_roc_auc":0.9116248565338579,"test_pr_auc":0.7457246602173568,"test_precision":0.6151603498542274,"_step":99,"train_precision":0.8333333333333334,"train_pr_auc":0.9549862209162475,"_wandb":{"runtime":14},"_runtime":14.100756845,"epoch":99,"test_roc_auc":0.7296868018115582,"test_loss":0.8226530132346979,"train_recall":0.8878504672897196,"test_recall":0.8683127572016461,"train_loss":0.35545518049379676,"train_accuracy":0.8109756097560976,"_timestamp":1.757522140805718e+09}