{"val_f1":0.7659574468085106,"train_loss":0.07641242319390974,"val_loss":1.2171277296394252,"train_precision":0.9878048780487805,"current_lr":9.0211663331806e-08,"val_accuracy":0.6666666666666666,"val_recall":0.782608695652174,"val_precision":0.75,"train_accuracy":0.9694656488549618,"train_recall":0.9642857142857143,"train_f1":0.9759036144578314,"_timestamp":1.7553325536847372e+09,"_wandb":{"runtime":6},"_runtime":6.419149432,"_step":99,"epoch":99}