{"val_f1":0.7317073170731707,"epoch":99,"train_accuracy":0.8471615720524017,"val_recall":0.7394366197183099,"_step":99,"train_loss":0.312175511428883,"current_lr":6.861923313468332e-07,"train_precision":0.816923076923077,"val_accuracy":0.7317073170731707,"_wandb":{"runtime":67},"_timestamp":1.7522353957142e+09,"train_f1":0.8585286984640259,"val_loss":0.5345777341713058,"train_recall":0.9045996592844975,"val_precision":0.7241379310344828,"_runtime":67.421212071}