{"train_precision":0.7926829268292683,"_wandb":{"runtime":7},"val_recall":0.8260869565217391,"_step":99,"train_accuracy":0.7251908396946565,"val_accuracy":0.6666666666666666,"_timestamp":1.751355203728168e+09,"current_lr":5.4126997999083605e-09,"train_loss":0.5129012902274387,"epoch":99,"val_f1":0.7755102040816326,"val_loss":0.5793668243921164,"train_recall":0.7738095238095238,"_runtime":7.462334911,"train_f1":0.7831325301204819,"val_precision":0.7307692307692307}