{"_timestamp":1.7522398235108523e+09,"_wandb":{"runtime":63},"val_precision":0.6883116883116883,"current_lr":1.6029010171712825e-07,"train_f1":0.8690671031096563,"train_accuracy":0.8602620087336245,"val_accuracy":0.7073170731707317,"val_recall":0.7464788732394366,"train_recall":0.9045996592844975,"train_precision":0.8362204724409449,"val_loss":0.6836996749303067,"_step":99,"_runtime":63.379180334,"epoch":99,"val_f1":0.7162162162162162,"train_loss":0.32328812945878144}