{"train_recall":0.9761904761904762,"train_accuracy":0.9389312977099237,"epoch":99,"_wandb":{"runtime":4},"train_precision":0.9318181818181818,"val_accuracy":0.696969696969697,"val_f1":0.7727272727272727,"_timestamp":1.7489730887081265e+09,"_runtime":4.98906898,"train_loss":0.11283637230632869,"_step":99,"val_loss":1.2445245334723343,"val_precision":0.8095238095238095,"train_f1":0.9534883720930233,"current_lr":1.80423326663612e-07,"val_recall":0.7391304347826086}