{"train_f1":0.7811340752517223,"_runtime":374.101799872,"test_loss":0.6805220260964736,"test_recall":0.8380144850733086,"_step":99,"epoch":99,"test_precision":0.5890972308456476,"test_f1":0.6918477468280589,"train_loss":0.4682276181708601,"_timestamp":1.755255640106689e+09,"train_accuracy":0.7412280701754386,"test_accuracy":0.6975379330088749,"train_precision":0.7012369172216937,"_wandb":{"runtime":374},"current_lr":1.0705811440059105e-07,"train_recall":0.881578947368421}