{"test_f1":0.8461538461538461,"train_loss":0.36111180563919415,"test_precision":0.7586206896551724,"_wandb":{"runtime":11},"test_loss":0.4917350590341922,"test_recall":0.9565217391304348,"_runtime":11.822401172,"train_recall":0.9761904761904762,"_step":99,"_timestamp":1.7551729367706833e+09,"epoch":99,"current_lr":1.3605518126960765e-07,"train_accuracy":0.8244274809160306,"train_f1":0.8770053475935828,"train_precision":0.7961165048543689,"test_accuracy":0.7575757575757576}