{"test_precision":0.7777777777777778,"_step":99,"_timestamp":1.7551737307048843e+09,"_runtime":8.276559103,"train_accuracy":0.8702290076335878,"_wandb":{"runtime":8},"train_precision":0.8850574712643678,"current_lr":2.160629323708731e-08,"test_recall":0.9130434782608695,"test_accuracy":0.7575757575757576,"train_loss":0.32180954299810277,"test_loss":0.509119620768946,"train_f1":0.9005847953216374,"epoch":99,"test_f1":0.84,"train_recall":0.9166666666666666}