{"_runtime":36.226327251,"train_roc_auc":0.8569847515986228,"test_pr_auc":0.7520740945948823,"_timestamp":1.7575243779525425e+09,"epoch":99,"test_recall":0.8257887517146777,"train_recall":0.8785046728971962,"_step":99,"test_accuracy":0.6543296089385475,"train_loss":0.4274280452873649,"train_accuracy":0.7896341463414634,"_wandb":{"runtime":36},"test_precision":0.6206185567010309,"train_pr_auc":0.9193787730720975,"test_roc_auc":0.7320946677671825,"train_precision":0.8138528138528138,"test_loss":0.8420302195255983}