{
  "loop": 8,
  "timestamp": "20251101-224241",
  "n_calls": 20,
  "n_splits": 5,
  "n_workers": 4,
  "random_state": 42,
  "feature_count": 31,
  "best_params": {
    "n_estimators": 799,
    "max_depth": 12,
    "learning_rate": 0.017821628581163474,
    "subsample": 0.8567498971649294,
    "colsample_bytree": 0.8080311376642818,
    "reg_alpha": 0.11269295723951246,
    "reg_lambda": 0.18112059225247987
  },
  "best_cv_score": 0.8489256269146519,
  "cv_auc_mean": 0.8489256269146519,
  "cv_auc_std": 0.005377197717292218,
  "paths": {
    "run_dir": "/home/ec2-user/ML-correlator/bayes_results/loop8_20251101-224241",
    "history_csv": "/home/ec2-user/ML-correlator/bayes_results/loop8_20251101-224241/history.csv",
    "thresholds_csv": "/home/ec2-user/ML-correlator/bayes_results/loop8_20251101-224241/thresholds.csv",
    "plot_png": "/home/ec2-user/ML-correlator/bayes_results/loop8_20251101-224241/metrics.png"
  }
}