{"train_accuracy":0.8558951965065502,"val_accuracy":0.8153310104529616,"val_recall":0.8169014084507042,"_runtime":61.27605456,"_timestamp":1.7488544424883595e+09,"epoch":69,"train_f1":0.8626144879267277,"current_lr":1.2023310725204581e-08,"val_loss":0.44187916446645914,"train_recall":0.8824531516183987,"val_f1":0.8140350877192982,"_wandb":{"runtime":61},"train_loss":0.3105240630140471,"_step":69,"train_precision":0.8436482084690554,"val_precision":0.8111888111888111}