{"val_precision":0.68,"epoch":99,"train_precision":0.963855421686747,"current_lr":6.932463073095399e-08,"_runtime":10.295523312,"val_loss":1.8148705796903055,"val_accuracy":0.5757575757575758,"train_f1":0.9580838323353293,"train_recall":0.9523809523809523,"_timestamp":1.7520718235576007e+09,"val_recall":0.7391304347826086,"train_loss":0.1008527981870957,"_wandb":{"runtime":10},"train_accuracy":0.9465648854961832,"_step":99,"val_f1":0.7083333333333334}