{"test_recall":0.9565217391304348,"train_precision":0.8350515463917526,"_step":99,"_runtime":11.702023453,"_timestamp":1.7551735467012994e+09,"_wandb":{"runtime":11},"train_recall":0.9642857142857143,"test_precision":0.7333333333333333,"current_lr":1.1863029914522005e-07,"train_loss":0.3300373172032014,"train_f1":0.8950276243093923,"test_f1":0.8301886792452831,"train_accuracy":0.8549618320610687,"test_accuracy":0.7272727272727273,"epoch":99,"test_loss":0.57787837526253}