{"train_loss":0.20192320903362368,"_step":99,"train_pr_auc":0.9820258494805315,"_wandb":{"runtime":257},"epoch":99,"test_recall":0.8724279835390947,"_runtime":256.268484578,"test_pr_auc":0.8748530668390457,"test_precision":0.7074527252502781,"test_loss":0.8660997864920333,"test_accuracy":0.7513966480446927,"train_roc_auc":0.9741058417371564,"train_accuracy":0.9108975403160123,"train_recall":0.9374828626268166,"test_roc_auc":0.8635926374717797,"train_precision":0.9146602461209202,"_timestamp":1.7576050802324505e+09}