{"_wandb":{"runtime":14},"test_precision":0.8,"current_lr":5.905399875583798e-08,"train_accuracy":0.8549618320610687,"test_accuracy":0.7575757575757576,"test_f1":0.8333333333333334,"_timestamp":1.7551760059324903e+09,"test_recall":0.8695652173913043,"_runtime":14.048395002,"_step":99,"epoch":99,"train_precision":0.9113924050632911,"train_loss":0.2812215312746645,"test_loss":0.4876000597035851,"train_f1":0.8834355828220859,"train_recall":0.8571428571428571}