{"test_recall":1,"train_loss":0.653371574314496,"_wandb":{"runtime":6},"epoch":99,"_runtime":6.107184858,"_timestamp":1.75528585726437e+09,"test_f1":0.8214285714285714,"test_accuracy":0.696969696969697,"train_precision":0.6412213740458015,"test_loss":0.6167643106344974,"_step":99,"current_lr":1.5564165255464228e-06,"train_accuracy":0.6412213740458015,"train_recall":1,"test_precision":0.696969696969697,"train_f1":0.7813953488372093}