{"_step":99,"current_lr":8.609497592805605e-07,"test_recall":1,"test_precision":0.696969696969697,"train_recall":1,"train_f1":0.7813953488372093,"epoch":99,"test_loss":0.6190946066018307,"train_precision":0.6412213740458015,"test_accuracy":0.696969696969697,"test_f1":0.8214285714285714,"_timestamp":1.75528496986447e+09,"_wandb":{"runtime":6},"train_loss":0.6527755897463733,"_runtime":6.024353847,"train_accuracy":0.6412213740458015}