{"test_loss":4.361120871145481,"train_precision":0.919128845568078,"train_loss":0.15471281872378836,"test_accuracy":0.5682992717876438,"_timestamp":1.755382247148833e+09,"_wandb":{"runtime":3056},"_step":199,"test_precision":0.33967625279834684,"epoch":199,"current_lr":5.336470058388908e-08,"train_accuracy":0.9362153134635149,"train_f1":0.9239837709561356,"test_f1":0.3229668744051822,"_runtime":3056.450306458,"test_recall":0.3078243567485321,"train_recall":0.9288902570417116}