{"_wandb":{"runtime":3780},"_timestamp":1.754962984864525e+09,"val_recall":0.7170278758558805,"val_f1":0.7496074232690935,"epoch":99,"train_recall":0.86039710635678,"_runtime":3780.360400307,"current_lr":2.6810484743792094e-07,"train_accuracy":0.8721736896197327,"train_f1":0.8488990129081245,"val_accuracy":0.8397671808524522,"val_precision":0.7852885252205867,"train_precision":0.8377041810280234,"val_loss":0.3528498638222006,"_step":99,"train_loss":0.27682677220710133}