{"_runtime":304.857037435,"test_accuracy":0.7016890924706556,"test_precision":0.5876688197298884,"train_f1":0.7808,"_timestamp":1.7552559575724785e+09,"test_f1":0.7059819413092551,"test_loss":0.7821197374517883,"_step":99,"train_precision":0.7045235803657363,"epoch":99,"train_recall":0.8755980861244019,"current_lr":1.1017236457815037e-07,"train_accuracy":0.7424812030075187,"train_loss":0.46079779037258084,"test_recall":0.8839427662957074,"_wandb":{"runtime":304}}