{"train_loss":0.10989204683262883,"val_loss":0.5754913493539348,"val_recall":0.8260869565217391,"epoch":99,"train_precision":1,"_step":99,"_runtime":8.231958763,"val_precision":0.8260869565217391,"val_f1":0.8260869565217391,"_wandb":{"runtime":8},"train_recall":0.9880952380952381,"train_f1":0.9940119760479041,"_timestamp":1.755159313460632e+09,"current_lr":9.0211663331806e-08,"val_accuracy":0.7575757575757576,"train_accuracy":0.9923664122137404}