{"_wandb":{"runtime":85},"train_loss":0.15123876545688894,"train_recall":0.9420289855072463,"test_recall":0.7060869565217391,"_timestamp":1.7576705868327057e+09,"test_pr_auc":0.7740996490638719,"train_pr_auc":0.9935348813931308,"_step":99,"train_precision":0.9629629629629629,"train_roc_auc":0.9852807971014493,"test_roc_auc":0.713055545549512,"test_loss":1.1018799009744338,"test_accuracy":0.6575716234652115,"_runtime":85.399178803,"train_accuracy":0.9356435643564357,"epoch":99,"test_precision":0.710204081632653}