{"train_precision":0.8208469055374593,"test_f1":0.6890243902439024,"test_accuracy":0.6445993031358885,"_step":99,"_runtime":35.51168404,"test_recall":0.795774647887324,"train_f1":0.839300582847627,"train_recall":0.858603066439523,"_timestamp":1.7552598102009487e+09,"current_lr":7.690732207855522e-08,"epoch":99,"train_loss":0.3834397753513536,"test_loss":0.7721143294294537,"test_precision":0.6075268817204301,"_wandb":{"runtime":35},"train_accuracy":0.8314410480349345}