{"_runtime":9.473798525,"epoch":99,"current_lr":5.318778218815697e-07,"_step":99,"train_loss":0.6527436148119337,"test_loss":0.6212934842615416,"test_recall":1,"_timestamp":1.7552882161875055e+09,"test_f1":0.8214285714285714,"test_precision":0.696969696969697,"train_f1":0.7813953488372093,"train_precision":0.6412213740458015,"test_accuracy":0.696969696969697,"_wandb":{"runtime":9},"train_accuracy":0.6412213740458015,"train_recall":1}