{"_wandb":{"runtime":24},"test_recall":0.9218106995884774,"test_f1":0.7249190938511327,"epoch":99,"train_accuracy":0.7804878048780488,"train_precision":0.784,"_timestamp":1.7552520261742535e+09,"test_loss":0.6618850437622497,"train_loss":0.4584943753917043,"_step":99,"current_lr":1.6196072959896247e-08,"_runtime":24.348987551,"train_recall":0.9158878504672897,"test_accuracy":0.6438547486033519,"train_f1":0.8448275862068966,"test_precision":0.5973333333333334}