{"train_recall":0.9532710280373832,"_timestamp":1.7552528706492436e+09,"_runtime":25.58505666,"test_precision":0.6401630988786952,"current_lr":2.9306259730171515e-07,"train_accuracy":0.9024390243902439,"train_f1":0.9272727272727272,"test_accuracy":0.6829608938547486,"test_f1":0.7345029239766082,"_step":99,"_wandb":{"runtime":25},"test_loss":1.812693833305849,"test_recall":0.8614540466392319,"epoch":99,"train_loss":0.22864117745946094,"train_precision":0.9026548672566371}