{"_wandb":{"runtime":13},"val_precision":0.696969696969697,"current_lr":1.368326122707017e-06,"train_loss":0.6529706093191191,"val_recall":1,"train_recall":1,"_runtime":13.51716881,"train_precision":0.6412213740458015,"_timestamp":1.752069569320374e+09,"train_f1":0.7813953488372093,"train_accuracy":0.6412213740458015,"val_loss":0.6232358984874956,"val_accuracy":0.696969696969697,"_step":99,"val_f1":0.8214285714285714,"epoch":99}