{"train_precision":0.5126637554585153,"train_recall":1,"train_f1":0.6778290993071594,"_timestamp":1.7522353189624758e+09,"train_accuracy":0.5126637554585153,"_runtime":105.348092969,"current_lr":9.000224229032876e-07,"val_precision":0.49477351916376305,"_wandb":{"runtime":105},"_step":99,"val_accuracy":0.49477351916376305,"val_loss":0.693729780484575,"train_loss":0.692826653724154,"epoch":99,"val_recall":1,"val_f1":0.662004662004662}