{"train_precision":0.8764044943820225,"train_recall":0.9285714285714286,"_runtime":9.052279615,"train_f1":0.9017341040462428,"val_accuracy":0.5454545454545454,"train_accuracy":0.8702290076335878,"current_lr":9.0211663331806e-09,"_wandb":{"runtime":9},"train_loss":0.2862394763768174,"val_loss":0.9037719384174455,"val_f1":0.6938775510204082,"val_precision":0.6538461538461539,"val_recall":0.7391304347826086,"epoch":99,"_step":99,"_timestamp":1.7520722990308697e+09}