{"test_pr_auc":0.7422898314797501,"train_recall":0.897196261682243,"test_roc_auc":0.7224397887165919,"test_precision":0.6152241918665277,"train_pr_auc":0.9636313737084337,"test_recall":0.8093278463648834,"train_precision":0.8687782805429864,"_step":99,"test_accuracy":0.6452513966480447,"_timestamp":1.757514361362061e+09,"epoch":99,"_wandb":{"runtime":30},"_runtime":29.982961329,"train_accuracy":0.8445121951219512,"train_loss":0.31710217638713556,"test_loss":1.2852882548084472,"train_roc_auc":0.9287178225938678}