{"_wandb":{"runtime":12},"epoch":99,"train_loss":0.5658844440947962,"train_precision":0.6412213740458015,"test_recall":1,"train_recall":1,"_step":99,"_runtime":12.677587280000001,"test_loss":0.5329201982822269,"train_f1":0.7813953488372093,"test_f1":0.8214285714285714,"test_precision":0.696969696969697,"current_lr":1.9525521107449073e-07,"_timestamp":1.7552874930468934e+09,"train_accuracy":0.6412213740458015,"test_accuracy":0.696969696969697}