{"train_roc_auc":0.9614649545407362,"train_precision":0.8886986301369864,"test_loss":0.5675608330902737,"_wandb":{"runtime":57},"test_recall":0.7253521126760564,"_step":99,"test_pr_auc":0.8772315664341944,"epoch":99,"test_precision":0.7984496124031008,"_timestamp":1.7569782315372345e+09,"train_recall":0.8841567291311755,"test_accuracy":0.7735191637630662,"test_roc_auc":0.8746964545896067,"train_loss":0.2452479995494326,"train_pr_auc":0.9649900510911951,"_runtime":57.669983241,"train_accuracy":0.8838427947598253}