{"_step":99,"_wandb":{"runtime":9},"train_accuracy":0.9923664122137404,"train_loss":0.057674651155035006,"train_precision":1,"val_f1":0.7111111111111111,"val_recall":0.6956521739130435,"epoch":99,"_runtime":9.872605973,"current_lr":2.6531121009437496e-07,"train_recall":0.9880952380952381,"val_accuracy":0.6060606060606061,"train_f1":0.9940119760479041,"val_loss":2.4473718440893615,"val_precision":0.7272727272727273,"_timestamp":1.7520690544001348e+09}