{"_runtime":10.464996318,"train_precision":0.9764705882352941,"_step":99,"val_accuracy":0.696969696969697,"train_accuracy":0.9770992366412213,"val_f1":0.7916666666666666,"train_recall":0.9880952380952381,"train_loss":0.14333785672224206,"_wandb":{"runtime":10},"val_recall":0.8260869565217391,"epoch":99,"val_precision":0.76,"current_lr":4.5768829311057297e-07,"val_loss":1.082433058456941,"train_f1":0.9822485207100592,"_timestamp":1.7520695026142416e+09}