{"train_recall":1,"_step":99,"_timestamp":1.7552851695346763e+09,"test_precision":0.696969696969697,"epoch":99,"train_f1":0.7813953488372093,"test_f1":0.8214285714285714,"train_precision":0.6412213740458015,"train_accuracy":0.6412213740458015,"_runtime":6.215628228,"train_loss":0.6532052546057082,"test_recall":1,"_wandb":{"runtime":6},"test_accuracy":0.696969696969697,"test_loss":0.6171731876604485,"current_lr":1.298884144715812e-06}