{"_step":99,"train_loss":0.30979102641734496,"test_recall":0.8309859154929577,"train_recall":0.8722316865417377,"_wandb":{"runtime":55},"train_f1":0.8554720133667502,"test_loss":0.3822345536344973,"test_precision":0.8251748251748252,"epoch":99,"test_accuracy":0.8292682926829268,"_timestamp":1.7551750301994696e+09,"current_lr":1.1335952134735957e-07,"train_precision":0.839344262295082,"_runtime":55.243000045,"test_f1":0.8280701754385965,"train_accuracy":0.8489082969432314}