{"val_loss":0.5754913493539348,"train_recall":0.9880952380952381,"train_f1":0.9940119760479041,"train_loss":0.10989204683262883,"_step":99,"val_accuracy":0.7575757575757576,"val_precision":0.8260869565217391,"train_precision":1,"val_recall":0.8260869565217391,"val_f1":0.8260869565217391,"_runtime":6.000843901,"train_accuracy":0.9923664122137404,"_timestamp":1.75516075466381e+09,"epoch":99,"current_lr":9.0211663331806e-08,"_wandb":{"runtime":6}}