{"train_recall":0.8756887811329072,"train_roc_auc":0.9608778125506212,"test_loss":0.2971785462393104,"test_recall":0.8274021352313167,"epoch":99,"threshold_curves":{"sha256":"ce272719a710aa6d2eac9fa54696ac961e2024c5ca55e34409ec724526eac367","size":38474,"path":"media/images/threshold_curves_100_ce272719a710aa6d2eac.png","format":"png","width":640,"height":480,"_type":"image-file"},"_step":100,"train_loss":0.24833144517771255,"_wandb":{"runtime":322},"test_roc_auc":0.9460633669186095,"_runtime":322.266432161,"test_accuracy":0.8694096601073346,"_timestamp":1.756903231917804e+09,"train_accuracy":0.8912946228862844,"train_precision":0.8592128027681661,"test_precision":0.8446866485013624}