{
  "n_estimators": 997,
  "max_depth": 12,
  "learning_rate": 0.16307516558314156,
  "subsample": 0.9501090710918719,
  "colsample_bytree": 0.9479880407252137,
  "reg_alpha": 1.4473097283706613,
  "reg_lambda": 1.3926843420066817
}