{"train_accuracy":0.6412213740458015,"_timestamp":1.75206935465586e+09,"current_lr":2.6434367754144635e-06,"val_precision":0.696969696969697,"_wandb":{"runtime":9},"val_accuracy":0.696969696969697,"train_recall":1,"_runtime":9.511305191,"train_precision":0.6412213740458015,"val_recall":1,"val_f1":0.8214285714285714,"epoch":99,"train_loss":0.652833167378229,"train_f1":0.7813953488372093,"val_loss":0.6222666348471786,"_step":99}