{"test_precision":0.6571428571428571,"epoch":99,"train_loss":0.6009003906791387,"train_f1":0.6746370623398804,"_step":99,"test_accuracy":0.6585365853658537,"current_lr":6.935258558614454e-08,"test_f1":0.6524822695035462,"_runtime":23.650271815,"_timestamp":1.7552814216099813e+09,"test_recall":0.647887323943662,"_wandb":{"runtime":23},"train_accuracy":0.6672489082969433,"test_loss":0.6019656070433427,"train_recall":0.6729131175468483,"train_precision":0.6763698630136986}