{"val_recall":0.8260869565217391,"_step":99,"epoch":99,"train_precision":1,"val_precision":0.8260869565217391,"train_recall":0.9880952380952381,"train_f1":0.9940119760479041,"_wandb":{"runtime":6},"current_lr":9.0211663331806e-08,"_runtime":6.281914964,"_timestamp":1.7551608801800249e+09,"val_loss":0.5754913493539348,"train_loss":0.10989204683262883,"train_accuracy":0.9923664122137404,"val_accuracy":0.7575757575757576,"val_f1":0.8260869565217391}