{"_runtime":436.119422106,"test_loss":9.273171351934073,"test_f1":0.3435929648241206,"current_lr":6.153855130216841e-08,"train_f1":0.9658421672555948,"train_loss":0.09096012727583859,"train_accuracy":0.9636591478696742,"train_precision":0.951276102088167,"train_recall":0.9808612440191388,"_step":99,"test_precision":0.4217424826522745,"epoch":99,"test_recall":0.2898781134075252,"test_accuracy":0.5512453478385342,"_timestamp":1.7553340720803742e+09,"_wandb":{"runtime":436}}