{"train_precision":0.6412213740458015,"test_loss":0.6159187338568948,"_step":99,"test_precision":0.696969696969697,"_runtime":6.21024697,"test_f1":0.8214285714285714,"epoch":99,"_timestamp":1.755285479113094e+09,"train_f1":0.7813953488372093,"train_loss":0.6538424728480914,"_wandb":{"runtime":6},"train_recall":1,"test_accuracy":0.696969696969697,"train_accuracy":0.6412213740458015,"test_recall":1,"current_lr":2.3361537859496156e-06}