{"_timestamp":1.7561284203529456e+09,"_step":199,"train_accuracy":0.9781659388646288,"_runtime":56.967105297,"test_recall":0.8028169014084507,"current_lr":6.090949342774801e-08,"test_f1":0.7835051546391752,"_wandb":{"runtime":56},"test_precision":0.7651006711409396,"train_recall":0.9761499148211243,"train_f1":0.9786507258753202,"epoch":199,"train_loss":0.06199954216527106,"test_accuracy":0.7804878048780488,"test_loss":0.8841751215765286,"train_precision":0.9811643835616438}