{"val_accuracy":0.7526132404181185,"train_loss":0.27074721498520615,"current_lr":3.287076332671906e-07,"val_loss":0.5875046269818881,"_step":99,"train_recall":0.9011925042589438,"train_precision":0.8546042003231018,"val_precision":0.7350993377483444,"val_recall":0.7816901408450704,"train_accuracy":0.8707423580786027,"_wandb":{"runtime":80},"val_f1":0.757679180887372,"_runtime":80.584859557,"epoch":99,"_timestamp":1.7522367330034375e+09,"train_f1":0.8772802653399668}