{
  "loop": 7,
  "timestamp": "20251101-223435",
  "n_calls": 20,
  "n_splits": 5,
  "n_workers": 4,
  "random_state": 42,
  "feature_count": 31,
  "best_params": {
    "n_estimators": 408,
    "max_depth": 8,
    "learning_rate": 0.2950283981054,
    "subsample": 0.9660863629343569,
    "colsample_bytree": 0.7364417177518968,
    "reg_alpha": 0.0,
    "reg_lambda": 3.3150985168319997
  },
  "best_cv_score": 0.8002689229961957,
  "cv_auc_mean": 0.8002689229961957,
  "cv_auc_std": 0.09292334844134639,
  "paths": {
    "run_dir": "/home/ec2-user/ML-correlator/bayes_results/loop7_20251101-223435",
    "history_csv": "/home/ec2-user/ML-correlator/bayes_results/loop7_20251101-223435/history.csv",
    "thresholds_csv": "/home/ec2-user/ML-correlator/bayes_results/loop7_20251101-223435/thresholds.csv",
    "plot_png": "/home/ec2-user/ML-correlator/bayes_results/loop7_20251101-223435/metrics.png"
  }
}