{"train_f1":0.7813953488372093,"train_recall":1,"epoch":99,"train_accuracy":0.6412213740458015,"test_precision":0.696969696969697,"_runtime":9.730143737,"current_lr":8.386882114450343e-07,"train_precision":0.6412213740458015,"_wandb":{"runtime":9},"_timestamp":1.7552869706506739e+09,"test_f1":0.8214285714285714,"test_recall":1,"_step":99,"test_accuracy":0.696969696969697,"train_loss":0.6530205721163568,"test_loss":0.6235287975181233}