{"train_precision":0.8291571753986332,"train_f1":0.8494749124854143,"test_loss":1.6344566683098567,"epoch":99,"_runtime":270.423494348,"train_recall":0.8708133971291866,"test_f1":0.640906247828202,"test_accuracy":0.6301889493272259,"_wandb":{"runtime":270},"train_accuracy":0.8383458646616542,"_timestamp":1.7552472676745236e+09,"test_precision":0.5282997250229148,"current_lr":8.895540657504865e-08,"test_recall":0.8145204027556969,"_step":99,"train_loss":0.3140142351613009}