{"train_recall":1,"_timestamp":1.755286949734696e+09,"test_accuracy":0.696969696969697,"_wandb":{"runtime":9},"train_f1":0.7813953488372093,"test_f1":0.8214285714285714,"train_loss":0.6531009778721641,"epoch":99,"test_precision":0.696969696969697,"test_loss":0.6239618216500138,"test_recall":1,"train_accuracy":0.6412213740458015,"train_precision":0.6412213740458015,"current_lr":6.665692302213991e-07,"_step":99,"_runtime":9.8436794}