{"test_loss":0.5123777148615608,"_wandb":{"runtime":21},"train_accuracy":0.7764192139737991,"epoch":49,"train_roc_auc":0.9292435261001507,"test_precision":0.8518518518518519,"train_precision":0.9559228650137741,"test_recall":0.4859154929577465,"_runtime":21.872694948,"train_recall":0.5911413969335605,"test_roc_auc":0.8479358912093249,"test_accuracy":0.7038327526132404,"_timestamp":1.7567162608966868e+09,"train_loss":0.3326916519731413,"_step":49}