{"_wandb":{"runtime":210},"test_f1":0.6537744641192917,"current_lr":2.7420042406441337e-07,"test_precision":0.5833679833679833,"_timestamp":1.755169708306131e+09,"_step":99,"test_recall":0.7435082140964494,"train_accuracy":0.8370927318295739,"test_accuracy":0.680933295161752,"train_precision":0.8250564334085779,"_runtime":210.509394544,"train_loss":0.32690317984810446,"epoch":99,"train_recall":0.8744019138755981,"test_loss":1.1068366059855868,"train_f1":0.8490127758420442}