{"test_accuracy":0.7247386759581882,"_timestamp":1.756716381195828e+09,"train_roc_auc":0.9292435261001507,"test_roc_auc":0.8479358912093249,"train_precision":0.9157427937915743,"test_precision":0.8315789473684211,"_step":49,"_runtime":18.399913847,"train_loss":0.3326916519731413,"train_accuracy":0.8148471615720524,"test_recall":0.5563380281690141,"_wandb":{"runtime":18},"train_recall":0.7035775127768313,"epoch":49,"test_loss":0.5123777148615608}