{"train_accuracy":0.8524017467248908,"train_precision":0.8494983277591973,"test_accuracy":0.8153310104529616,"_runtime":55.993577618,"current_lr":1.1493943049162823e-07,"test_precision":0.8156028368794326,"epoch":99,"_wandb":{"runtime":55},"test_loss":0.36406526073346157,"train_loss":0.3096862881464729,"train_recall":0.8654173764906303,"test_f1":0.8127208480565371,"test_recall":0.8098591549295775,"_step":99,"train_f1":0.8573839662447258,"_timestamp":1.755175525850038e+09}