{
  "loop": 7,
  "timestamp": "20251101-223528",
  "n_calls": 20,
  "n_splits": 5,
  "n_workers": 4,
  "random_state": 42,
  "feature_count": 110,
  "best_params": {
    "n_estimators": 717,
    "max_depth": 11,
    "learning_rate": 0.09881998323591654,
    "subsample": 0.6,
    "colsample_bytree": 0.6263327031310164,
    "reg_alpha": 6.051588958544912,
    "reg_lambda": 10.0
  },
  "best_cv_score": 0.7878656696838515,
  "cv_auc_mean": 0.7878656696838515,
  "cv_auc_std": 0.06450335505340829,
  "paths": {
    "run_dir": "/home/ec2-user/ML-correlator/bayes_results/loop7_20251101-223528",
    "history_csv": "/home/ec2-user/ML-correlator/bayes_results/loop7_20251101-223528/history.csv",
    "thresholds_csv": "/home/ec2-user/ML-correlator/bayes_results/loop7_20251101-223528/thresholds.csv",
    "plot_png": "/home/ec2-user/ML-correlator/bayes_results/loop7_20251101-223528/metrics.png"
  }
}