{"test_f1":0.8214285714285714,"_timestamp":1.7552896210819016e+09,"_wandb":{"runtime":16},"train_loss":0.6527233210228781,"train_accuracy":0.6412213740458015,"test_loss":0.6198057062698134,"_step":99,"test_recall":1,"train_f1":0.7813953488372093,"test_precision":0.696969696969697,"_runtime":16.134479519,"train_precision":0.6412213740458015,"test_accuracy":0.696969696969697,"epoch":99,"current_lr":6.898448957930053e-07,"train_recall":1}