{"current_lr":5.41269979990836e-08,"val_recall":0.8260869565217391,"val_precision":0.7307692307692307,"train_loss":0.37540409173674255,"train_recall":0.8809523809523809,"train_precision":0.8604651162790697,"_timestamp":1.7513702954131556e+09,"val_f1":0.7755102040816326,"epoch":99,"val_loss":0.6635397554685672,"train_f1":0.8705882352941177,"train_accuracy":0.8320610687022901,"val_accuracy":0.6666666666666666,"_step":99,"_runtime":6.762970549,"_wandb":{"runtime":6}}