{"test_roc_auc":0.7191687379177023,"train_accuracy":0.9504950495049505,"_wandb":{"runtime":97},"test_loss":1.1936839250530056,"test_precision":0.7166123778501629,"train_precision":0.9776119402985075,"train_loss":0.14816020384873493,"test_pr_auc":0.7825454989435834,"test_recall":0.7014492753623188,"epoch":99,"_runtime":97.23524722,"train_recall":0.9492753623188406,"_timestamp":1.7576711428736064e+09,"train_roc_auc":0.9846014492753623,"train_pr_auc":0.993546344041213,"_step":99,"test_accuracy":0.6611527967257844}