{"test_pr_auc":0.8890866148162462,"train_roc_auc":0.9792265751077522,"_timestamp":1.757604567695391e+09,"test_recall":0.8737997256515775,"_wandb":{"runtime":70},"test_precision":0.7432905484247374,"train_accuracy":0.9315555555555556,"train_pr_auc":0.9858211937997629,"train_loss":0.1798905541367001,"test_accuracy":0.7821229050279329,"train_precision":0.9393939393939394,"epoch":99,"_runtime":70.120944866,"test_loss":0.6430463557802765,"_step":99,"train_recall":0.9489795918367347,"test_roc_auc":0.8845307295599693}