{"_wandb":{"runtime":5},"_step":99,"_timestamp":1.7552848908837912e+09,"current_lr":1.5908735944987207e-06,"train_recall":1,"train_precision":0.6412213740458015,"test_accuracy":0.696969696969697,"test_loss":0.6200036650354211,"train_f1":0.7813953488372093,"train_accuracy":0.6412213740458015,"_runtime":5.791934218,"test_precision":0.696969696969697,"epoch":99,"test_f1":0.8214285714285714,"train_loss":0.652716551573222,"test_recall":1}