{"_wandb":{"runtime":6},"test_recall":0.8260869565217391,"test_precision":0.7037037037037037,"current_lr":2.0334831713314025e-07,"train_precision":0.7553191489361702,"test_accuracy":0.6363636363636364,"train_loss":0.5635040184013717,"_step":99,"train_f1":0.797752808988764,"_runtime":6.03763228,"train_recall":0.8452380952380952,"_timestamp":1.7552592937126749e+09,"train_accuracy":0.7251908396946565,"test_f1":0.76,"test_loss":0.673427402973175,"epoch":99}