{"train_f1":0.7813953488372093,"_wandb":{"runtime":16},"train_accuracy":0.6412213740458015,"train_loss":0.6527123287433886,"train_precision":0.6412213740458015,"test_accuracy":0.696969696969697,"current_lr":5.137322207109674e-07,"test_loss":0.6202997438835375,"_runtime":16.586263681,"epoch":99,"test_f1":0.8214285714285714,"train_recall":1,"_step":99,"test_recall":1,"_timestamp":1.7552874492438517e+09,"test_precision":0.696969696969697}