{"val_f1":0.7354838709677419,"current_lr":4.365390081443541e-08,"val_recall":0.8028169014084507,"train_f1":0.8123393316195373,"_wandb":{"runtime":80},"_step":99,"train_precision":0.8172413793103448,"val_accuracy":0.7142857142857143,"epoch":99,"_runtime":80.54668744,"train_recall":0.807495741056218,"_timestamp":1.752236643292831e+09,"train_accuracy":0.8087336244541484,"train_loss":0.4063901331747463,"val_loss":0.5650160172467448,"val_precision":0.6785714285714286}