{"train_precision":0.8779620853080569,"_runtime":155.270667105,"test_accuracy":0.6738476953907816,"train_loss":0.25525072101214175,"train_f1":0.8821428571428571,"train_recall":0.8863636363636364,"_step":99,"test_recall":0.6175587352057941,"test_f1":0.6054203827171184,"epoch":99,"test_precision":0.59375,"train_accuracy":0.8759398496240601,"_timestamp":1.7553269347181284e+09,"test_loss":2.0355990106992663,"current_lr":6.153855130216841e-08,"_wandb":{"runtime":155}}