{"train_f1":0.912751677852349,"val_loss":0.8027313586311473,"val_precision":0.6938775510204082,"train_recall":0.9267461669505963,"val_accuracy":0.7038327526132404,"val_f1":0.7058823529411765,"train_loss":0.2258468784749768,"_step":199,"_runtime":42.037425829,"val_recall":0.7183098591549296,"epoch":199,"_timestamp":1.752065715272679e+09,"_wandb":{"runtime":42},"train_precision":0.8991735537190083,"current_lr":6.014569765239157e-08,"train_accuracy":0.9091703056768559}