{"val_recall":0.8603202846975089,"train_f1":0.8868768408421512,"train_accuracy":0.9072201843070591,"_runtime":711.468636048,"_step":99,"val_f1":0.8456493222562309,"val_loss":0.2891122999686035,"_timestamp":1.754557959792653e+09,"val_accuracy":0.8737030411449016,"train_recall":0.8959664976856954,"_wandb":{"runtime":711},"current_lr":1.200123313739194e-07,"train_loss":0.20248694269662681,"epoch":99,"train_precision":0.8779697624190065,"val_precision":0.8314703353396389}