{"epoch":99,"_wandb":{"runtime":848},"train_recall":0.7950187348468151,"_timestamp":1.7551815192799442e+09,"test_precision":0.7846715328467153,"test_f1":0.7747747747747747,"test_accuracy":0.8211091234347049,"train_loss":0.3481332191288701,"_runtime":848.292225835,"train_precision":0.8020902824104958,"current_lr":6.046277166437464e-08,"_step":99,"test_recall":0.7651245551601423,"train_accuracy":0.8371656079448868,"test_loss":0.36466210442920066,"train_f1":0.7985388532211645}