{"val_accuracy":0.6363636363636364,"epoch":99,"train_accuracy":0.9236641221374046,"_step":99,"train_loss":0.24662395310765914,"train_precision":0.9512195121951219,"train_f1":0.9397590361445783,"current_lr":9.0211663331806e-08,"_runtime":9.355708079,"val_f1":0.76,"_timestamp":1.7520716710536804e+09,"val_recall":0.8260869565217391,"_wandb":{"runtime":9},"val_precision":0.7037037037037037,"train_recall":0.9285714285714286,"val_loss":0.9387244448122202}