{"train_recall":0.8576555023923444,"test_precision":0.5312018946121966,"_runtime":199.948793607,"train_precision":0.8101694915254237,"_step":66,"train_accuracy":0.8201754385964912,"test_accuracy":0.6325508159175494,"test_recall":0.7924394983218512,"epoch":66,"test_f1":0.6360414008223451,"test_loss":1.5639981551118773,"train_f1":0.8332364904125509,"_wandb":{"runtime":201},"_timestamp":1.7552496625079918e+09,"train_loss":0.37132228877311363,"current_lr":0.0006821327731661369}