{"_step":9,"val_precision":0.789838337182448,"_wandb":{"runtime":42},"train_loss":0.4068533239528113,"val_recall":0.7755102040816326,"val_f1":0.782608695652174,"val_loss":0.38116570459242116,"train_f1":0.7686120463898242,"_runtime":42.034255184,"train_recall":0.794163123308852,"val_accuracy":0.8169556840077071,"current_lr":1.2099315788424908e-07,"epoch":9,"_timestamp":1.7546468830239959e+09,"train_accuracy":0.8013489641882127,"train_precision":0.7446538600942371}