{"val_accuracy":0.6363636363636364,"_runtime":9.859469962,"_timestamp":1.7545581238746314e+09,"val_precision":0.7037037037037037,"epoch":99,"val_f1":0.76,"_step":99,"train_precision":0.9655172413793104,"val_recall":0.8260869565217391,"train_accuracy":0.9770992366412213,"current_lr":1.80423326663612e-07,"_wandb":{"runtime":9},"train_loss":0.07221879303821484,"train_recall":1,"val_loss":1.7054170581968995,"train_f1":0.9824561403508771}