{"test_loss":0.5332465767860413,"train_recall":0.9047619047619048,"train_precision":0.8172043010752689,"train_loss":0.4721320094043062,"_step":99,"_wandb":{"runtime":6},"test_recall":0.782608695652174,"test_f1":0.75,"train_f1":0.8587570621468926,"current_lr":1.4392028534923344e-07,"train_accuracy":0.8091603053435115,"test_accuracy":0.6363636363636364,"_timestamp":1.7552606611678495e+09,"test_precision":0.72,"_runtime":6.143801919,"epoch":99}