{"train_recall":0.8672248803827751,"test_recall":0.7191308956014838,"test_accuracy":0.7001145147437733,"_runtime":200.107935541,"_timestamp":1.7552561662623882e+09,"test_precision":0.6102533353320342,"test_loss":0.7340702613996437,"train_precision":0.7984581497797357,"train_loss":0.3652726862215458,"train_accuracy":0.8157894736842105,"train_f1":0.8314220183486238,"current_lr":1.0977540511429805e-07,"_step":99,"epoch":99,"_wandb":{"runtime":200},"test_f1":0.6602335387609471}