{"train_precision":0.86,"test_loss":0.3550689714710887,"train_f1":0.8694187026116259,"_timestamp":1.7551669744685712e+09,"test_precision":0.8226950354609929,"_step":99,"test_f1":0.8197879858657244,"epoch":99,"test_recall":0.8169014084507042,"train_recall":0.879045996592845,"test_accuracy":0.8222996515679443,"train_loss":0.29089701050754196,"current_lr":6.058279055286387e-08,"_wandb":{"runtime":38},"_runtime":38.740842618,"train_accuracy":0.8646288209606987}