{"train_precision":1,"val_accuracy":0.6060606060606061,"train_f1":0.9940119760479041,"val_loss":2.158106788767107,"train_accuracy":0.9923664122137404,"val_recall":0.6956521739130435,"val_precision":0.7272727272727273,"_step":99,"train_loss":0.03306017804336343,"_runtime":10.030245863,"epoch":99,"val_f1":0.7111111111111111,"current_lr":1.624753613091111e-07,"_wandb":{"runtime":10},"_timestamp":1.7520690337681391e+09,"train_recall":0.9880952380952381}