{"_runtime":15.222188938,"_timestamp":1.7512884510016282e+09,"train_accuracy":0.9007633587786259,"train_f1":0.9239766081871345,"val_recall":0.8260869565217391,"train_recall":0.9404761904761905,"_wandb":{"runtime":15},"_step":99,"train_loss":0.2451019837656094,"val_loss":0.541786348898754,"val_accuracy":0.7575757575757576,"current_lr":5.41269979990836e-08,"val_precision":0.8260869565217391,"train_precision":0.9080459770114943,"epoch":99,"val_f1":0.8260869565217391}