{"_runtime":6.121935857,"test_loss":0.5417040947711829,"_wandb":{"runtime":6},"train_loss":0.6049923896789551,"train_accuracy":0.6412213740458015,"test_precision":0.696969696969697,"_step":99,"train_f1":0.7813953488372093,"train_precision":0.6412213740458015,"train_recall":1,"test_accuracy":0.696969696969697,"test_recall":1,"current_lr":4.851557192749916e-07,"epoch":99,"test_f1":0.8214285714285714,"_timestamp":1.7552854477648396e+09}