{"train_roc_auc":0.9768404656501066,"test_roc_auc":0.709775077221471,"_wandb":{"runtime":49},"train_pr_auc":0.9877017822756101,"train_precision":0.9262672811059908,"_step":99,"test_recall":0.813443072702332,"_timestamp":1.7575248493113241e+09,"test_pr_auc":0.7272821843413232,"epoch":99,"test_loss":1.7589313724187499,"test_precision":0.6145077720207254,"_runtime":49.038313762,"train_loss":0.18363276414754914,"train_recall":0.9392523364485982,"train_accuracy":0.9115853658536586,"test_accuracy":0.6452513966480447}