{"test_recall":1,"train_loss":0.6323385420646376,"test_f1":0.8214285714285714,"_wandb":{"runtime":6},"_timestamp":1.755285274084851e+09,"test_accuracy":0.696969696969697,"test_loss":0.5426208060799222,"_runtime":6.112305173,"_step":99,"train_recall":1,"train_accuracy":0.6412213740458015,"train_f1":0.7813953488372093,"current_lr":6.431830844460109e-07,"test_precision":0.696969696969697,"train_precision":0.6412213740458015,"epoch":99}