{"_wandb":{"runtime":27},"train_f1":0.8546603475513428,"test_recall":0.852112676056338,"_runtime":27.643955883,"train_precision":0.7967599410898379,"test_precision":0.7610062893081762,"train_recall":0.9216354344122658,"epoch":99,"_timestamp":1.755283928339905e+09,"train_loss":0.34207995900941207,"_step":99,"train_accuracy":0.8393013100436681,"test_loss":0.40633655840511523,"test_f1":0.8039867109634552,"test_accuracy":0.794425087108014,"current_lr":4.789885953472753e-07}