{"_runtime":8.97652519,"train_f1":0.8961748633879781,"epoch":99,"val_precision":0.72,"val_f1":0.75,"train_loss":0.36326788468215304,"_wandb":{"runtime":8},"train_accuracy":0.8549618320610687,"current_lr":7.619051730466754e-07,"val_loss":1.1512356436613835,"train_precision":0.8282828282828283,"_timestamp":1.7520685882347543e+09,"_step":99,"train_recall":0.9761904761904762,"val_accuracy":0.6363636363636364,"val_recall":0.782608695652174}