{"train_accuracy":0.5126637554585153,"train_recall":1,"val_accuracy":0.49477351916376305,"train_precision":0.5126637554585153,"val_precision":0.49477351916376305,"train_loss":0.6928268085921175,"current_lr":9.059105567423951e-07,"train_f1":0.6778290993071594,"_wandb":{"runtime":41},"_step":99,"val_f1":0.662004662004662,"val_loss":0.6937145840000193,"val_recall":1,"epoch":99,"_runtime":41.911112519,"_timestamp":1.7522368718214362e+09}