{"train_accuracy":0.7862595419847328,"_wandb":{"runtime":19},"test_precision":0.7142857142857143,"_timestamp":1.755288409932151e+09,"test_accuracy":0.6666666666666666,"current_lr":7.105683190197408e-08,"test_recall":0.8695652173913043,"train_f1":0.8409090909090909,"train_precision":0.8043478260869565,"train_recall":0.8809523809523809,"test_f1":0.7843137254901961,"_step":99,"_runtime":19.166790212,"test_loss":0.6702526526694949,"epoch":99,"train_loss":0.4453060633808602}