{"_timestamp":1.7552825696013863e+09,"train_f1":0.7299396031061259,"test_recall":0.5774647887323944,"epoch":99,"train_recall":0.7206132879045997,"train_loss":0.5168684863627738,"test_precision":0.7663551401869159,"test_f1":0.6586345381526104,"_step":99,"test_accuracy":0.7038327526132404,"_runtime":32.58997523,"current_lr":1.2116558110572774e-07,"test_loss":0.5580552367798542,"train_precision":0.7395104895104895,"_wandb":{"runtime":32},"train_accuracy":0.7266375545851529}