{"test_loss":0.6164888010279163,"train_precision":0.9036144578313253,"test_accuracy":0.7575757575757576,"test_recall":0.9130434782608695,"current_lr":4.2902944375387816e-08,"epoch":99,"train_accuracy":0.8702290076335878,"_timestamp":1.7551734760361629e+09,"_runtime":13.688416299,"test_f1":0.84,"_step":99,"train_f1":0.8982035928143712,"train_loss":0.2988249982586344,"test_precision":0.7777777777777778,"train_recall":0.8928571428571429,"_wandb":{"runtime":13}}