{"val_recall":0.8695652173913043,"val_precision":0.7692307692307693,"train_precision":0.9186046511627907,"_timestamp":1.755160591369985e+09,"_runtime":6.035034047,"train_f1":0.9294117647058824,"train_accuracy":0.9083969465648855,"epoch":99,"_wandb":{"runtime":6},"train_loss":0.26648500192028873,"current_lr":1.80423326663612e-08,"train_recall":0.9404761904761905,"val_accuracy":0.7272727272727273,"val_loss":0.6717725761912086,"_step":99,"val_f1":0.8163265306122449}