{"test_f1":0.8214285714285714,"test_recall":1,"train_recall":1,"train_accuracy":0.6412213740458015,"train_loss":0.6527221712447305,"_runtime":22.174216163,"_wandb":{"runtime":22},"_timestamp":1.755287939084868e+09,"train_f1":0.7813953488372093,"train_precision":0.6412213740458015,"_step":99,"test_precision":0.696969696969697,"test_loss":0.6208689041209944,"epoch":99,"current_lr":6.310598428333323e-07,"test_accuracy":0.696969696969697}