{"test_accuracy":0.7560975609756098,"train_accuracy":0.7807860262008733,"_step":49,"_timestamp":1.756715609488796e+09,"test_precision":0.75,"train_recall":0.9846678023850085,"_wandb":{"runtime":12},"train_precision":0.7048780487804878,"test_recall":0.7605633802816901,"epoch":49,"test_roc_auc":0.8479358912093249,"_runtime":12.196444478,"train_roc_auc":0.9292435261001507,"train_loss":0.3326916519731413,"test_loss":0.5123777148615608}