{"train_accuracy":0.7480916030534351,"train_f1":0.8156424581005587,"val_f1":0.7111111111111111,"_wandb":{"runtime":9},"current_lr":1.80423326663612e-07,"_runtime":9.916719992,"epoch":99,"val_accuracy":0.6060606060606061,"_timestamp":1.7520664065307434e+09,"val_precision":0.7272727272727273,"train_loss":0.4354838198832883,"val_loss":0.6250014020638033,"_step":99,"val_recall":0.6956521739130435,"train_precision":0.7684210526315789,"train_recall":0.8690476190476191}