{"_runtime":35.017431279,"test_recall":0.5352112676056338,"test_f1":0.6307053941908713,"_wandb":{"runtime":35},"test_accuracy":0.6898954703832753,"test_loss":0.586825960189208,"train_f1":0.6852017937219731,"train_recall":0.6507666098807495,"train_accuracy":0.6934497816593886,"train_loss":0.5942856716797341,"_timestamp":1.7552815998929632e+09,"current_lr":1.199251057281973e-07,"train_precision":0.7234848484848485,"test_precision":0.7676767676767676,"_step":99,"epoch":99}