{"train_recall":0.9688995215311005,"test_precision":0.5759493670886076,"test_recall":0.6751457339692634,"epoch":99,"test_loss":1.4407505511333956,"test_f1":0.6216150280556233,"current_lr":7.877740449363696e-08,"train_f1":0.9688995215311005,"_wandb":{"runtime":358},"_timestamp":1.755325208861891e+09,"test_accuracy":0.6669768107643859,"train_precision":0.9688995215311005,"_runtime":358.559013705,"train_accuracy":0.9674185463659147,"train_loss":0.0829768187942959,"_step":99}