{"val_precision":0.7037037037037037,"val_recall":0.8260869565217391,"train_accuracy":0.9236641221374046,"_step":99,"epoch":99,"_wandb":{"runtime":9},"train_f1":0.9397590361445783,"train_precision":0.9512195121951219,"val_accuracy":0.6363636363636364,"val_loss":0.9387244448122202,"_runtime":9.937720096,"_timestamp":1.7520720903126748e+09,"val_f1":0.76,"current_lr":9.0211663331806e-08,"train_loss":0.24662395310765914,"train_recall":0.9285714285714286}