{"current_lr":1.5827993159793512e-07,"test_f1":0.8235294117647058,"test_accuracy":0.7272727272727273,"_step":99,"train_precision":0.7788461538461539,"epoch":99,"train_loss":0.40078438875329403,"train_f1":0.8617021276595744,"_wandb":{"runtime":10},"test_loss":0.6515866842550387,"train_accuracy":0.8015267175572519,"test_recall":0.9130434782608695,"_runtime":10.137208609,"test_precision":0.75,"train_recall":0.9642857142857143,"_timestamp":1.7552880479868999e+09}