{"train_pr_auc":0.9086067856796888,"_runtime":24.857923414,"test_precision":0.6084762865792129,"_step":99,"test_roc_auc":0.7152513136918595,"train_precision":0.8061674008810573,"train_roc_auc":0.8407115920642728,"train_recall":0.8551401869158879,"train_accuracy":0.7713414634146342,"_wandb":{"runtime":24},"test_accuracy":0.6410614525139665,"test_pr_auc":0.7379445880044114,"epoch":99,"train_loss":0.4536625292243027,"test_recall":0.8271604938271605,"_timestamp":1.7575239724299679e+09,"test_loss":0.9258053787260748}