{"train_recall":0.4735945485519591,"train_loss":0.3326916519731413,"test_precision":0.75,"_timestamp":1.7567158224669433e+09,"epoch":49,"test_roc_auc":0.8479358912093249,"train_roc_auc":0.9292435261001507,"train_accuracy":0.7248908296943232,"test_accuracy":0.7560975609756098,"_step":49,"train_precision":0.9788732394366197,"_wandb":{"runtime":19},"test_recall":0.7605633802816901,"_runtime":19.794914209,"test_loss":0.5123777148615608}