{"train_recall":0.897196261682243,"test_loss":1.2090614532958195,"epoch":99,"train_pr_auc":0.9780035677341979,"test_roc_auc":0.7363396534936496,"test_precision":0.6282998944033791,"_wandb":{"runtime":17},"_timestamp":1.7575221182255836e+09,"train_accuracy":0.8719512195121951,"test_recall":0.8161865569272977,"test_pr_auc":0.7421326689581549,"train_precision":0.9056603773584906,"train_roc_auc":0.9554025250040991,"train_loss":0.24950589494007389,"_runtime":17.778714682,"_step":99,"test_accuracy":0.6606145251396648}