{"_runtime":266.891245993,"test_recall":1,"test_accuracy":0.4051674778127684,"train_precision":0.5238095238095238,"current_lr":9.219193523965304e-07,"train_accuracy":0.5238095238095238,"epoch":99,"_step":99,"train_f1":0.6875,"_timestamp":1.7551712075768325e+09,"test_f1":0.576682116844089,"_wandb":{"runtime":266},"test_precision":0.4051674778127684,"train_recall":1,"test_loss":0.7031577191447038,"train_loss":0.6920132988078851}