{"current_lr":1.2237873662995165e-07,"train_loss":0.16721500251360855,"val_precision":0.8646616541353384,"_timestamp":1.750644156100547e+09,"epoch":69,"_step":69,"train_precision":0.9362068965517242,"val_loss":0.46270935097222543,"val_recall":0.8098591549295775,"train_recall":0.9250425894378195,"val_accuracy":0.8432055749128919,"train_accuracy":0.9292576419213974,"train_f1":0.9305912596401028,"_runtime":43.078038031,"_wandb":{"runtime":43},"val_f1":0.8363636363636363}