{"_step":199,"train_f1":0.9397590361445783,"train_roc_auc":0.9952861582800583,"test_f1":0.7920792079207921,"_wandb":{"runtime":67},"train_precision":0.8890577507598785,"test_precision":0.7453416149068323,"current_lr":6.090949342774801e-08,"_runtime":67.132912683,"train_recall":0.9965928449744463,"epoch":199,"test_recall":0.8450704225352113,"_timestamp":1.7561272816604264e+09,"test_roc_auc":0.8792617775619231,"train_loss":0.13849505624656594,"test_loss":0.7668363296196435}