{"_runtime":37.443897938,"_step":99,"train_loss":0.4229352823117884,"train_precision":0.784,"train_f1":0.8448275862068966,"_wandb":{"runtime":37},"_timestamp":1.7552532413091743e+09,"train_accuracy":0.7804878048780488,"test_loss":1.1571746986338547,"train_recall":0.9158878504672897,"test_precision":0.5930131004366812,"current_lr":1.0705416177947185e-07,"test_f1":0.7246531483457844,"epoch":99,"test_recall":0.9314128943758574,"test_accuracy":0.6396648044692738}