{
  "n_estimators": 215,
  "max_depth": 7,
  "learning_rate": 0.06284846545853807,
  "subsample": 0.9021445641270611,
  "colsample_bytree": 0.7700623497964979,
  "reg_alpha": 1.0397083143409445,
  "reg_lambda": 5.677003278199916
}