{"_timestamp":1.755182401492845e+09,"_wandb":{"runtime":857},"_runtime":857.435618209,"test_loss":0.3983672055873973,"current_lr":1.1773453768693099e-07,"test_accuracy":0.8085867620751341,"train_accuracy":0.8094300796278071,"train_f1":0.7649525491061576,"test_precision":0.7679708826205641,"_step":99,"train_loss":0.3880573082180327,"train_precision":0.7659668508287293,"test_f1":0.7593342330184435,"epoch":99,"train_recall":0.7639409301300418,"test_recall":0.7508896797153025}