{"val_f1":0.8214285714285714,"val_loss":0.5735496732998978,"_step":99,"train_loss":0.609279295870366,"_wandb":{"runtime":11},"val_recall":1,"train_accuracy":0.6412213740458015,"val_precision":0.696969696969697,"_timestamp":1.7520664290906646e+09,"train_f1":0.7813953488372093,"epoch":99,"val_accuracy":0.696969696969697,"current_lr":1.80423326663612e-07,"_runtime":11.680287854,"train_recall":1,"train_precision":0.6412213740458015}