{"epoch":99,"_runtime":10.803242119,"val_precision":0.72,"val_loss":0.9697447511734385,"current_lr":9.0211663331806e-08,"_step":99,"val_f1":0.75,"val_recall":0.782608695652174,"train_precision":0.9534883720930233,"val_accuracy":0.6363636363636364,"train_f1":0.9647058823529412,"_timestamp":1.752074168726463e+09,"train_accuracy":0.9541984732824428,"_wandb":{"runtime":10},"train_recall":0.9761904761904762,"train_loss":0.14201376608835944}