{"train_recall":1,"epoch":99,"test_loss":0.6156702782168533,"test_f1":0.8214285714285714,"_wandb":{"runtime":6},"train_f1":0.7813953488372093,"train_precision":0.6412213740458015,"_timestamp":1.7552856055464e+09,"_runtime":6.304201709,"_step":99,"test_recall":1,"train_loss":0.6540227304888135,"current_lr":2.5024272212128445e-06,"test_precision":0.696969696969697,"test_accuracy":0.696969696969697,"train_accuracy":0.6412213740458015}