{"test_precision":0.8285960378983634,"test_recall":0.8558718861209964,"test_accuracy":0.8708407871198569,"_timestamp":1.7561299037310164e+09,"epoch":99,"test_loss":0.2891620583312456,"train_roc_auc":0.9706104393328217,"train_recall":0.885607229446771,"train_accuracy":0.9031045897825892,"_runtime":272.236254029,"_wandb":{"runtime":272},"test_roc_auc":0.9489568225815725,"train_loss":0.2139736523184653,"_step":99,"train_precision":0.8769096464426015}