{
  "n_estimators": 925,
  "max_depth": 20,
  "learning_rate": 0.06780559649846526,
  "subsample": 0.6122720808284149,
  "colsample_bytree": 0.8803919980010504,
  "reg_alpha": 1.0928968274942188,
  "reg_lambda": 4.698646979064217
}