{
  "n_estimators": 967,
  "max_depth": 13,
  "learning_rate": 0.09003976278653758,
  "subsample": 0.718509402281633,
  "colsample_bytree": 0.666106775625201,
  "reg_alpha": 0.15636406741193934,
  "reg_lambda": 4.234014807063698
}