{
  "n_estimators": 404,
  "max_depth": 12,
  "learning_rate": 0.06512674556325512,
  "subsample": 0.7067935316969204,
  "colsample_bytree": 0.7384464269899872,
  "reg_alpha": 0.030677465140740996,
  "reg_lambda": 9.965896837062445
}