{"train_precision":0.6412213740458015,"test_loss":0.6207074369444991,"train_f1":0.7813953488372093,"test_recall":1,"train_accuracy":0.6412213740458015,"_wandb":{"runtime":14},"test_accuracy":0.696969696969697,"_runtime":14.034092166,"train_recall":1,"test_precision":0.696969696969697,"current_lr":7.670539159123062e-07,"train_loss":0.6527170857400385,"_step":99,"test_f1":0.8214285714285714,"_timestamp":1.7552895819380753e+09,"epoch":99}