{"train_precision":0.76,"train_loss":0.45517357023617694,"epoch":99,"_timestamp":1.7552603110436773e+09,"_runtime":6.627114977,"test_recall":0.8695652173913043,"train_accuracy":0.7557251908396947,"test_precision":0.7407407407407407,"test_accuracy":0.696969696969697,"current_lr":1.3360796697974302e-07,"train_recall":0.9047619047619048,"test_loss":0.4926643538655657,"_wandb":{"runtime":6},"train_f1":0.8260869565217391,"_step":99,"test_f1":0.8}