{"test_accuracy":0.696969696969697,"_runtime":6.998803781,"test_precision":0.696969696969697,"test_loss":0.6244924303257104,"train_recall":1,"test_f1":0.8214285714285714,"_wandb":{"runtime":6},"train_f1":0.7813953488372093,"epoch":99,"train_loss":0.6532093768811408,"test_recall":1,"_step":99,"_timestamp":1.7552886191212885e+09,"current_lr":6.1148551117785e-07,"train_accuracy":0.6412213740458015,"train_precision":0.6412213740458015}