{"train_precision":0.8304891922639362,"_wandb":{"runtime":204},"train_accuracy":0.8402255639097744,"_timestamp":1.7551717395298963e+09,"test_f1":0.6335251798561151,"test_accuracy":0.6354136845118808,"test_recall":0.7777777777777778,"test_precision":0.5344095157179269,"current_lr":2.2985875838972236e-07,"epoch":99,"_step":99,"train_loss":0.31162365314954504,"test_loss":1.371438074181901,"_runtime":204.449219741,"train_recall":0.8732057416267942,"train_f1":0.8513119533527697}