{"test_accuracy":0.7979094076655052,"train_accuracy":0.8838427947598253,"train_precision":0.8808724832214765,"test_recall":0.7323943661971831,"epoch":99,"test_roc_auc":0.8739679456046625,"_step":99,"test_loss":0.5520645126648481,"_wandb":{"runtime":28},"train_loss":0.2564400451802791,"test_precision":0.8387096774193549,"_timestamp":1.7569736212833948e+09,"train_roc_auc":0.9595293485495167,"train_recall":0.8943781942078365,"_runtime":28.616033821}