{"_timestamp":1.7522418767922244e+09,"_step":99,"val_recall":1,"_runtime":31.96832738,"val_f1":0.662004662004662,"current_lr":7.654282528825728e-07,"val_loss":0.6937113130134157,"train_f1":0.6778290993071594,"train_loss":0.6928268195239737,"_wandb":{"runtime":31},"train_precision":0.5126637554585153,"val_accuracy":0.49477351916376305,"train_recall":1,"epoch":99,"train_accuracy":0.5126637554585153,"val_precision":0.49477351916376305}