{"_step":99,"train_recall":0.9808612440191388,"train_accuracy":0.9730576441102757,"current_lr":7.363493343875324e-08,"_wandb":{"runtime":1393},"test_precision":0.4921008087267256,"_timestamp":1.7552966692203488e+09,"train_precision":0.9681227863046045,"train_loss":0.07457379653424323,"epoch":99,"test_f1":0.6422829088677509,"test_recall":0.9243949832185127,"_runtime":1393.674476318,"test_loss":4.359793796373871,"train_f1":0.9744503862150921,"test_accuracy":0.5828084740910392}