{"_runtime":54.787214856,"train_accuracy":0.9755458515283842,"train_loss":0.0656330118403164,"_step":199,"test_recall":0.7887323943661971,"train_recall":0.9710391822827938,"_timestamp":1.7561274569096665e+09,"current_lr":6.090949342774801e-08,"test_precision":0.8115942028985508,"test_f1":0.8,"train_f1":0.976027397260274,"_wandb":{"runtime":54},"epoch":199,"train_precision":0.9810671256454389,"test_accuracy":0.8048780487804879,"test_loss":0.7459970687739941}