{"train_f1":0.8439306358381503,"train_loss":0.4577306427118432,"test_f1":0.782608695652174,"_wandb":{"runtime":6},"current_lr":1.082539959981672e-07,"_runtime":6.538385306,"train_precision":0.8202247191011236,"epoch":99,"train_accuracy":0.7938931297709924,"test_loss":0.530370160591591,"train_recall":0.8690476190476191,"_timestamp":1.7552859912615063e+09,"test_recall":0.782608695652174,"test_precision":0.782608695652174,"_step":99,"test_accuracy":0.696969696969697}