{"train_f1":0.8539325842696629,"_step":99,"test_recall":0.9130434782608695,"train_accuracy":0.8015267175572519,"current_lr":1.515308122823551e-07,"train_loss":0.3632107226903202,"epoch":99,"_wandb":{"runtime":8},"_timestamp":1.755173683655291e+09,"test_precision":0.75,"test_f1":0.8235294117647058,"test_loss":0.5393993282747088,"train_recall":0.9047619047619048,"train_precision":0.8085106382978723,"_runtime":8.156435001,"test_accuracy":0.7272727272727273}