{"_wandb":{"runtime":73},"_timestamp":1.7522393313427484e+09,"train_loss":0.6928265773573297,"_step":99,"train_accuracy":0.5126637554585153,"val_loss":0.6937225720608275,"epoch":99,"train_recall":1,"_runtime":73.390636401,"val_accuracy":0.49477351916376305,"train_precision":0.5126637554585153,"val_f1":0.662004662004662,"train_f1":0.6778290993071594,"val_recall":1,"val_precision":0.49477351916376305,"current_lr":1.177018241251734e-06}