{"_step":99,"_wandb":{"runtime":13},"current_lr":6.932463073095399e-08,"train_loss":0.3243826272833438,"val_loss":0.8887932000956922,"val_accuracy":0.6363636363636364,"train_recall":0.9166666666666666,"_timestamp":1.752074066487232e+09,"train_accuracy":0.8778625954198473,"val_f1":0.75,"train_precision":0.8953488372093024,"_runtime":13.088361283,"epoch":99,"train_f1":0.9058823529411765,"val_precision":0.72,"val_recall":0.782608695652174}