{"_timestamp":1.756715123509513e+09,"train_recall":0.8654173764906303,"test_precision":0.75,"train_accuracy":0.8445414847161572,"train_roc_auc":0.9292435261001507,"test_accuracy":0.7560975609756098,"_wandb":{"runtime":11},"_step":49,"epoch":49,"test_loss":0.5123777148615608,"train_precision":0.8369028006589786,"test_recall":0.7605633802816901,"_runtime":11.782485074,"train_loss":0.3326916519731413,"test_roc_auc":0.8479358912093249}