{"train_recall":0.8809523809523809,"train_precision":0.8409090909090909,"_runtime":18.342956702,"val_f1":0.7450980392156863,"current_lr":1.3864926146190798e-08,"val_loss":0.8475661812787594,"train_loss":0.41463421637775333,"_timestamp":1.7520735364614537e+09,"train_f1":0.8604651162790697,"val_accuracy":0.6060606060606061,"val_precision":0.6785714285714286,"train_accuracy":0.816793893129771,"_wandb":{"runtime":18},"_step":99,"epoch":99,"val_recall":0.8260869565217391}