{"test_f1":0.8113879003558719,"test_accuracy":0.8153310104529616,"train_recall":0.8603066439522998,"current_lr":1.557029728656484e-08,"epoch":99,"_step":99,"test_recall":0.8028169014084507,"test_precision":0.8201438848920863,"train_f1":0.8409658617818485,"_wandb":{"runtime":49},"test_loss":0.36727695701845015,"train_precision":0.8224755700325733,"train_accuracy":0.8331877729257642,"_timestamp":1.7551755897029436e+09,"_runtime":49.83312276,"train_loss":0.34954963196313016}