{"_timestamp":1.7552579768391879e+09,"train_f1":0.8674698795180723,"_wandb":{"runtime":7},"val_f1":0.875,"_runtime":7.553881204,"epoch":99,"current_lr":9.0211663331806e-08,"val_loss":0.46809534921979346,"train_recall":0.8571428571428571,"val_accuracy":0.8181818181818182,"val_recall":0.9130434782608695,"train_accuracy":0.8320610687022901,"_step":99,"train_precision":0.8780487804878049,"train_loss":0.32479384279888096,"val_precision":0.84}