{"train_pr_auc":0.9441937530467295,"_wandb":{"runtime":36},"test_precision":0.6011029411764706,"test_pr_auc":0.7485810204164857,"test_loss":0.8668356155716507,"train_recall":0.9532710280373832,"test_roc_auc":0.7290214190798986,"test_accuracy":0.6445530726256983,"train_accuracy":0.8323170731707317,"test_recall":0.897119341563786,"epoch":99,"_runtime":36.695287101,"_timestamp":1.7575246506308353e+09,"train_precision":0.8192771084337349,"train_roc_auc":0.9018281685522217,"train_loss":0.3607132151359465,"_step":99}