{"val_precision":0.7037037037037037,"train_precision":0.9875,"val_accuracy":0.6363636363636364,"_timestamp":1.752069922455617e+09,"val_f1":0.76,"current_lr":3.7125510960126866e-07,"train_recall":0.9404761904761905,"_runtime":9.098751111,"_wandb":{"runtime":9},"train_loss":0.11907978640257857,"train_accuracy":0.9541984732824428,"val_loss":1.5795693469469068,"_step":99,"epoch":99,"train_f1":0.9634146341463414,"val_recall":0.8260869565217391}