{"_timestamp":1.7520704555478277e+09,"epoch":99,"_wandb":{"runtime":10},"train_recall":0.5952380952380952,"val_f1":0.6956521739130435,"val_precision":0.6956521739130435,"current_lr":6.316115077709007e-07,"train_precision":0.8620689655172413,"train_loss":0.5012291494671625,"train_accuracy":0.6793893129770993,"val_accuracy":0.5757575757575758,"_step":99,"val_loss":0.6632848612286828,"_runtime":10.210826846,"val_recall":0.6956521739130435,"train_f1":0.704225352112676}