{"_step":99,"_runtime":15.287690432,"test_loss":0.6244645488984657,"test_precision":0.696969696969697,"train_recall":1,"train_f1":0.7813953488372093,"_wandb":{"runtime":15},"test_f1":0.8214285714285714,"test_accuracy":0.696969696969697,"train_loss":0.6532034896712267,"_timestamp":1.7552888372376957e+09,"epoch":99,"train_precision":0.6412213740458015,"test_recall":1,"current_lr":2.3735319295743107e-07,"train_accuracy":0.6412213740458015}