{"_runtime":9.69671677,"train_f1":0.7813953488372093,"train_loss":0.6537170332806711,"val_accuracy":0.696969696969697,"epoch":99,"_wandb":{"runtime":9},"val_recall":1,"train_precision":0.6412213740458015,"train_recall":1,"current_lr":3.4436592736671068e-06,"_step":99,"val_loss":0.6265343996611509,"train_accuracy":0.6412213740458015,"val_f1":0.8214285714285714,"_timestamp":1.7520707685794113e+09,"val_precision":0.696969696969697}