{"val_precision":0.696969696969697,"train_recall":1,"epoch":99,"train_precision":0.6412213740458015,"val_recall":1,"_wandb":{"runtime":8},"_timestamp":1.7520697005902216e+09,"val_f1":0.8214285714285714,"_step":99,"_runtime":8.050200331,"current_lr":8.966887237016367e-07,"val_loss":0.6173500084515774,"val_accuracy":0.696969696969697,"train_loss":0.6531430505614244,"train_f1":0.7813953488372093,"train_accuracy":0.6412213740458015}