{"test_accuracy":0.6475808760377899,"test_loss":1.5400695429077427,"train_loss":0.30317575314588713,"current_lr":8.469775404478895e-08,"test_precision":0.5446071904127829,"test_f1":0.6463151845999138,"test_recall":0.7947359123829713,"train_f1":0.8633177570093458,"train_recall":0.8839712918660287,"_timestamp":1.755185364710943e+09,"_wandb":{"runtime":237},"epoch":99,"train_accuracy":0.8533834586466166,"_runtime":237.274428768,"_step":99,"train_precision":0.843607305936073}