{"test_recall":0.9366197183098591,"train_precision":0.7048780487804878,"train_loss":0.3326916519731413,"test_loss":0.5123777148615608,"train_roc_auc":0.9292435261001507,"_runtime":17.3280517,"_timestamp":1.7567161662705667e+09,"train_recall":0.9846678023850085,"test_precision":0.6487804878048781,"_wandb":{"runtime":17},"epoch":49,"_step":49,"test_accuracy":0.7177700348432056,"train_accuracy":0.7807860262008733,"test_roc_auc":0.8479358912093249}