{"_runtime":9.75798884,"_step":99,"train_loss":0.2675825352887161,"train_f1":0.8957055214723927,"train_recall":0.8690476190476191,"current_lr":4.738244751468361e-08,"_timestamp":1.7551727218921578e+09,"epoch":99,"train_accuracy":0.8702290076335878,"test_loss":0.5787418066562774,"train_precision":0.9240506329113924,"test_recall":0.9130434782608695,"_wandb":{"runtime":9},"test_precision":0.7777777777777778,"test_f1":0.84,"test_accuracy":0.7575757575757576}