{"train_precision":0.8735632183908046,"train_recall":0.9047619047619048,"_runtime":17.523757749,"_timestamp":1.7520730141549778e+09,"val_recall":0.7391304347826086,"val_accuracy":0.6060606060606061,"train_f1":0.8888888888888888,"val_precision":0.7083333333333334,"val_f1":0.723404255319149,"current_lr":9.0211663331806e-09,"val_loss":0.7911221992337343,"_step":99,"train_loss":0.3371998553967658,"train_accuracy":0.8549618320610687,"epoch":99,"_wandb":{"runtime":17}}