{"_step":99,"_wandb":{"runtime":6},"train_f1":0.7813953488372093,"test_loss":0.6178698873881138,"test_precision":0.696969696969697,"current_lr":8.864850559220625e-07,"_timestamp":1.755285558184133e+09,"epoch":99,"test_accuracy":0.696969696969697,"train_loss":0.6529908180236816,"train_recall":1,"test_recall":1,"train_precision":0.6412213740458015,"_runtime":6.151391895,"test_f1":0.8214285714285714,"train_accuracy":0.6412213740458015}