{"epoch":99,"val_recall":0.782608695652174,"_timestamp":1.7520723226314385e+09,"val_loss":0.771974990948696,"train_precision":0.8651685393258427,"val_accuracy":0.6363636363636364,"train_recall":0.9166666666666666,"train_accuracy":0.8549618320610687,"train_f1":0.8901734104046243,"val_precision":0.72,"val_f1":0.75,"train_loss":0.32713523848366194,"_step":99,"_wandb":{"runtime":12},"_runtime":12.0876266,"current_lr":1.3864926146190798e-08}