{"_wandb":{"runtime":207},"train_precision":0.9266272189349113,"current_lr":8.85890529652074e-08,"test_loss":1.808201625863792,"train_recall":0.9366028708133971,"train_loss":0.16657314021933944,"_step":99,"test_f1":0.4472417623102555,"test_precision":0.742014742014742,"_timestamp":1.7552935279723563e+09,"epoch":99,"train_accuracy":0.9279448621553885,"test_accuracy":0.679430289149728,"test_recall":0.320084790673026,"train_f1":0.9315883402736467,"_runtime":207.687950153}