{"train_pr_auc":0.9918462984321058,"train_loss":0.1829204243598598,"test_pr_auc":0.7739069450274367,"test_precision":0.7082724349605378,"train_precision":0.9562043795620438,"_step":99,"test_roc_auc":0.7126812194565518,"test_recall":0.7023188405797102,"_wandb":{"runtime":79},"train_recall":0.9492753623188406,"test_loss":1.0611617563020483,"epoch":99,"train_roc_auc":0.9805253623188406,"test_accuracy":0.6546725784447476,"train_accuracy":0.9356435643564357,"_runtime":79.457195347,"_timestamp":1.7576708514332175e+09}