{"test_precision":0.5521739130434783,"test_loss":0.656837667322325,"test_accuracy":0.5888501742160279,"epoch":0,"test_recall":0.8943661971830986,"test_f1":0.6827956989247311,"train_accuracy":0.5449781659388646,"_timestamp":1.7561276102750225e+09,"train_recall":0.5928449744463373,"train_loss":0.7222595542278872,"current_lr":6.131745546433505e-05,"_runtime":2.108044879,"_step":0,"train_f1":0.57189811010682,"train_precision":0.5523809523809524,"_wandb":{"runtime":2}}