{"val_f1":0.8214285714285714,"_wandb":{"runtime":8},"_timestamp":1.7520693752672203e+09,"epoch":99,"train_f1":0.7813953488372093,"_runtime":8.972574327,"train_accuracy":0.6412213740458015,"val_accuracy":0.696969696969697,"val_precision":0.696969696969697,"val_recall":1,"val_loss":0.6192978755994276,"train_recall":1,"current_lr":1.0703641795621725e-06,"train_precision":0.6412213740458015,"_step":99,"train_loss":0.6527558610639499}