{"_wandb":{"runtime":9},"val_accuracy":0.5757575757575758,"_timestamp":1.7520715360997305e+09,"current_lr":9.0211663331806e-09,"train_loss":0.45842610834209063,"val_loss":0.6099622351202098,"_runtime":9.017925606,"train_accuracy":0.7480916030534351,"val_f1":0.7083333333333334,"val_recall":0.7391304347826086,"train_precision":0.7802197802197802,"train_recall":0.8452380952380952,"epoch":99,"train_f1":0.8114285714285714,"_step":99,"val_precision":0.68}