{"test_loss":0.6806292469493188,"train_recall":0.27597955706984667,"_step":99,"_timestamp":1.7552812938506525e+09,"test_precision":0.625,"train_f1":0.38802395209580837,"test_accuracy":0.5679442508710801,"current_lr":9.552713522059179e-08,"test_recall":0.31690140845070425,"_wandb":{"runtime":47},"epoch":99,"train_precision":0.6532258064516129,"train_accuracy":0.5537117903930131,"test_f1":0.4205607476635514,"_runtime":47.631310249,"train_loss":0.6670252897853934}