{"current_lr":2.1014402962795566e-07,"epoch":99,"train_loss":0.25226151543419534,"test_accuracy":0.6997206703910615,"_wandb":{"runtime":24},"test_f1":0.7298994974874372,"train_f1":0.9209302325581395,"train_accuracy":0.8963414634146342,"test_precision":0.6732329084588644,"test_recall":0.7969821673525377,"train_precision":0.9166666666666666,"_step":99,"_runtime":24.604855185,"train_recall":0.9252336448598131,"_timestamp":1.7552531917345428e+09,"test_loss":1.096939856196915}