{"test_loss":0.39539202476627733,"test_precision":0.8243243243243243,"train_accuracy":0.8410480349344979,"test_accuracy":0.8397212543554007,"_step":99,"train_recall":0.9335604770017035,"current_lr":1.4641117865541793e-07,"epoch":99,"test_recall":0.8591549295774648,"train_precision":0.7930535455861071,"_timestamp":1.7552842239801147e+09,"train_loss":0.33295529862158163,"_wandb":{"runtime":27},"test_f1":0.8413793103448276,"_runtime":27.540422306,"train_f1":0.8575899843505478}