{"_step":99,"train_recall":0.9439252336448598,"_runtime":29.480939643,"train_accuracy":0.8963414634146342,"test_precision":0.6882430647291942,"test_f1":0.7012113055181696,"train_loss":0.2266892391007121,"current_lr":2.0170404598879002e-07,"epoch":99,"train_precision":0.9017857142857143,"_wandb":{"runtime":29},"_timestamp":1.7552529946557155e+09,"test_recall":0.7146776406035665,"test_loss":0.9767324218536888,"test_accuracy":0.6899441340782123,"train_f1":0.9223744292237442}