{"test_recall":0.8228228228228228,"train_loss":0.29568298904220564,"_timestamp":1.7552456884651222e+09,"epoch":99,"test_loss":1.6280506146813625,"current_lr":6.791253001529823e-08,"_wandb":{"runtime":252},"_runtime":252.199830801,"train_accuracy":0.8515037593984962,"_step":99,"train_f1":0.8605061801059447,"test_f1":0.6517875883299518,"test_precision":0.5396200185356812,"train_precision":0.847045191193511,"train_recall":0.8744019138755981,"test_accuracy":0.6437875751503006}