{"train_recall":1,"train_accuracy":0.6412213740458015,"test_f1":0.8214285714285714,"test_recall":1,"test_accuracy":0.696969696969697,"_timestamp":1.7552847008264503e+09,"test_precision":0.696969696969697,"epoch":99,"train_loss":0.6527343619870776,"test_loss":0.6211347896041293,"_step":99,"_wandb":{"runtime":5},"train_f1":0.7813953488372093,"_runtime":5.993459848,"current_lr":2.242120877623202e-06,"train_precision":0.6412213740458015}