{"val_accuracy":0.6363636363636364,"epoch":99,"val_precision":0.7037037037037037,"train_recall":0.9285714285714286,"train_f1":0.8863636363636364,"train_loss":0.35644804703370303,"val_f1":0.76,"current_lr":1.3864926146190798e-08,"train_precision":0.8478260869565217,"val_recall":0.8260869565217391,"train_accuracy":0.8473282442748091,"_wandb":{"runtime":14},"val_loss":0.7432752582950123,"_step":99,"_timestamp":1.7520733922336266e+09,"_runtime":14.630595244}