{"train_accuracy":0.7786259541984732,"_runtime":6.894321461,"train_precision":0.7477477477477478,"test_f1":0.7924528301886793,"current_lr":1.0825399599816722e-06,"train_recall":0.9880952380952381,"_timestamp":1.7552894711406815e+09,"test_accuracy":0.6666666666666666,"test_precision":0.7,"train_f1":0.8512820512820513,"test_recall":0.9130434782608695,"_step":99,"epoch":99,"_wandb":{"runtime":6},"train_loss":0.5113836756644358,"test_loss":0.7443395717577501}