{"_runtime":316.887570968,"train_precision":0.8207762557077626,"current_lr":1.3232808195333252e-08,"epoch":99,"test_loss":1.4211665623911771,"train_recall":0.8600478468899522,"test_recall":0.815933580639463,"train_loss":0.3461988412198566,"_wandb":{"runtime":316},"test_f1":0.6503343892995425,"train_f1":0.8399532710280374,"_timestamp":1.755248263898268e+09,"test_accuracy":0.6445032922988835,"_step":99,"test_precision":0.5406132958801498,"train_accuracy":0.8283208020050126}