{"train_accuracy":0.8698689956331878,"train_recall":0.8671209540034072,"train_loss":0.2846321225426603,"val_recall":0.7323943661971831,"val_loss":0.6681343080274734,"_timestamp":1.752236363749998e+09,"epoch":99,"_step":99,"val_accuracy":0.6968641114982579,"val_f1":0.7050847457627119,"current_lr":5.1643064345491334e-08,"_runtime":52.669262803,"_wandb":{"runtime":52},"val_precision":0.6797385620915033,"train_precision":0.8775862068965518,"train_f1":0.8723221936589546}