{"epoch":99,"_wandb":{"runtime":20},"train_accuracy":0.6412213740458015,"test_accuracy":0.696969696969697,"train_loss":0.6536153195468524,"_timestamp":1.7552867927273154e+09,"train_recall":1,"current_lr":2.1515183140128735e-07,"test_f1":0.8214285714285714,"train_f1":0.7813953488372093,"test_recall":1,"_runtime":20.56797299,"train_precision":0.6412213740458015,"test_loss":0.6262239280975226,"_step":99,"test_precision":0.696969696969697}