{"test_pr_auc":0.8724016314190934,"train_pr_auc":0.9463391572772792,"test_roc_auc":0.7695652173913043,"_timestamp":1.7574946153698635e+09,"train_accuracy":0.8091603053435115,"test_precision":0.8333333333333334,"train_roc_auc":0.8994427558257345,"_step":99,"_wandb":{"runtime":9},"epoch":99,"train_precision":0.8641975308641975,"train_loss":0.3729190885565663,"_runtime":8.154785299,"train_recall":0.8333333333333334,"test_recall":0.8695652173913043,"test_loss":0.6917280554771423,"test_accuracy":0.7878787878787878}