{"train_loss":0.2766756119618889,"val_f1":0.723404255319149,"train_precision":0.872093023255814,"val_recall":0.7391304347826086,"_step":99,"_runtime":12.064074042,"train_recall":0.8928571428571429,"train_accuracy":0.8473282442748091,"train_f1":0.8823529411764706,"_wandb":{"runtime":12},"_timestamp":1.7520744820064282e+09,"val_loss":1.3047969810887812,"val_precision":0.7083333333333334,"epoch":99,"current_lr":9.0211663331806e-08,"val_accuracy":0.6060606060606061}