{"train_accuracy":0.8473282442748091,"val_loss":0.7432752582950123,"_timestamp":1.7520721129516346e+09,"current_lr":1.3864926146190798e-08,"val_recall":0.8260869565217391,"_wandb":{"runtime":11},"_runtime":11.711977233,"train_f1":0.8863636363636364,"_step":99,"val_accuracy":0.6363636363636364,"val_precision":0.7037037037037037,"train_loss":0.35644804703370303,"train_precision":0.8478260869565217,"epoch":99,"val_f1":0.76,"train_recall":0.9285714285714286}