{"train_f1":0.7813953488372093,"train_accuracy":0.6412213740458015,"epoch":99,"_runtime":8.97648343,"_step":99,"train_loss":0.6527666299397709,"val_loss":0.6216060121854147,"_wandb":{"runtime":8},"val_f1":0.8214285714285714,"val_precision":0.696969696969697,"train_precision":0.6412213740458015,"train_recall":1,"val_recall":1,"_timestamp":1.7520699958317957e+09,"current_lr":1.7136721801895356e-06,"val_accuracy":0.696969696969697}