{"val_precision":0.696969696969697,"_timestamp":1.7520704042941084e+09,"val_f1":0.8214285714285714,"train_recall":1,"train_f1":0.7813953488372093,"val_recall":1,"val_accuracy":0.696969696969697,"epoch":99,"train_precision":0.6412213740458015,"train_loss":0.652993289568952,"_runtime":6.9805527529999996,"_wandb":{"runtime":6},"train_accuracy":0.6412213740458015,"_step":99,"current_lr":1.704325933490174e-06,"val_loss":0.6178597311178843}