{"test_f1":0.6426147773699882,"_timestamp":1.7551848687236636e+09,"train_loss":0.30686592577692856,"current_lr":9.511669070966692e-08,"train_accuracy":0.849624060150376,"test_accuracy":0.6306183796163756,"train_recall":0.8755980861244019,"_step":99,"test_recall":0.819643172584349,"train_precision":0.8433179723502304,"epoch":99,"test_loss":1.5363913411807804,"train_f1":0.8591549295774648,"_runtime":275.954113167,"test_precision":0.5284738041002278,"_wandb":{"runtime":275}}