{"test_recall":0.7553623188405797,"train_pr_auc":0.982287975604454,"train_loss":0.21610445639874676,"_runtime":81.19200228,"test_roc_auc":0.7042021180793199,"train_recall":0.9130434782608695,"_wandb":{"runtime":81},"test_pr_auc":0.7668291669927921,"_timestamp":1.7576704895415556e+09,"epoch":99,"test_accuracy":0.6514324693042292,"train_precision":0.9692307692307692,"test_loss":1.0040005555561913,"test_precision":0.6847083552285864,"_step":99,"train_accuracy":0.9207920792079208,"train_roc_auc":0.9650135869565217}