{"train_recall":1,"_runtime":13.628193558,"_wandb":{"runtime":13},"_step":99,"val_accuracy":0.696969696969697,"current_lr":5.412699799908361e-07,"_timestamp":1.751287901663985e+09,"train_f1":0.7813953488372093,"val_f1":0.8214285714285714,"train_accuracy":0.6412213740458015,"epoch":99,"val_loss":0.6195001304149628,"val_precision":0.696969696969697,"train_loss":0.6527401020053689,"val_recall":1,"train_precision":0.6412213740458015}