{"_step":99,"test_recall":0.6501449275362319,"test_accuracy":0.6389836289222374,"epoch":99,"test_loss":1.2230753275028354,"_runtime":92.121356171,"train_recall":0.9492753623188406,"train_roc_auc":0.9934329710144927,"_timestamp":1.7576712450435057e+09,"test_precision":0.7113859816048208,"train_loss":0.11997677857923035,"train_precision":0.9703703703703703,"test_pr_auc":0.7712285377714747,"_wandb":{"runtime":92},"train_pr_auc":0.997053009603289,"test_roc_auc":0.6999140280729561,"train_accuracy":0.9455445544554455}