{"test_accuracy":0.7575757575757576,"test_recall":0.9565217391304348,"train_accuracy":0.8549618320610687,"test_loss":0.533680317006215,"test_f1":0.8461538461538461,"test_precision":0.7586206896551724,"_runtime":12.381066172,"_step":99,"_timestamp":1.7551734314808435e+09,"train_loss":0.3258738413111854,"train_precision":0.8494623655913979,"train_recall":0.9404761904761905,"train_f1":0.8926553672316384,"current_lr":1.20966035121102e-07,"epoch":99,"_wandb":{"runtime":12}}