{"_timestamp":1.755283587888425e+09,"_step":99,"train_f1":0.6778290993071594,"current_lr":6.058279055286385e-07,"test_f1":0.662004662004662,"_wandb":{"runtime":24},"train_precision":0.5126637554585153,"train_loss":0.6928264913600605,"test_loss":0.6937379901417456,"epoch":99,"test_accuracy":0.49477351916376305,"test_precision":0.49477351916376305,"train_accuracy":0.5126637554585153,"_runtime":24.62033455,"test_recall":1,"train_recall":1}