{"_timestamp":1.756718782893399e+09,"train_roc_auc":0.956859380435562,"epoch":49,"train_loss":0.25858065690200316,"_runtime":200.236242138,"train_recall":0.973330394533833,"_wandb":{"runtime":200},"train_precision":0.7319741422178021,"test_loss":0.3097289763750885,"_step":49,"test_recall":0.943950177935943,"test_precision":0.7106496985934361,"train_accuracy":0.8445021025319853,"test_roc_auc":0.9397136839235781,"test_accuracy":0.8228980322003577}