{"val_loss":0.6210214495658875,"val_precision":0.696969696969697,"train_accuracy":0.6412213740458015,"train_loss":0.6527285864789978,"current_lr":9.668334889314175e-07,"_timestamp":1.7520682187733436e+09,"train_recall":1,"epoch":99,"_runtime":8.045195434,"train_precision":0.6412213740458015,"val_accuracy":0.696969696969697,"val_f1":0.8214285714285714,"_wandb":{"runtime":8},"_step":99,"val_recall":1,"train_f1":0.7813953488372093}