{"_timestamp":1.7552871237971504e+09,"test_recall":1,"_wandb":{"runtime":11},"test_precision":0.696969696969697,"test_accuracy":0.696969696969697,"train_recall":1,"train_f1":0.7813953488372093,"train_loss":0.652713970373605,"train_precision":0.6412213740458015,"_runtime":11.099118,"test_loss":0.6205663870681416,"current_lr":7.849054921893569e-07,"test_f1":0.8214285714285714,"_step":99,"epoch":99,"train_accuracy":0.6412213740458015}