{"val_f1":0.76,"_runtime":6.045362403,"val_accuracy":0.6363636363636364,"val_precision":0.7037037037037037,"_timestamp":1.7515495849645364e+09,"_step":99,"current_lr":9.0211663331806e-08,"val_loss":0.6990612624495318,"train_recall":0.9047619047619048,"train_f1":0.8685714285714285,"val_recall":0.8260869565217391,"train_loss":0.4177078063251408,"epoch":99,"train_accuracy":0.8244274809160306,"_wandb":{"runtime":6},"train_precision":0.8351648351648352}