{"train_f1":0.6903729401561145,"train_recall":0.6780238500851788,"current_lr":3.6349674331718318e-09,"_step":99,"train_accuracy":0.6882096069868996,"val_precision":0.6524822695035462,"val_recall":0.647887323943662,"_wandb":{"runtime":33},"train_precision":0.7031802120141343,"_runtime":33.993619994,"train_loss":0.5826036121647431,"val_accuracy":0.6550522648083623,"val_loss":0.6002955634004148,"_timestamp":1.7513701802336102e+09,"epoch":99,"val_f1":0.6501766784452296}