{"val_loss":0.6937115836226566,"_runtime":37.950677559,"train_recall":1,"_wandb":{"runtime":37},"_timestamp":1.7545565956260922e+09,"epoch":99,"train_f1":0.6778290993071594,"val_accuracy":0.49477351916376305,"_step":99,"val_f1":0.662004662004662,"train_precision":0.5126637554585153,"train_accuracy":0.5126637554585153,"train_loss":0.6928268121840131,"val_precision":0.49477351916376305,"current_lr":7.20386234406115e-07,"val_recall":1}