{"train_accuracy":0.6870229007633588,"train_f1":0.783068783068783,"current_lr":1.3864926146190798e-08,"train_loss":0.5677820398607327,"_step":99,"val_recall":0.8695652173913043,"val_loss":0.6093854752905441,"_timestamp":1.7520714950911307e+09,"_wandb":{"runtime":11},"train_recall":0.8809523809523809,"epoch":99,"val_accuracy":0.6666666666666666,"_runtime":11.544692037,"val_precision":0.7142857142857143,"train_precision":0.7047619047619048,"val_f1":0.7843137254901961}