{"test_accuracy":0.6858001717721156,"train_loss":0.0741996605014592,"train_accuracy":0.9711779448621554,"_timestamp":1.7553068509100404e+09,"train_precision":0.9691211401425178,"current_lr":1.1521220948753584e-07,"_wandb":{"runtime":834},"_runtime":834.129787676,"test_loss":3.8169813446653,"train_recall":0.9760765550239234,"test_recall":0.6751457339692634,"_step":99,"train_f1":0.9725864123957092,"epoch":99,"test_f1":0.6352002659132459,"test_precision":0.5997175584497098}