{"train_recall":0.9148211243611585,"test_recall":0.8169014084507042,"_timestamp":1.756716500909281e+09,"_step":49,"test_accuracy":0.7456445993031359,"test_roc_auc":0.8479358912093249,"train_roc_auc":0.9292435261001507,"_runtime":23.217527591,"_wandb":{"runtime":23},"train_precision":0.7704447632711621,"test_precision":0.7116564417177914,"test_loss":0.5123777148615608,"train_accuracy":0.8165938864628821,"epoch":49,"train_loss":0.3326916519731413}