{"_step":199,"train_f1":0.9718670076726342,"_runtime":118.039515203,"test_precision":0.8267716535433071,"test_recall":0.7394366197183099,"_timestamp":1.7561265918059928e+09,"train_recall":0.9710391822827938,"train_accuracy":32.41135371179039,"train_loss":0.0767351438921742,"test_accuracy":30.28919860627178,"_wandb":{"runtime":118},"test_loss":0.8083301043261218,"epoch":199,"test_f1":0.7806691449814126,"train_precision":0.9726962457337884,"current_lr":6.090949342774801e-08}