{"train_accuracy":0.7126637554585152,"val_accuracy":0.7038327526132404,"_runtime":69.943518177,"current_lr":1.4463710840310705e-08,"val_recall":0.8169014084507042,"train_recall":0.6797274275979557,"val_loss":0.5606357039890223,"val_f1":0.7318611987381703,"train_loss":0.5275463050890177,"epoch":99,"_timestamp":1.752241180965255e+09,"train_f1":0.7080745341614907,"_wandb":{"runtime":69},"val_precision":0.6628571428571428,"_step":99,"train_precision":0.7388888888888889}