{"train_recall":0.9130434782608695,"_step":99,"_runtime":22.939857443,"epoch":99,"test_precision":0.6241050119331742,"train_accuracy":0.8663366336633663,"train_loss":0.2749989079956961,"_timestamp":1.7576685382534351e+09,"train_pr_auc":0.978680615838597,"test_recall":0.7174211248285323,"test_pr_auc":0.7311579875823353,"_wandb":{"runtime":22},"test_loss":1.216429521584644,"train_roc_auc":0.9500679347826088,"test_accuracy":0.6361731843575419,"train_precision":0.8936170212765957,"test_roc_auc":0.7026402620944531}