{"_wandb":{"runtime":42},"_timestamp":1.755281979427669e+09,"_step":99,"test_loss":0.6102977652582973,"current_lr":7.385972538658255e-08,"train_loss":0.6204526649291859,"train_precision":0.6643356643356644,"epoch":99,"test_accuracy":0.6724738675958188,"train_f1":0.6557377049180327,"train_accuracy":0.651528384279476,"_runtime":42.451328133,"train_recall":0.6473594548551959,"test_recall":0.6901408450704225,"test_precision":0.6621621621621622,"test_f1":0.6758620689655173}