{"_timestamp":1.755283277646257e+09,"train_recall":1,"test_precision":0.49477351916376305,"test_accuracy":0.49477351916376305,"test_loss":0.6937379901417456,"_step":99,"test_recall":1,"epoch":99,"_wandb":{"runtime":26},"train_f1":0.6778290993071594,"test_f1":0.662004662004662,"train_precision":0.5126637554585153,"train_loss":0.6928264913600605,"_runtime":26.29463895,"train_accuracy":0.5126637554585153,"current_lr":6.058279055286385e-07}