{"train_recall":0.9492753623188406,"train_loss":0.1653031699433185,"test_recall":0.6008695652173913,"test_roc_auc":0.7063956029441784,"train_pr_auc":0.9935349088761584,"train_precision":0.9562043795620438,"epoch":99,"test_accuracy":0.6355729877216917,"_wandb":{"runtime":77},"test_precision":0.7317331450758913,"_runtime":77.766579573,"_timestamp":1.7576707608622506e+09,"_step":99,"test_loss":1.3573881459675252,"train_accuracy":0.9356435643564357,"test_pr_auc":0.775466463896967,"train_roc_auc":0.9859601449275363}