{"epoch":99,"train_accuracy":0.5126637554585153,"_runtime":22.036241358,"test_recall":1,"test_loss":0.6937374190171006,"test_accuracy":0.49477351916376305,"train_precision":0.5126637554585153,"current_lr":6.164471114530076e-07,"test_f1":0.662004662004662,"train_f1":0.6778290993071594,"test_precision":0.49477351916376305,"_timestamp":1.755282353322963e+09,"train_loss":0.6928264763678005,"train_recall":1,"_wandb":{"runtime":22},"_step":99}