{"test_loss":0.6171461723067544,"train_accuracy":0.6412213740458015,"_wandb":{"runtime":6},"_timestamp":1.7552851383850255e+09,"current_lr":1.2916318003269985e-06,"test_recall":1,"test_accuracy":0.696969696969697,"_runtime":6.095593653,"_step":99,"train_precision":0.6412213740458015,"train_f1":0.7813953488372093,"train_loss":0.6532152044864101,"test_f1":0.8214285714285714,"epoch":99,"test_precision":0.696969696969697,"train_recall":1}