{
  "loop": 10,
  "timestamp": "20251102-154015",
  "n_calls": 20,
  "n_splits": 5,
  "n_workers": 4,
  "random_state": 42,
  "feature_count": 10,
  "best_params": {
    "n_estimators": 959,
    "max_depth": 12,
    "learning_rate": 0.02020347059436182,
    "subsample": 0.650480306025204,
    "colsample_bytree": 0.7507210113019829,
    "reg_alpha": 0.2121735158605265,
    "reg_lambda": 9.092583924806835
  },
  "best_cv_score": 0.8714277443257222,
  "cv_auc_mean": 0.8714277443257222,
  "cv_auc_std": 0.0017487667008467861,
  "paths": {
    "run_dir": "/home/ec2-user/ML-correlator/bayes_results/loop10_20251102-154015",
    "history_csv": "/home/ec2-user/ML-correlator/bayes_results/loop10_20251102-154015/history.csv",
    "thresholds_csv": "/home/ec2-user/ML-correlator/bayes_results/loop10_20251102-154015/thresholds.csv",
    "plot_png": "/home/ec2-user/ML-correlator/bayes_results/loop10_20251102-154015/metrics.png"
  }
}