{"test_loss":0.6262739934565175,"train_precision":0.8602150537634409,"test_recall":0.9565217391304348,"current_lr":1.1999207206367634e-07,"test_f1":0.8461538461538461,"_runtime":10.709192423,"train_recall":0.9523809523809523,"_step":99,"test_precision":0.7586206896551724,"_timestamp":1.755173820156534e+09,"train_loss":0.31025804954630726,"test_accuracy":0.7575757575757576,"_wandb":{"runtime":10},"train_accuracy":0.8702290076335878,"train_f1":0.903954802259887,"epoch":99}