{"test_f1":0.8571428571428571,"test_precision":0.8076923076923077,"_wandb":{"runtime":9},"_runtime":9.311482756,"train_recall":0.9166666666666666,"test_accuracy":0.7878787878787878,"test_loss":0.4855772278793721,"train_f1":0.9112426035502958,"_step":99,"test_recall":0.9130434782608695,"current_lr":5.3451568089262214e-08,"train_loss":0.2837876004117136,"epoch":99,"_timestamp":1.755175929756873e+09,"train_precision":0.9058823529411765,"train_accuracy":0.8854961832061069}