{"_runtime":11.574507454,"epoch":99,"test_accuracy":0.7575757575757576,"test_precision":0.7586206896551724,"test_f1":0.8461538461538461,"train_accuracy":0.8396946564885496,"_step":99,"train_loss":0.35825930842916476,"train_f1":0.8786127167630058,"train_recall":0.9047619047619048,"_timestamp":1.7551737938226147e+09,"current_lr":1.6012905555450832e-07,"test_recall":0.9565217391304348,"test_loss":0.5368584071596464,"_wandb":{"runtime":11},"train_precision":0.8539325842696629}