{"train_f1":0.8685714285714285,"_step":99,"epoch":99,"_runtime":8.457053218,"val_precision":0.7241379310344828,"val_accuracy":0.696969696969697,"current_lr":9.0211663331806e-09,"train_accuracy":0.8244274809160306,"_timestamp":1.752072466563808e+09,"_wandb":{"runtime":8},"val_loss":0.6302200454202566,"train_precision":0.8351648351648352,"train_recall":0.9047619047619048,"train_loss":0.43992245015297227,"val_f1":0.8076923076923077,"val_recall":0.9130434782608695}