{"_step":99,"current_lr":9.578745236467482e-08,"test_precision":0.5456909800212791,"test_f1":0.6538243626062323,"train_precision":0.8451025056947609,"train_accuracy":0.8558897243107769,"epoch":99,"train_f1":0.8658109684947491,"train_recall":0.8875598086124402,"_wandb":{"runtime":214},"_timestamp":1.7551874731537857e+09,"_runtime":214.111624157,"test_loss":1.4304873530888669,"test_accuracy":0.6501574577726882,"train_loss":0.297822992604478,"test_recall":0.8154036389330507}