{"epoch":99,"test_precision":0.8285714285714286,"train_precision":0.8303130148270181,"train_loss":0.35609711759996204,"_runtime":51.727935353,"_wandb":{"runtime":51},"train_f1":0.8442211055276382,"test_recall":0.8169014084507042,"train_recall":0.858603066439523,"_timestamp":1.7551765530672638e+09,"current_lr":1.380554378887572e-08,"train_accuracy":0.8375545851528384,"test_loss":0.38573207392094444,"_step":99,"test_accuracy":0.8257839721254355,"test_f1":0.8226950354609929}