{"_step":99,"train_precision":0.9529411764705882,"train_f1":0.9585798816568047,"current_lr":9.0211663331806e-08,"val_recall":0.6956521739130435,"_runtime":18.102337913,"train_recall":0.9642857142857143,"train_loss":0.135788063284095,"train_accuracy":0.9465648854961832,"epoch":99,"_wandb":{"runtime":18},"val_f1":0.6666666666666666,"val_loss":1.7172210613819268,"val_accuracy":0.5151515151515151,"val_precision":0.64,"_timestamp":1.752072940644302e+09}