{"_timestamp":1.7553248393151412e+09,"train_f1":0.9856801909307876,"test_accuracy":0.6689808187804179,"epoch":99,"current_lr":1.0523264595505969e-07,"train_loss":0.038664373116366994,"train_recall":0.9880382775119617,"train_precision":0.9833333333333333,"test_f1":0.5398467814147846,"_step":99,"_runtime":1257.133881924,"test_precision":0.617995444191344,"train_accuracy":0.9849624060150376,"_wandb":{"runtime":1257},"test_recall":0.4792439498321851,"test_loss":2.2152972024112363}