{
  "loop": 7,
  "timestamp": "20251101-191051",
  "n_calls": 20,
  "n_splits": 5,
  "n_workers": 4,
  "random_state": 42,
  "feature_count": 96,
  "best_params": {
    "n_estimators": 807,
    "max_depth": 6,
    "learning_rate": 0.23611039007910314,
    "subsample": 0.8387400631785948,
    "colsample_bytree": 0.7783331011414365,
    "reg_alpha": 0.9997491581800291,
    "reg_lambda": 4.592488919658672
  },
  "best_cv_score": 0.7769382133018496,
  "cv_auc_mean": 0.7769382133018496,
  "cv_auc_std": 0.08056563102952399,
  "paths": {
    "run_dir": "/home/ec2-user/ML-correlator/bayes_results/loop7_20251101-191051",
    "history_csv": "/home/ec2-user/ML-correlator/bayes_results/loop7_20251101-191051/history.csv",
    "thresholds_csv": "/home/ec2-user/ML-correlator/bayes_results/loop7_20251101-191051/thresholds.csv",
    "plot_png": "/home/ec2-user/ML-correlator/bayes_results/loop7_20251101-191051/metrics.png"
  }
}