{"current_lr":3.054605006277281e-07,"test_f1":0.8214285714285714,"train_recall":1,"_wandb":{"runtime":6},"train_precision":0.6412213740458015,"epoch":99,"train_accuracy":0.6412213740458015,"test_precision":0.696969696969697,"train_loss":0.5403643305065068,"test_accuracy":0.696969696969697,"train_f1":0.7813953488372093,"test_recall":1,"_step":99,"test_loss":0.5701813291419636,"_timestamp":1.7552853217876263e+09,"_runtime":6.607026115}