{"_timestamp":1.7553791813221931e+09,"test_f1":0.35348490349422534,"train_precision":0.9006531976302597,"epoch":199,"_step":199,"test_loss":4.564828433862606,"train_f1":0.9065749235474007,"test_accuracy":0.5700741262756767,"_wandb":{"runtime":3021},"current_lr":3.1040177445189366e-08,"train_loss":0.18279589455333545,"train_accuracy":0.9215056526207606,"_runtime":3021.408853178,"test_recall":0.3513645319236096,"train_recall":0.9125750346313684,"test_precision":0.35563102195545726}