{"train_accuracy":0.9389312977099237,"current_lr":1.3864926146190798e-08,"val_f1":0.7111111111111111,"train_recall":0.9404761904761905,"val_loss":1.0969628898469224,"val_recall":0.6956521739130435,"train_loss":0.1759812779553974,"epoch":99,"train_f1":0.9518072289156626,"_timestamp":1.752074039760053e+09,"val_accuracy":0.6060606060606061,"_step":99,"_wandb":{"runtime":15},"train_precision":0.9634146341463414,"val_precision":0.7272727272727273,"_runtime":15.765646402}