{"train_loss":0.6527906046568892,"train_recall":1,"val_accuracy":0.696969696969697,"epoch":99,"_timestamp":1.7512884065127573e+09,"_step":99,"val_f1":0.8214285714285714,"val_recall":1,"train_precision":0.6412213740458015,"current_lr":5.4126997999083595e-06,"_runtime":14.780425988,"train_accuracy":0.6412213740458015,"train_f1":0.7813953488372093,"_wandb":{"runtime":14},"val_loss":0.6218752048232339,"val_precision":0.696969696969697}