{"_timestamp":1.7520706107994754e+09,"train_precision":0.6412213740458015,"_step":99,"train_f1":0.7813953488372093,"_runtime":10.549681601,"epoch":99,"current_lr":1.8168975383230563e-06,"val_accuracy":0.696969696969697,"val_recall":1,"train_accuracy":0.6412213740458015,"_wandb":{"runtime":10},"val_precision":0.696969696969697,"val_f1":0.8214285714285714,"train_recall":1,"val_loss":0.6192332036567457,"train_loss":0.6527617719337231}