{"_timestamp":1.7576716377401488e+09,"test_pr_auc":0.7714506505274491,"epoch":99,"_step":99,"test_recall":0.6472463768115942,"train_roc_auc":0.9641077898550725,"test_precision":0.7091140044458558,"train_pr_auc":0.983457165774734,"_wandb":{"runtime":73},"train_loss":0.2410618739553017,"test_accuracy":0.6362551159618008,"_runtime":73.883139232,"test_roc_auc":0.6971452757465508,"test_loss":1.122920226077022,"train_recall":0.9420289855072463,"train_precision":0.9027777777777778,"train_accuracy":0.8910891089108911}