{"train_f1":0.7813953488372093,"train_loss":0.6534968271055295,"epoch":99,"_step":99,"val_recall":1,"train_precision":0.6412213740458015,"_runtime":7.145011719,"_wandb":{"runtime":7},"current_lr":2.769561300614398e-06,"_timestamp":1.75206808537033e+09,"val_f1":0.8214285714285714,"train_recall":1,"train_accuracy":0.6412213740458015,"val_accuracy":0.696969696969697,"val_precision":0.696969696969697,"val_loss":0.6257128923228292}