{"val_precision":0.841726618705036,"_timestamp":1.7486937643583488e+09,"_wandb":{"runtime":35},"val_f1":0.8327402135231317,"train_recall":0.9659284497444633,"_runtime":35.0749146,"train_precision":0.945,"val_accuracy":0.8362369337979094,"current_lr":3.6349674331718317e-07,"train_loss":0.10817088307772141,"train_accuracy":0.9537117903930131,"val_loss":0.5574998598065526,"val_recall":0.823943661971831,"_step":99,"epoch":99,"train_f1":0.9553496208930076}