{"current_lr":1.2000001143023252e-07,"train_recall":0.826444671632345,"_wandb":{"runtime":30145},"val_precision":0.8374055539201256,"val_f1":0.8378166110347536,"train_loss":0.2665090981000862,"train_accuracy":0.876265283317428,"_timestamp":1.7546049434502106e+09,"epoch":299,"train_precision":0.8085349590398171,"_runtime":30145.37659893,"val_loss":0.23593552597821166,"val_accuracy":0.8922058007895338,"train_f1":0.817391723042107,"_step":299,"val_recall":0.8382280718986347}