{"test_recall":0.6956521739130435,"train_accuracy":0.7480916030534351,"train_recall":0.8690476190476191,"_wandb":{"runtime":7},"epoch":99,"_step":99,"train_loss":0.5260888551937715,"test_loss":0.5158784606240012,"_runtime":7.342607455,"test_accuracy":0.6060606060606061,"test_f1":0.7111111111111111,"current_lr":7.956370978059898e-08,"train_f1":0.8156424581005587,"test_precision":0.7272727272727273,"train_precision":0.7684210526315789,"_timestamp":1.7552602644431372e+09}