{"train_loss":0.0161002992023447,"_wandb":{"runtime":41},"epoch":99,"val_accuracy":0.6759581881533101,"val_precision":0.6521739130434783,"_runtime":41.411803669,"val_loss":2.435160415928538,"val_recall":0.7394366197183099,"current_lr":1.2116558110572774e-07,"train_precision":0.9965753424657534,"_timestamp":1.7545581891830273e+09,"val_f1":0.693069306930693,"_step":99,"train_recall":0.9914821124361158,"train_f1":0.9940222032450897,"train_accuracy":0.993886462882096}