{"_step":99,"test_accuracy":0.8118466898954704,"epoch":99,"test_f1":0.8057553956834532,"_runtime":27.610592868,"train_f1":0.8901734104046243,"test_loss":0.4019726614503495,"test_recall":0.7887323943661971,"_wandb":{"runtime":27},"train_precision":0.8637820512820513,"test_precision":0.8235294117647058,"train_accuracy":0.8838427947598253,"train_recall":0.9182282793867121,"current_lr":1.3271143358842962e-07,"_timestamp":1.755284150319579e+09,"train_loss":0.24954860533168743}