{"_runtime":8.510302706000001,"current_lr":1.80423326663612e-08,"_timestamp":1.7520721306569338e+09,"_step":99,"val_precision":0.7037037037037037,"train_precision":0.7551020408163265,"train_f1":0.8131868131868132,"val_accuracy":0.6363636363636364,"train_accuracy":0.7404580152671756,"epoch":99,"val_loss":0.5880554456150893,"train_loss":0.5116816863758873,"train_recall":0.8809523809523809,"val_f1":0.76,"val_recall":0.8260869565217391,"_wandb":{"runtime":8}}