{"train_loss":0.23214512783627322,"val_precision":0.6950354609929078,"val_loss":0.7788839464818974,"epoch":99,"val_recall":0.6901408450704225,"_runtime":42.440555015,"_step":99,"train_precision":0.910958904109589,"train_f1":0.9086251067463706,"current_lr":4.1503775439840517e-07,"_wandb":{"runtime":42},"train_recall":0.9063032367972743,"val_accuracy":0.6968641114982579,"val_f1":0.6925795053003534,"_timestamp":1.7522421664683218e+09,"train_accuracy":0.9065502183406113}