{"current_lr":1.6873545455065912e-06,"val_precision":0.696969696969697,"epoch":99,"train_loss":0.6527556936249478,"train_accuracy":0.6412213740458015,"val_f1":0.8214285714285714,"train_recall":1,"_wandb":{"runtime":12},"train_f1":0.7813953488372093,"val_recall":1,"val_accuracy":0.696969696969697,"train_precision":0.6412213740458015,"_step":99,"_timestamp":1.7520697999294028e+09,"val_loss":0.6193002724286282,"_runtime":12.553563593}