{
  "loop": 7,
  "timestamp": "20251101-163512",
  "n_calls": 20,
  "n_splits": 5,
  "n_workers": 4,
  "random_state": 42,
  "feature_count": 86,
  "best_params": {
    "n_estimators": 636,
    "max_depth": 14,
    "learning_rate": 0.0144428546417167,
    "subsample": 0.9803995989658475,
    "colsample_bytree": 0.6,
    "reg_alpha": 4.133230529468002,
    "reg_lambda": 1.611262629225958
  },
  "best_cv_score": 0.7432900432900433,
  "cv_auc_mean": 0.7432900432900433,
  "cv_auc_std": 0.06539112147522759,
  "paths": {
    "run_dir": "/home/ec2-user/ML-correlator/bayes_results/loop7_20251101-163512",
    "history_csv": "/home/ec2-user/ML-correlator/bayes_results/loop7_20251101-163512/history.csv",
    "thresholds_csv": "/home/ec2-user/ML-correlator/bayes_results/loop7_20251101-163512/thresholds.csv",
    "plot_png": "/home/ec2-user/ML-correlator/bayes_results/loop7_20251101-163512/metrics.png"
  }
}