{"test_recall":0.8806584362139918,"train_recall":0.9439252336448598,"train_accuracy":0.7865853658536586,"epoch":99,"test_f1":0.7283040272263188,"test_precision":0.620889748549323,"_runtime":37.322490254,"test_loss":1.0122942069555794,"current_lr":1.3914074134114678e-07,"_wandb":{"runtime":37},"train_loss":0.4386822101546497,"_step":99,"train_f1":0.8523206751054853,"train_precision":0.7769230769230769,"test_accuracy":0.6655027932960894,"_timestamp":1.7552537453776252e+09}