{"train_f1":0.7813953488372093,"test_accuracy":0.696969696969697,"current_lr":7.902417731856043e-07,"epoch":99,"_runtime":25.700950663,"test_loss":0.6213694684433214,"test_precision":0.696969696969697,"train_recall":1,"train_precision":0.6412213740458015,"_step":99,"train_accuracy":0.6412213740458015,"train_loss":0.6527487171515254,"test_recall":1,"test_f1":0.8214285714285714,"_wandb":{"runtime":25},"_timestamp":1.755289027683655e+09}