{"test_precision":0.8421052631578947,"train_precision":0.7951807228915663,"_step":99,"train_f1":0.7904191616766467,"train_recall":0.7857142857142857,"_runtime":9.213584534,"train_loss":0.47814493188421237,"test_f1":0.7619047619047619,"test_accuracy":0.696969696969697,"_timestamp":1.7552870591871731e+09,"test_recall":0.6956521739130435,"epoch":99,"_wandb":{"runtime":9},"test_loss":0.6318683154655208,"train_accuracy":0.732824427480916,"current_lr":8.18333704390455e-08}