{"_step":99,"train_recall":1,"train_f1":0.6778290993071594,"current_lr":1.1626275546517934e-06,"train_loss":0.6928269348290289,"val_loss":0.6936981214878867,"train_precision":0.5126637554585153,"val_accuracy":0.49477351916376305,"train_accuracy":0.5126637554585153,"_timestamp":1.752236549823711e+09,"_wandb":{"runtime":60},"_runtime":60.291166435,"val_f1":0.662004662004662,"val_precision":0.49477351916376305,"epoch":99,"val_recall":1}