{"val_loss":0.69379669095581,"train_f1":0.6778290993071594,"_runtime":88.239348703,"_wandb":{"runtime":88},"epoch":99,"train_recall":1,"_timestamp":1.7522378091487837e+09,"current_lr":8.924974314088616e-07,"train_loss":0.6928281590928157,"train_accuracy":0.5126637554585153,"val_accuracy":0.49477351916376305,"_step":99,"val_recall":1,"val_f1":0.662004662004662,"val_precision":0.49477351916376305,"train_precision":0.5126637554585153}