{"test_roc_auc":0.9397136839235781,"_runtime":173.86884177,"test_recall":0.943950177935943,"test_loss":0.3097289763750885,"test_accuracy":0.8228980322003577,"train_recall":0.973330394533833,"train_loss":0.25858065690200316,"train_precision":0.7319741422178021,"epoch":49,"train_accuracy":0.8445021025319853,"_step":49,"test_precision":0.7106496985934361,"_wandb":{"runtime":173},"train_roc_auc":0.956859380435562,"_timestamp":1.7567178278231318e+09}