{"_step":99,"train_loss":0.6540270652479798,"current_lr":2.5216609028450477e-06,"train_f1":0.7813953488372093,"test_loss":0.6156647205352783,"_timestamp":1.7552853528992443e+09,"epoch":99,"_wandb":{"runtime":5},"test_precision":0.696969696969697,"test_f1":0.8214285714285714,"test_recall":1,"test_accuracy":0.696969696969697,"train_recall":1,"train_accuracy":0.6412213740458015,"train_precision":0.6412213740458015,"_runtime":5.973936807}