{"_runtime":49.132218284,"val_accuracy":0.7526132404181185,"train_loss":0.16542578614174538,"train_precision":0.9446366782006921,"_timestamp":1.7522382843971925e+09,"train_recall":0.9301533219761499,"train_f1":0.9373390557939915,"_step":99,"train_accuracy":0.9362445414847161,"current_lr":1.4328527288773072e-07,"epoch":99,"_wandb":{"runtime":49},"val_f1":0.757679180887372,"val_recall":0.7816901408450704,"val_loss":0.8565668987064827,"val_precision":0.7350993377483444}