{"train_accuracy":0.9860262008733625,"_wandb":{"runtime":41},"current_lr":1.8458815070200807e-07,"train_loss":0.04470301582986351,"train_recall":0.989778534923339,"_runtime":41.782042532,"val_f1":0.760655737704918,"val_precision":0.7116564417177914,"val_accuracy":0.7456445993031359,"train_precision":0.9830795262267343,"val_loss":1.280669898106246,"_timestamp":1.7522404811399243e+09,"val_recall":0.8169014084507042,"epoch":99,"train_f1":0.9864176570458404,"_step":99}