{"train_loss":0.16066651710189214,"epoch":99,"train_accuracy":0.9207920792079208,"test_precision":0.7108626198083067,"train_precision":0.9621212121212122,"_runtime":20.578588751,"_wandb":{"runtime":20},"train_recall":0.9202898550724637,"test_pr_auc":0.8228327313119048,"_step":99,"test_loss":1.1014193842239857,"train_pr_auc":0.9918318265830588,"test_accuracy":0.6722164412070759,"test_recall":0.768566493955095,"train_roc_auc":0.9823369565217391,"test_roc_auc":0.7500339093399886,"_timestamp":1.757669241993318e+09}