{"train_recall":1,"_wandb":{"runtime":83},"train_precision":0.5126637554585153,"train_accuracy":0.5126637554585153,"current_lr":1.1556146875228978e-06,"_timestamp":1.7522382243148353e+09,"train_f1":0.6778290993071594,"train_loss":0.6928284549296683,"val_precision":0.49477351916376305,"epoch":99,"val_accuracy":0.49477351916376305,"_runtime":83.358388229,"_step":99,"val_f1":0.662004662004662,"val_recall":1,"val_loss":0.6938010279725237}