{"current_lr":3.6349674331718317e-07,"_timestamp":1.7492116884617455e+09,"train_precision":0.9375,"val_f1":0.8436363636363636,"epoch":99,"train_loss":0.1428405616220949,"val_recall":0.8169014084507042,"val_accuracy":0.8501742160278746,"train_accuracy":0.9397379912663756,"train_f1":0.9414758269720102,"_step":99,"train_recall":0.9454855195911414,"val_precision":0.8721804511278195,"val_loss":0.5440748169862435,"_wandb":{"runtime":34},"_runtime":34.767636727}