{"_step":99,"val_loss":0.6509673245476953,"epoch":99,"train_precision":0.782608695652174,"current_lr":6.932463073095399e-09,"train_loss":0.4397201710984907,"val_f1":0.8076923076923077,"_runtime":10.030069501,"train_f1":0.8181818181818182,"_wandb":{"runtime":10},"val_recall":0.9130434782608695,"_timestamp":1.7520718022968655e+09,"train_accuracy":0.7557251908396947,"train_recall":0.8571428571428571,"val_precision":0.7241379310344828,"val_accuracy":0.696969696969697}