{"train_loss":0.3365870122691147,"_step":99,"train_recall":0.9642857142857143,"train_f1":0.8950276243093923,"epoch":99,"train_accuracy":0.8549618320610687,"_runtime":10.069566454,"test_f1":0.8461538461538461,"_timestamp":1.7551734516772664e+09,"train_precision":0.8350515463917526,"test_precision":0.7586206896551724,"test_accuracy":0.7575757575757576,"test_recall":0.9565217391304348,"current_lr":1.4448020917460647e-07,"_wandb":{"runtime":10},"test_loss":0.6452827803564795}