{"test_loss":0.36838998404114087,"test_accuracy":0.8118466898954704,"_step":99,"train_accuracy":0.851528384279476,"current_lr":7.492089278449838e-08,"test_f1":0.8057553956834532,"_wandb":{"runtime":47},"train_f1":0.8578595317725752,"_runtime":47.845465852,"_timestamp":1.7551768347830515e+09,"train_precision":0.8423645320197044,"train_recall":0.8739352640545145,"test_recall":0.7887323943661971,"epoch":99,"train_loss":0.2938353299834322,"test_precision":0.8235294117647058}