{"train_f1":0.6875,"test_f1":0.576682116844089,"current_lr":9.205643252015228e-07,"train_loss":0.6920132828236821,"train_recall":1,"test_recall":1,"test_loss":0.7031570173524834,"epoch":99,"train_precision":0.5238095238095238,"train_accuracy":0.5238095238095238,"_wandb":{"runtime":270},"_timestamp":1.755170212985281e+09,"test_precision":0.4051674778127684,"_step":99,"test_accuracy":0.4051674778127684,"_runtime":270.387266342}