{"epoch":99,"train_precision":0.6412213740458015,"test_recall":1,"_runtime":13.647870618,"test_loss":0.623454625859405,"train_accuracy":0.6412213740458015,"_timestamp":1.7552881780677671e+09,"test_f1":0.8214285714285714,"train_loss":0.6530075036842404,"test_precision":0.696969696969697,"current_lr":6.100411179132636e-07,"_wandb":{"runtime":13},"_step":99,"test_accuracy":0.696969696969697,"train_recall":1,"train_f1":0.7813953488372093}