{"_timestamp":1.7553204082012024e+09,"current_lr":7.677925206698148e-08,"test_accuracy":0.5866733466933868,"_step":99,"train_precision":0.9832134292565947,"test_precision":0.4943631329113924,"_wandb":{"runtime":1628},"test_f1":0.6338680022823813,"train_loss":0.04742861719321189,"test_loss":4.5971097478271385,"test_recall":0.8830595301183537,"_runtime":1628.947693,"train_accuracy":0.981203007518797,"train_f1":0.9820359281437125,"train_recall":0.9808612440191388,"epoch":99}