{"_step":69,"epoch":69,"_wandb":{"runtime":26},"train_loss":0.3073469122250875,"train_accuracy":0.8701117318435754,"_timestamp":1.7486198073950996e+09,"_runtime":26.335321922}