{"current_lr":6.932463073095399e-09,"val_loss":0.5656828706463178,"_timestamp":1.7520743856079903e+09,"train_accuracy":0.7480916030534351,"epoch":99,"val_recall":0.8260869565217391,"val_accuracy":0.6363636363636364,"train_loss":0.5587937199432431,"val_f1":0.76,"_wandb":{"runtime":14},"train_precision":0.7802197802197802,"_runtime":14.094475561,"val_precision":0.7037037037037037,"_step":99,"train_f1":0.8114285714285714,"train_recall":0.8452380952380952}