{"train_precision":0.9541284403669725,"epoch":99,"train_recall":0.9719626168224299,"_step":99,"_wandb":{"runtime":20},"train_loss":0.14182587186010873,"test_accuracy":0.6864525139664804,"current_lr":2.5833272715823153e-07,"_runtime":20.399214576,"test_loss":1.5230585712960312,"test_precision":0.6827676240208878,"test_f1":0.6996655518394649,"test_recall":0.7174211248285323,"_timestamp":1.7552535105326042e+09,"train_f1":0.9629629629629629,"train_accuracy":0.9512195121951219}