{"test_recall":0.9130434782608695,"_step":99,"_timestamp":1.7551760914425352e+09,"current_lr":2.709960210827229e-08,"test_f1":0.84,"train_loss":0.3145351696560401,"test_loss":0.5078010691469182,"train_precision":0.9058823529411765,"test_precision":0.7777777777777778,"train_accuracy":0.8854961832061069,"train_recall":0.9166666666666666,"test_accuracy":0.7575757575757576,"epoch":99,"_wandb":{"runtime":13},"_runtime":13.967015267,"train_f1":0.9112426035502958}