{"train_pr_auc":0.9667901236753005,"train_loss":0.316211978158423,"_wandb":{"runtime":8},"train_roc_auc":0.9354103343465046,"train_precision":0.8522727272727273,"test_loss":0.5817546844482422,"train_accuracy":0.8320610687022901,"_runtime":8.049969735,"test_roc_auc":0.7347826086956522,"_timestamp":1.7575121186681316e+09,"test_accuracy":0.7575757575757576,"epoch":99,"_step":99,"test_precision":0.7586206896551724,"test_pr_auc":0.8724277868504595,"test_recall":0.9565217391304348,"train_recall":0.8928571428571429}