{"epoch":99,"_step":99,"val_f1":0.723404255319149,"current_lr":9.0211663331806e-08,"train_loss":0.2766756119618889,"val_accuracy":0.6060606060606061,"val_precision":0.7083333333333334,"val_loss":1.3047969810887812,"train_precision":0.872093023255814,"_runtime":11.751764811,"train_recall":0.8928571428571429,"val_recall":0.7391304347826086,"_timestamp":1.7520743095903223e+09,"_wandb":{"runtime":11},"train_accuracy":0.8473282442748091,"train_f1":0.8823529411764706}