{"train_f1":0.8793103448275862,"train_loss":0.3462098191787557,"train_accuracy":0.8292682926829268,"_runtime":21.329105339,"train_recall":0.9532710280373832,"test_accuracy":0.6885474860335196,"_step":99,"test_f1":0.7400932400932401,"_timestamp":1.7552525501691403e+09,"epoch":99,"test_loss":0.8170459864858809,"test_precision":0.6433637284701115,"test_recall":0.8710562414266118,"_wandb":{"runtime":21},"train_precision":0.816,"current_lr":1.2147054719922187e-07}