{"val_f1":0.6983050847457627,"epoch":99,"val_accuracy":0.6898954703832753,"_timestamp":1.7522371621244044e+09,"train_loss":0.19259861595765992,"train_f1":0.9239864864864865,"_wandb":{"runtime":48},"current_lr":1.1209865878693132e-07,"val_loss":0.8286206396199269,"_runtime":48.664093309,"train_recall":0.9318568994889267,"val_recall":0.7253521126760564,"train_accuracy":0.9213973799126638,"_step":99,"val_precision":0.673202614379085,"train_precision":0.916247906197655}