{"_step":199,"test_precision":0.35243602468389934,"test_loss":4.062581938222445,"test_f1":0.33468225266112756,"_runtime":3003.615526548,"train_f1":0.9007633587786259,"train_precision":0.893533242465546,"train_loss":0.1937165475945311,"train_recall":0.9081114360474065,"_timestamp":1.755385261457696e+09,"test_accuracy":0.5762469657818495,"epoch":199,"test_recall":0.3186313715545325,"_wandb":{"runtime":3003},"current_lr":2.4337411400541304e-08,"train_accuracy":0.9164953751284687}