{"train_precision":0.8024691358024691,"_runtime":29.921126296,"_wandb":{"runtime":29},"_timestamp":1.7575242556167498e+09,"train_accuracy":0.7957317073170732,"train_recall":0.9112149532710281,"train_pr_auc":0.9183932291836863,"train_roc_auc":0.8618626004262994,"train_loss":0.42494733449889394,"test_accuracy":0.6452513966480447,"test_loss":0.7184649526073946,"test_precision":0.6101694915254238,"test_recall":0.8395061728395061,"epoch":99,"test_pr_auc":0.7445827810628813,"test_roc_auc":0.7274194272244955,"_step":99}