{"_timestamp":1.7545590081473093e+09,"val_f1":0.7799736495388669,"val_recall":0.7900355871886121,"_runtime":652.912000363,"train_recall":0.9312320916905444,"_step":99,"val_loss":0.5039773074800086,"val_accuracy":0.8207513416815743,"train_accuracy":0.9402344099490024,"train_f1":0.9267383198069752,"epoch":99,"val_precision":0.7701647875108413,"train_precision":0.9222877101069635,"_wandb":{"runtime":652},"train_loss":0.14330048837654918,"current_lr":1.200123313739194e-07}