{"train_recall":1,"train_precision":0.6412213740458015,"test_loss":0.6216069432822141,"test_recall":1,"epoch":99,"_step":99,"test_precision":0.696969696969697,"_wandb":{"runtime":5},"current_lr":2.529292660951426e-06,"_runtime":5.971644074,"_timestamp":1.7552847326491082e+09,"train_f1":0.7813953488372093,"train_accuracy":0.6412213740458015,"test_accuracy":0.696969696969697,"train_loss":0.6527666640645675,"test_f1":0.8214285714285714}