{"train_accuracy":0.8931297709923665,"_runtime":11.351181054,"epoch":99,"train_f1":0.9195402298850575,"_step":99,"train_loss":0.3299248750883204,"_wandb":{"runtime":11},"current_lr":1.8751381813948253e-08,"train_recall":0.9523809523809523,"test_accuracy":0.7575757575757576,"test_f1":0.8461538461538461,"_timestamp":1.7551725823585293e+09,"train_precision":0.8888888888888888,"test_loss":0.5245661184925473,"test_recall":0.9565217391304348,"test_precision":0.7586206896551724}