{"train_loss":0.3384486650795916,"val_precision":0.8120805369127517,"_timestamp":1.7489579850852616e+09,"epoch":69,"val_loss":0.36768653178879607,"_runtime":44.981707117,"val_accuracy":0.8292682926829268,"val_f1":0.8316151202749141,"train_accuracy":0.8288209606986899,"_wandb":{"runtime":44},"current_lr":1.2237873662995165e-07,"val_recall":0.852112676056338,"train_f1":0.8419354838709677,"_step":69,"train_precision":0.7993874425727412,"train_recall":0.889267461669506}