{"_wandb":{"runtime":26},"val_precision":0.821917808219178,"val_loss":0.4103442672445384,"train_loss":0.35861245013740906,"val_accuracy":0.8327526132404182,"train_f1":0.8248962655601659,"_runtime":26.780328623,"train_accuracy":0.8157205240174672,"train_recall":0.8466780238500852,"epoch":69,"val_f1":0.8333333333333334,"val_recall":0.8450704225352113,"current_lr":6.118936831497582e-09,"_step":69,"_timestamp":1.7488543524692676e+09,"train_precision":0.8042071197411004}