{"test_loss":1.649315308727886,"test_f1":0.647952397619881,"test_precision":0.5366419294990723,"_runtime":215.242079746,"train_f1":0.86,"test_recall":0.8175234057586999,"train_precision":0.8460648148148148,"test_accuracy":0.6400658459776696,"epoch":99,"_step":99,"train_recall":0.8744019138755981,"_wandb":{"runtime":215},"current_lr":8.790387078863873e-08,"_timestamp":1.75518725032368e+09,"train_accuracy":0.8508771929824561,"train_loss":0.29489000511348695}