{"val_loss":2.08243915156411,"val_f1":0.7111111111111111,"val_recall":0.6956521739130435,"train_accuracy":0.9694656488549618,"train_recall":0.9761904761904762,"train_precision":0.9761904761904762,"train_loss":0.10119419652997082,"val_accuracy":0.6060606060606061,"_wandb":{"runtime":8},"_step":99,"val_precision":0.7272727272727273,"_runtime":8.277271294,"_timestamp":1.752071842734794e+09,"epoch":99,"current_lr":9.0211663331806e-08,"train_f1":0.9761904761904762}