{"val_precision":0.696969696969697,"train_recall":1,"train_accuracy":0.6412213740458015,"_wandb":{"runtime":10},"val_accuracy":0.696969696969697,"_runtime":10.389423644,"_step":99,"current_lr":1.6580872791466893e-06,"train_f1":0.7813953488372093,"val_f1":0.8214285714285714,"epoch":99,"val_loss":0.619294589216059,"train_loss":0.652756244626664,"_timestamp":1.7520691984889355e+09,"train_precision":0.6412213740458015,"val_recall":1}