{"val_precision":0.7,"current_lr":7.20386234406115e-07,"train_accuracy":0.9432314410480349,"train_precision":0.9408783783783784,"epoch":99,"val_recall":0.6901408450704225,"val_accuracy":0.7003484320557491,"train_recall":0.948892674616695,"_wandb":{"runtime":29},"_step":99,"train_loss":0.13194058756120342,"_runtime":29.112548115,"val_loss":1.126219761911585,"_timestamp":1.7545559321876736e+09,"train_f1":0.9448685326547922,"val_f1":0.6950354609929078}