{"train_recall":0.9659284497444633,"_step":69,"val_precision":0.8837209302325582,"epoch":69,"train_precision":0.9481605351170569,"train_accuracy":0.9554585152838428,"val_f1":0.8413284132841329,"train_f1":0.9569620253164557,"_wandb":{"runtime":30},"train_loss":0.10696519051056241,"val_recall":0.8028169014084507,"val_loss":0.4565310868652025,"current_lr":1.2237873662995165e-07,"_runtime":30.795925737,"_timestamp":1.748854591099345e+09,"val_accuracy":0.8501742160278746}