{"train_accuracy":0.6412213740458015,"_wandb":{"runtime":9},"train_f1":0.7813953488372093,"val_recall":1,"current_lr":5.638992720293635e-07,"epoch":99,"val_loss":0.6214802075516094,"val_precision":0.696969696969697,"val_f1":0.8214285714285714,"train_precision":0.6412213740458015,"train_loss":0.6527610211881972,"train_recall":1,"_runtime":9.746300221,"val_accuracy":0.696969696969697,"_step":99,"_timestamp":1.752068051103409e+09}