{"train_recall":1,"train_precision":0.6412213740458015,"test_precision":0.696969696969697,"_timestamp":1.755284922574671e+09,"_step":99,"train_loss":0.6527127273210133,"test_f1":0.8214285714285714,"_runtime":6.102164894,"_wandb":{"runtime":6},"train_f1":0.7813953488372093,"test_accuracy":0.696969696969697,"test_recall":1,"epoch":99,"train_accuracy":0.6412213740458015,"test_loss":0.6204627598776962,"current_lr":1.8599083484429457e-06}