{"_step":99,"train_accuracy":0.6412213740458015,"test_f1":0.8214285714285714,"train_f1":0.7813953488372093,"_timestamp":1.7552872117491229e+09,"train_recall":1,"current_lr":2.9799715121340575e-07,"test_accuracy":0.696969696969697,"epoch":99,"train_precision":0.6412213740458015,"test_loss":0.6230849786238237,"test_recall":1,"test_precision":0.696969696969697,"_wandb":{"runtime":25},"_runtime":25.471708335,"train_loss":0.6529463957284243}