{"val_loss":0.6937760750175769,"_step":99,"val_recall":1,"current_lr":5.369340843547005e-07,"train_accuracy":0.5126637554585153,"_timestamp":1.752242063807121e+09,"val_accuracy":0.49477351916376305,"_runtime":61.800429318,"train_f1":0.6778290993071594,"epoch":99,"train_recall":1,"train_precision":0.5126637554585153,"val_f1":0.662004662004662,"_wandb":{"runtime":61},"val_precision":0.49477351916376305,"train_loss":0.6928109000343423}