{"current_lr":1.1700700353350871e-06,"train_precision":0.5126637554585153,"_step":99,"train_accuracy":0.5126637554585153,"train_f1":0.6778290993071594,"val_loss":0.6937139927302504,"val_accuracy":0.49477351916376305,"_runtime":58.013076487,"val_precision":0.49477351916376305,"val_f1":0.662004662004662,"train_recall":1,"_wandb":{"runtime":58},"epoch":99,"val_recall":1,"train_loss":0.6928266631984294,"_timestamp":1.7522400172129612e+09}