{"_runtime":51.888969743,"train_f1":0.8657718120805369,"train_precision":0.8528925619834711,"test_recall":0.8309859154929577,"test_precision":0.8027210884353742,"_step":99,"test_f1":0.8166089965397924,"_timestamp":1.7551752869688916e+09,"train_accuracy":0.8602620087336245,"train_recall":0.879045996592845,"test_accuracy":0.8153310104529616,"test_loss":0.36449816376490046,"current_lr":2.8347936929770543e-08,"_wandb":{"runtime":51},"train_loss":0.31500336444534066,"epoch":99}