{"val_f1":0.662004662004662,"_wandb":{"runtime":54},"val_recall":1,"val_accuracy":0.49477351916376305,"val_loss":0.6937151356025856,"train_loss":0.6928266554420172,"train_recall":1,"val_precision":0.49477351916376305,"train_precision":0.5126637554585153,"train_accuracy":0.5126637554585153,"_runtime":54.714907667,"epoch":99,"_step":99,"train_f1":0.6778290993071594,"current_lr":9.473572342041194e-07,"_timestamp":1.7522419886252043e+09}