{"test_f1":0.8214285714285714,"_timestamp":1.755260464846023e+09,"train_recall":0.9880952380952381,"test_loss":0.5113147506208131,"test_accuracy":0.696969696969697,"train_f1":0.7830188679245284,"train_accuracy":0.648854961832061,"train_precision":0.6484375,"_step":99,"epoch":99,"_wandb":{"runtime":6},"test_precision":0.696969696969697,"current_lr":1.80423326663612e-07,"_runtime":6.943539211,"train_loss":0.5910264590314327,"test_recall":1}