{"_runtime":11.536223230000001,"train_accuracy":0.9541984732824428,"epoch":99,"_step":99,"val_accuracy":0.6666666666666666,"_wandb":{"runtime":11},"train_loss":0.09345266023892483,"val_recall":0.7391304347826086,"train_f1":0.963855421686747,"train_precision":0.975609756097561,"val_loss":1.637405807297138,"val_precision":0.7727272727272727,"_timestamp":1.752071762506524e+09,"train_recall":0.9523809523809523,"current_lr":6.932463073095399e-08,"val_f1":0.7555555555555555}