{"test_loss":0.6157280197649291,"_timestamp":1.7552857625821755e+09,"test_f1":0.8214285714285714,"train_recall":1,"_step":99,"_runtime":6.048654152,"train_loss":0.6539788132405463,"train_precision":0.6412213740458015,"current_lr":2.4402166625138123e-06,"train_accuracy":0.6412213740458015,"test_precision":0.696969696969697,"train_f1":0.7813953488372093,"test_accuracy":0.696969696969697,"epoch":99,"test_recall":1,"_wandb":{"runtime":6}}