{"train_precision":0.7923913043478261,"train_loss":0.3689044119421402,"train_f1":0.8302961275626424,"train_recall":0.8720095693779905,"test_accuracy":0.6601774978528485,"test_precision":0.5609397944199707,"_timestamp":1.7551704268113167e+09,"epoch":99,"test_recall":0.7422716834481541,"_step":99,"current_lr":3.668640166318432e-07,"test_loss":1.1830681838471664,"_runtime":205.131622095,"test_f1":0.6389902676399026,"train_accuracy":0.8132832080200502,"_wandb":{"runtime":205}}