{"train_recall":1,"train_accuracy":0.5126637554585153,"_runtime":28.742610625,"test_precision":0.49477351916376305,"_timestamp":1.7552828533982997e+09,"_step":99,"epoch":99,"train_precision":0.5126637554585153,"test_recall":1,"train_loss":0.6928266845415774,"train_f1":0.6778290993071594,"test_loss":0.6937212102919921,"test_f1":0.662004662004662,"_wandb":{"runtime":28},"current_lr":1.211655811057277e-06,"test_accuracy":0.49477351916376305}