{"_step":99,"current_lr":7.933079506633586e-09,"train_precision":0.7662192393736018,"test_f1":0.638990938035758,"train_accuracy":0.7744360902255639,"test_precision":0.4889888482803861,"test_loss":1.0960202746598795,"test_recall":0.9217452746864512,"test_accuracy":0.5780131691955339,"_timestamp":1.7553166964775767e+09,"train_loss":0.4416929562587786,"_runtime":231.110980686,"epoch":99,"train_f1":0.791907514450867,"_wandb":{"runtime":231},"train_recall":0.819377990430622}