{"test_pr_auc":0.8729673552271596,"test_roc_auc":0.8716852841185041,"epoch":99,"train_accuracy":0.9161572052401746,"train_pr_auc":0.9825168285629924,"train_recall":0.9182282793867121,"_wandb":{"runtime":47},"_step":99,"train_loss":0.17876495068250264,"_runtime":46.197072731,"train_precision":0.9182282793867121,"_timestamp":1.7569778651077235e+09,"test_accuracy":0.7665505226480837,"test_recall":0.7535211267605634,"test_loss":0.6696968217760013,"test_precision":0.7697841726618705,"train_roc_auc":0.9807050002137104}