{"test_accuracy":0.7038327526132404,"_timestamp":1.7552816392962089e+09,"_step":99,"train_f1":0.6666666666666666,"train_precision":0.6706896551724137,"_wandb":{"runtime":27},"test_loss":0.5935946133909326,"test_f1":0.6586345381526104,"_runtime":27.099359288,"test_recall":0.5774647887323944,"train_recall":0.6626916524701874,"epoch":99,"train_loss":0.6120556705903799,"train_accuracy":0.6602620087336245,"current_lr":6.311419061732228e-08,"test_precision":0.7663551401869159}