{"current_lr":4.958011864359241e-07,"_runtime":11.069469635,"train_accuracy":0.6412213740458015,"epoch":99,"train_f1":0.7813953488372093,"_timestamp":1.755286552008305e+09,"_step":99,"train_loss":0.6527124147378761,"test_f1":0.8214285714285714,"test_precision":0.696969696969697,"train_recall":1,"_wandb":{"runtime":11},"test_accuracy":0.696969696969697,"test_loss":0.6204207602775458,"train_precision":0.6412213740458015,"test_recall":1}