{"train_recall":0.8571428571428571,"_timestamp":1.7520747132018468e+09,"train_loss":0.4568019668564542,"train_f1":0.8470588235294118,"val_f1":0.8076923076923077,"val_precision":0.7241379310344828,"train_accuracy":0.8015267175572519,"epoch":99,"val_accuracy":0.696969696969697,"_step":99,"current_lr":1.80423326663612e-08,"train_precision":0.8372093023255814,"_runtime":9.193447525,"_wandb":{"runtime":9},"val_recall":0.9130434782608695,"val_loss":0.6491957184943286}