{"train_loss":0.6530577776996234,"_timestamp":1.752069593031432e+09,"train_precision":0.6412213740458015,"current_lr":1.8139602734662509e-06,"val_recall":1,"val_precision":0.696969696969697,"_runtime":11.898524913,"_step":99,"train_accuracy":0.6412213740458015,"val_f1":0.8214285714285714,"val_accuracy":0.696969696969697,"val_loss":0.6237342908526912,"train_recall":1,"_wandb":{"runtime":11},"train_f1":0.7813953488372093,"epoch":99}