{"test_recall":0.9130434782608695,"train_recall":0.9285714285714286,"current_lr":2.4707607163438517e-07,"train_f1":0.8524590163934426,"train_precision":0.7878787878787878,"_timestamp":1.755288583535033e+09,"test_precision":0.7777777777777778,"epoch":99,"train_accuracy":0.7938931297709924,"test_f1":0.84,"_wandb":{"runtime":8},"train_loss":0.4222205831804348,"_runtime":8.993366045,"test_accuracy":0.7575757575757576,"test_loss":0.5667274752349565,"_step":99}