{"train_accuracy":0.8148471615720524,"train_precision":0.9157427937915743,"test_loss":0.5123777148615608,"train_loss":0.3326916519731413,"test_recall":0.7605633802816901,"_wandb":{"runtime":11},"_runtime":11.588466635,"_step":49,"train_roc_auc":0.9292435261001507,"test_precision":0.75,"test_roc_auc":0.8479358912093249,"test_accuracy":0.7560975609756098,"train_recall":0.7035775127768313,"epoch":49,"_timestamp":1.7567151472613795e+09}