{"epoch":99,"train_f1":0.6778290993071594,"train_loss":0.6928277485235289,"_wandb":{"runtime":67},"train_accuracy":0.5126637554585153,"train_precision":0.5126637554585153,"current_lr":6.25422806851007e-07,"val_f1":0.662004662004662,"val_loss":0.6937888343575109,"val_recall":1,"_step":99,"train_recall":1,"val_accuracy":0.49477351916376305,"val_precision":0.49477351916376305,"_timestamp":1.752241629505025e+09,"_runtime":67.515493795}