{"test_accuracy":0.8432915921288014,"_step":49,"epoch":49,"train_accuracy":0.8641853806924935,"train_precision":0.7678793256433007,"test_recall":0.9181494661921709,"_timestamp":1.7567180230240676e+09,"test_roc_auc":0.9397136839235781,"train_roc_auc":0.956859380435562,"_runtime":182.322327978,"train_recall":0.9537139078686356,"test_precision":0.7489114658925979,"_wandb":{"runtime":182},"test_loss":0.3097289763750885,"train_loss":0.25858065690200316}