{"train_recall":0.9404761904761905,"_step":99,"test_recall":0.8695652173913043,"test_accuracy":0.7575757575757576,"train_f1":0.9349112426035503,"test_f1":0.8333333333333334,"_timestamp":1.7551735977563825e+09,"test_loss":0.5547742503060197,"train_loss":0.26456479261849675,"current_lr":5.418563569296673e-08,"train_accuracy":0.916030534351145,"epoch":99,"train_precision":0.9294117647058824,"_wandb":{"runtime":14},"_runtime":14.675320139,"test_precision":0.8}