{"train_recall":0.9404761904761905,"val_precision":0.7692307692307693,"epoch":99,"val_loss":0.6717725761912086,"val_f1":0.8163265306122449,"train_precision":0.9186046511627907,"_runtime":6.223282344,"current_lr":1.80423326663612e-08,"_timestamp":1.755162893335268e+09,"_step":99,"train_accuracy":0.9083969465648855,"_wandb":{"runtime":6},"train_loss":0.26648500192028873,"train_f1":0.9294117647058824,"val_accuracy":0.7272727272727273,"val_recall":0.8695652173913043}