{"_timestamp":1.7552592575820012e+09,"train_precision":0.926829268292683,"train_recall":0.9047619047619048,"test_recall":0.8695652173913043,"_wandb":{"runtime":11},"test_f1":0.8,"test_loss":0.9294106149481554,"_step":99,"train_accuracy":0.8931297709923665,"_runtime":11.476167396,"test_accuracy":0.696969696969697,"test_precision":0.7407407407407407,"train_loss":0.2726562710208747,"epoch":99,"current_lr":1.0667124505137119e-07,"train_f1":0.9156626506024096}