{"epoch":99,"test_f1":0.8214285714285714,"train_loss":0.6320746145175613,"train_precision":0.6412213740458015,"current_lr":9.738897807830948e-07,"_runtime":6.021439449,"_wandb":{"runtime":6},"train_recall":1,"_timestamp":1.7552855104357293e+09,"train_accuracy":0.6412213740458015,"test_loss":0.5730864464333563,"_step":99,"test_recall":1,"test_accuracy":0.696969696969697,"test_precision":0.696969696969697,"train_f1":0.7813953488372093}