{"_wandb":{"runtime":41},"test_roc_auc":0.8739679456046625,"train_loss":0.2564400451802791,"test_precision":0.8387096774193549,"epoch":99,"train_pr_auc":0.9630872584274314,"_step":99,"train_precision":0.8808724832214765,"_runtime":41.048798282,"train_roc_auc":0.9595293485495167,"test_accuracy":0.7979094076655052,"train_recall":0.8943781942078365,"train_accuracy":0.8838427947598253,"test_pr_auc":0.8777094270550556,"test_recall":0.7323943661971831,"test_loss":0.5520645126648481,"_timestamp":1.7569738541885054e+09}