{"train_loss":0.5887171639625682,"_wandb":{"runtime":23},"_runtime":23.045001227,"epoch":99,"_timestamp":1.7552811694344594e+09,"train_accuracy":0.6663755458515284,"train_f1":0.6666666666666666,"train_precision":0.6833631484794276,"current_lr":1.0784569583032317e-07,"test_loss":0.5864340935019251,"test_precision":0.7007299270072993,"test_accuracy":0.6968641114982579,"test_recall":0.676056338028169,"train_recall":0.6507666098807495,"_step":99,"test_f1":0.6881720430107527}