{"test_f1":0.8214285714285714,"_step":99,"_wandb":{"runtime":8},"_runtime":8.861604953,"epoch":99,"train_recall":1,"train_accuracy":0.6412213740458015,"test_loss":0.5760744566267187,"train_f1":0.7813953488372093,"test_accuracy":0.696969696969697,"_timestamp":1.7552887939700704e+09,"test_recall":1,"test_precision":0.696969696969697,"train_precision":0.6412213740458015,"train_loss":0.5292931424297449,"current_lr":5.352695971592841e-07}