{"_wandb":{"runtime":13},"_runtime":13.32478199,"val_precision":0.7037037037037037,"train_f1":0.8863636363636364,"val_accuracy":0.6363636363636364,"train_precision":0.8478260869565217,"train_recall":0.9285714285714286,"_step":99,"train_loss":0.35644804703370303,"epoch":99,"train_accuracy":0.8473282442748091,"val_f1":0.76,"val_recall":0.8260869565217391,"current_lr":1.3864926146190798e-08,"_timestamp":1.752072047062156e+09,"val_loss":0.7432752582950123}