{
  "n_estimators": 551,
  "max_depth": 12,
  "learning_rate": 0.03060270491748672,
  "subsample": 0.9994213108975549,
  "colsample_bytree": 0.7014571391984521,
  "reg_alpha": 2.3811541458556134,
  "reg_lambda": 4.46669362483272
}