{
  "n_estimators": 551,
  "max_depth": 8,
  "learning_rate": 0.16713916515412913,
  "subsample": 0.9951967733358661,
  "colsample_bytree": 0.8704835341912073,
  "reg_alpha": 0.01785263950404348,
  "reg_lambda": 9.976140537913775
}