{"current_lr":6.897769986375038e-08,"train_recall":0.8827751196172249,"_timestamp":1.7552552559989688e+09,"test_loss":0.5233821415692249,"epoch":99,"_step":99,"train_loss":0.40658201198828847,"test_f1":0.6957305580594936,"train_accuracy":0.7913533834586466,"test_recall":0.749867514573397,"train_precision":0.7584789311408017,"test_accuracy":0.7342542227311767,"train_f1":0.8159203980099502,"_wandb":{"runtime":364},"_runtime":364.351054545,"test_precision":0.6488841332925711}