{"_timestamp":1.752073472490244e+09,"val_loss":0.6364800609422453,"train_accuracy":0.8625954198473282,"epoch":99,"current_lr":6.932463073095399e-09,"val_f1":0.7755102040816326,"_step":99,"_wandb":{"runtime":16},"train_loss":0.40292066813425254,"val_accuracy":0.6666666666666666,"train_precision":0.8586956521739131,"train_f1":0.8977272727272727,"val_recall":0.8260869565217391,"_runtime":16.447473681,"train_recall":0.9404761904761905,"val_precision":0.7307692307692307}