{
  "n_estimators": 904,
  "max_depth": 7,
  "learning_rate": 0.14444265753696228,
  "subsample": 0.9818405939990654,
  "colsample_bytree": 0.7172415553025286,
  "reg_alpha": 0.03535414250756875,
  "reg_lambda": 5.828218140859725
}