{
  "n_estimators": 965,
  "max_depth": 8,
  "learning_rate": 0.06680638507244592,
  "subsample": 0.8085844358612326,
  "colsample_bytree": 0.7728845173203626,
  "reg_alpha": 4.898117539066972,
  "reg_lambda": 9.253356434486522
}