{"train_roc_auc":0.9913949275362319,"test_loss":1.1378529425634205,"test_pr_auc":0.7742963923276401,"train_recall":0.9565217391304348,"train_loss":0.1363931174325471,"epoch":99,"train_precision":0.9850746268656716,"_runtime":68.795660137,"_timestamp":1.7576714678869517e+09,"train_pr_auc":0.9960098714694339,"_wandb":{"runtime":68},"_step":99,"test_accuracy":0.6522851296043656,"test_recall":0.7165217391304348,"train_accuracy":0.9603960396039604,"test_roc_auc":0.708046299965179,"test_precision":0.6996886498726295}