{"train_recall":0.9523809523809523,"_step":99,"train_f1":0.8,"val_recall":1,"train_precision":0.6896551724137931,"train_accuracy":0.6946564885496184,"current_lr":9.0211663331806e-08,"val_precision":0.71875,"_wandb":{"runtime":5},"epoch":99,"val_loss":0.625652450503725,"_runtime":5.284628722,"train_loss":0.5791758321623766,"_timestamp":1.7545559596038272e+09,"val_accuracy":0.7272727272727273,"val_f1":0.8363636363636363}