{"train_loss":0.6529383909611302,"_runtime":8.687790986,"_timestamp":1.7520700764612162e+09,"train_accuracy":0.6412213740458015,"val_accuracy":0.696969696969697,"val_f1":0.8214285714285714,"_wandb":{"runtime":8},"train_f1":0.7813953488372093,"epoch":99,"train_recall":1,"val_recall":1,"train_precision":0.6412213740458015,"val_loss":0.6180899838606516,"_step":99,"current_lr":2.0692530168303266e-06,"val_precision":0.696969696969697}