{"_wandb":{"runtime":9},"val_loss":0.9402862092141401,"epoch":99,"val_f1":0.7391304347826086,"_timestamp":1.7520663841966972e+09,"val_accuracy":0.6363636363636364,"_step":99,"val_precision":0.7391304347826086,"train_recall":0.9642857142857143,"val_recall":0.7391304347826086,"train_precision":0.9759036144578314,"train_accuracy":0.9618320610687023,"_runtime":9.281899063000001,"train_f1":0.9700598802395209,"train_loss":0.1213344308256193,"current_lr":9.021166333180599e-07}