{"train_precision":0.8931021341463414,"_wandb":{"runtime":742},"current_lr":6.000496578998078e-08,"train_accuracy":0.9158503292114983,"train_recall":0.9058755315036722,"epoch":99,"_timestamp":1.7546433075959668e+09,"val_accuracy":0.8953114964675658,"_runtime":742.846154386,"val_loss":0.24387790897218709,"val_f1":0.8776276276276276,"train_f1":0.8994434849357129,"val_precision":0.8717375093214019,"_step":99,"val_recall":0.8835978835978836,"train_loss":0.1979672089015689}