{"train_loss":0.6528694711568701,"current_lr":1.599426409770298e-06,"epoch":99,"val_loss":0.6184337391997828,"train_recall":1,"val_f1":0.8214285714285714,"train_f1":0.7813953488372093,"_timestamp":1.752069651077672e+09,"_runtime":7.578779678,"_step":99,"val_recall":1,"val_precision":0.696969696969697,"val_accuracy":0.696969696969697,"train_precision":0.6412213740458015,"train_accuracy":0.6412213740458015,"_wandb":{"runtime":7}}