{
  "loop": 10,
  "timestamp": "20251102-150450",
  "n_calls": 20,
  "n_splits": 5,
  "n_workers": 4,
  "random_state": 42,
  "feature_count": 31,
  "best_params": {
    "n_estimators": 978,
    "max_depth": 9,
    "learning_rate": 0.16363593675623198,
    "subsample": 0.9983219106767489,
    "colsample_bytree": 0.8296081128399668,
    "reg_alpha": 0.9311866227822947,
    "reg_lambda": 2.1364358385165243
  },
  "best_cv_score": 0.8989873370347515,
  "cv_auc_mean": 0.8989873370347515,
  "cv_auc_std": 0.0020191711984425273,
  "paths": {
    "run_dir": "/home/ec2-user/ML-correlator/bayes_results/loop10_20251102-150450",
    "history_csv": "/home/ec2-user/ML-correlator/bayes_results/loop10_20251102-150450/history.csv",
    "thresholds_csv": "/home/ec2-user/ML-correlator/bayes_results/loop10_20251102-150450/thresholds.csv",
    "plot_png": "/home/ec2-user/ML-correlator/bayes_results/loop10_20251102-150450/metrics.png"
  }
}