{"val_precision":0.49477351916376305,"val_accuracy":0.49477351916376305,"train_accuracy":0.5126637554585153,"val_f1":0.662004662004662,"val_recall":1,"train_precision":0.5126637554585153,"epoch":99,"val_loss":0.6937114615058234,"_timestamp":1.7522381324061863e+09,"current_lr":9.974689404385864e-07,"train_f1":0.6778290993071594,"train_loss":0.6928272081774915,"_runtime":54.429926214,"train_recall":1,"_wandb":{"runtime":54},"_step":99}