{"test_recall":0.7860082304526749,"train_loss":0.04416509256652086,"train_precision":0.9927007299270073,"test_precision":0.6050686378035903,"test_pr_auc":0.7246098398437287,"epoch":99,"train_roc_auc":0.9990942028985508,"_wandb":{"runtime":23},"train_accuracy":0.9851485148514851,"_timestamp":1.7576681205922334e+09,"_runtime":23.546512317,"test_roc_auc":0.6951561698150392,"_step":99,"train_pr_auc":0.9995962586229539,"train_recall":0.9855072463768116,"test_loss":2.3378042575367335,"test_accuracy":0.6298882681564246}