{"train_f1":0.7860696517412935,"_runtime":9.785645016,"train_loss":0.5543303243986523,"val_recall":0.8695652173913043,"val_accuracy":0.6363636363636364,"current_lr":9.0211663331806e-08,"train_recall":0.9404761904761905,"epoch":99,"train_accuracy":0.6717557251908397,"val_f1":0.7692307692307693,"_timestamp":1.7520663635952625e+09,"_wandb":{"runtime":9},"val_loss":0.5884337585814523,"val_precision":0.6896551724137931,"train_precision":0.6752136752136753,"_step":99}