{
  "loop": 9,
  "timestamp": "20251102-092246",
  "n_calls": 20,
  "n_splits": 5,
  "n_workers": 4,
  "random_state": 42,
  "feature_count": 98,
  "best_params": {
    "n_estimators": 967,
    "max_depth": 8,
    "learning_rate": 0.09003976278653758,
    "subsample": 0.718509402281633,
    "colsample_bytree": 0.666106775625201,
    "reg_alpha": 0.07818203370596967,
    "reg_lambda": 4.234014807063698
  },
  "best_cv_score": 0.9253088715334903,
  "cv_auc_mean": 0.9253088715334903,
  "cv_auc_std": 0.0019937519524708697,
  "paths": {
    "run_dir": "/home/ec2-user/ML-correlator/bayes_results/loop9_20251102-092246",
    "history_csv": "/home/ec2-user/ML-correlator/bayes_results/loop9_20251102-092246/history.csv",
    "thresholds_csv": "/home/ec2-user/ML-correlator/bayes_results/loop9_20251102-092246/thresholds.csv",
    "plot_png": "/home/ec2-user/ML-correlator/bayes_results/loop9_20251102-092246/metrics.png"
  }
}