{"_timestamp":1.7552578499603765e+09,"test_precision":0.5280577187356849,"train_f1":0.8459743290548425,"_wandb":{"runtime":235},"_runtime":235.157083563,"train_loss":0.340090109665591,"epoch":99,"train_recall":0.8672248803827751,"test_recall":0.8145204027556969,"train_precision":0.8257403189066059,"test_f1":0.6407281317307024,"_step":99,"train_accuracy":0.8345864661654135,"current_lr":1.20604237282916e-07,"test_loss":1.4395615465953309,"test_accuracy":0.6299026624677927}