{
  "loop": 7,
  "timestamp": "20251102-082252",
  "n_calls": 20,
  "n_splits": 5,
  "n_workers": 4,
  "random_state": 42,
  "feature_count": 31,
  "best_params": {
    "n_estimators": 560,
    "max_depth": 7,
    "learning_rate": 0.15607113848655071,
    "subsample": 0.9852109416910678,
    "colsample_bytree": 0.9272866137512025,
    "reg_alpha": 0.44915649314665873,
    "reg_lambda": 1.3511440387545033
  },
  "best_cv_score": 0.8115571297389479,
  "cv_auc_mean": 0.8115571297389479,
  "cv_auc_std": 0.07487722432241764,
  "paths": {
    "run_dir": "/home/ec2-user/ML-correlator/bayes_results/loop7_20251102-082252",
    "history_csv": "/home/ec2-user/ML-correlator/bayes_results/loop7_20251102-082252/history.csv",
    "thresholds_csv": "/home/ec2-user/ML-correlator/bayes_results/loop7_20251102-082252/thresholds.csv",
    "plot_png": "/home/ec2-user/ML-correlator/bayes_results/loop7_20251102-082252/metrics.png"
  }
}