{"test_loss":0.7389989815361007,"_runtime":24.415818002,"_step":99,"train_precision":0.7983870967741935,"train_f1":0.8571428571428571,"test_recall":0.8669410150891632,"_wandb":{"runtime":24},"epoch":99,"_timestamp":1.755251941207703e+09,"test_f1":0.7247706422018348,"train_accuracy":0.7987804878048781,"current_lr":1.619607295989625e-07,"test_precision":0.6226600985221675,"test_accuracy":0.664804469273743,"train_loss":0.3576657464954911,"train_recall":0.9252336448598131}