{"test_precision":0.6140033407572383,"epoch":99,"test_loss":0.6417555676876108,"_wandb":{"runtime":330},"test_accuracy":0.7120669911251074,"_timestamp":1.7552541962334335e+09,"_step":99,"test_recall":0.779190955661544,"current_lr":6.42703366581005e-08,"train_precision":0.7518703241895262,"train_loss":0.5144296024078713,"train_accuracy":0.7293233082706767,"test_f1":0.6868042039704165,"_runtime":330.438360144,"train_recall":0.7212918660287081,"train_f1":0.7362637362637363}