{"_wandb":{"runtime":7},"_runtime":7.189806532,"test_f1":0.8214285714285714,"train_f1":0.7813953488372093,"_step":99,"test_precision":0.696969696969697,"_timestamp":1.755289154159663e+09,"test_recall":1,"train_precision":0.6412213740458015,"train_loss":0.6527697478086893,"epoch":99,"current_lr":9.021166333180599e-07,"test_loss":0.6191511659911184,"test_accuracy":0.696969696969697,"train_recall":1,"train_accuracy":0.6412213740458015}