{"epoch":99,"test_accuracy":0.7513966480446927,"test_pr_auc":0.8742654004912219,"train_pr_auc":0.9675035990201892,"test_loss":0.701333750559631,"test_recall":0.9190672153635117,"train_loss":0.26746693231808905,"_timestamp":1.7576035091630647e+09,"train_roc_auc":0.9515865049869336,"_wandb":{"runtime":44},"train_precision":0.8752025931928687,"_runtime":44.826041074,"test_precision":0.6928645294725957,"train_accuracy":0.8792924037460979,"_step":99,"train_recall":0.9326424870466321,"test_roc_auc":0.8674883460458509}