{"val_precision":0.49477351916376305,"train_accuracy":0.5126637554585153,"_wandb":{"runtime":72},"val_recall":1,"_timestamp":1.752239057542533e+09,"val_accuracy":0.49477351916376305,"_runtime":72.388144228,"train_loss":0.692826580688943,"val_loss":0.693719920381021,"_step":99,"current_lr":1.0363975216244839e-06,"epoch":99,"train_recall":1,"val_f1":0.662004662004662,"train_f1":0.6778290993071594,"train_precision":0.5126637554585153}