feature,importance,mean_signed_shap
Spectral_lap_eig_1,1.0645211,-0.21153593
Spectral_lap_eig_2,0.21005315,-0.018033685
Spectral_lap_eig_3,0.15537179,-0.0024688283
Spectral_lap_eig_4,0.14450778,-0.010224662
Spectral_lap_eig_6,0.12896803,-0.010420341
Spectral_lap_eig_9,0.109295316,-0.014146934
Spectral_lap_eig_8,0.109015465,-0.0002045616
Spectral_lap_eig_7,0.1031415,-0.0032258136
Spectral_lap_eig_5,0.053936522,-0.0034718674
Spectral_lap_eig_0,0.034780953,-0.0015482733
