{
  "n_estimators": 631,
  "max_depth": 11,
  "learning_rate": 0.011243259410910733,
  "subsample": 0.9969408231010076,
  "colsample_bytree": 0.9764637801876299,
  "reg_alpha": 4.475041089448623,
  "reg_lambda": 0.3421641513270624
}