{
  "n_estimators": 430,
  "max_depth": 12,
  "learning_rate": 0.01,
  "subsample": 0.6926439536644179,
  "colsample_bytree": 0.9616733120577783,
  "reg_alpha": 4.741749227212563,
  "reg_lambda": 2.9926602142832253
}