{"train_recall":0.8985685701092813,"test_loss":0.4251877146316221,"_step":99,"test_f1":0.7282082011757292,"test_accuracy":0.8283415550857411,"current_lr":2.5282020743745e-08,"epoch":99,"train_accuracy":0.9000513874614594,"train_f1":0.8824062877871826,"_wandb":{"runtime":1748},"train_precision":0.866815144766147,"_timestamp":1.7553389420662153e+09,"test_precision":0.7740730978738359,"test_recall":0.6874743967383883,"train_loss":0.23025958540199473,"_runtime":1748.530979457}