{"_step":99,"test_precision":0.7777777777777778,"train_loss":0.4058760481936331,"_timestamp":1.7552886633052304e+09,"epoch":99,"train_precision":0.803921568627451,"train_f1":0.8817204301075269,"train_recall":0.9761904761904762,"test_recall":0.9130434782608695,"_runtime":14.01066708,"_wandb":{"runtime":14},"current_lr":2.140307941695021e-07,"test_accuracy":0.7575757575757576,"train_accuracy":0.8320610687022901,"test_loss":0.8553109010963729,"test_f1":0.84}