{"train_loss":0.31290845442236515,"test_accuracy":0.6524477526481535,"train_accuracy":0.8427318295739349,"_step":99,"_wandb":{"runtime":246},"train_f1":0.8526130358191427,"test_precision":0.5495384615384615,"current_lr":1.2031449076253178e-07,"train_precision":0.8373702422145328,"_runtime":246.511074285,"test_recall":0.7887299063769652,"_timestamp":1.7551859132705102e+09,"train_recall":0.868421052631579,"epoch":99,"test_loss":1.3541313087885771,"test_f1":0.6477585956767735}