{"_step":99,"test_f1":0.8627450980392157,"current_lr":2.4143423041639695e-08,"train_accuracy":0.8854961832061069,"test_loss":0.47593452873512765,"epoch":99,"test_accuracy":0.7878787878787878,"test_recall":0.9565217391304348,"_timestamp":1.7551728491181762e+09,"test_precision":0.7857142857142857,"train_precision":0.896551724137931,"_runtime":8.909283466,"_wandb":{"runtime":8},"train_loss":0.30324247183690545,"train_f1":0.9122807017543859,"train_recall":0.9285714285714286}