{"val_precision":0.7397260273972602,"current_lr":3.366983902685292e-07,"val_recall":0.7605633802816901,"train_precision":0.8926746166950597,"val_accuracy":0.7491289198606271,"train_accuracy":0.8899563318777293,"train_loss":0.25011171405752675,"_wandb":{"runtime":80},"_timestamp":1.752235664342102e+09,"train_f1":0.8926746166950597,"epoch":99,"_step":99,"val_loss":0.6006761309577198,"_runtime":80.760631869,"val_f1":0.75,"train_recall":0.8926746166950597}