{"test_accuracy":0.49477351916376305,"train_precision":0.5126637554585153,"test_loss":0.6937379901417456,"train_f1":0.6778290993071594,"train_loss":0.6928264913600605,"test_recall":1,"train_accuracy":0.5126637554585153,"_timestamp":1.7552835000455554e+09,"epoch":99,"_step":99,"_runtime":25.56610266,"train_recall":1,"test_f1":0.662004662004662,"current_lr":6.058279055286385e-07,"test_precision":0.49477351916376305,"_wandb":{"runtime":25}}