{"train_accuracy":0.8048780487804879,"epoch":99,"_runtime":21.151351077,"test_accuracy":0.6606145251396648,"train_precision":0.8048780487804879,"_step":99,"current_lr":1.396207486571965e-07,"_wandb":{"runtime":21},"test_loss":0.9524424200950388,"train_f1":0.8608695652173913,"train_loss":0.41849349911619976,"test_recall":0.897119341563786,"test_f1":0.7290969899665551,"test_precision":0.6140845070422535,"train_recall":0.9252336448598131,"_timestamp":1.755252901326561e+09}