{"current_lr":1.0672221258722142e-07,"test_recall":0.8260869565217391,"test_f1":0.7755102040816326,"test_loss":0.7218111738788359,"_runtime":5.903091278,"epoch":99,"_timestamp":1.755259136392124e+09,"train_loss":0.31740511100710805,"_wandb":{"runtime":5},"_step":99,"train_f1":0.9112426035502958,"train_recall":0.9166666666666666,"test_accuracy":0.6666666666666666,"train_accuracy":0.8854961832061069,"train_precision":0.9058823529411765,"test_precision":0.7307692307692307}