{"test_accuracy":0.6829268292682927,"_wandb":{"runtime":31},"test_recall":0.5845070422535211,"_runtime":31.081698813,"test_loss":0.5970811297669228,"train_precision":0.6677577741407529,"train_recall":0.6950596252129472,"current_lr":9.161097578994673e-08,"test_precision":0.7217391304347827,"test_f1":0.6459143968871596,"_step":99,"_timestamp":1.7552607392515812e+09,"train_loss":0.5934787167732372,"epoch":99,"train_accuracy":0.6663755458515284,"train_f1":0.6811352253756261}