{"train_f1":0.7813953488372093,"_runtime":22.589012529,"_wandb":{"runtime":22},"_timestamp":1.7552870413274095e+09,"current_lr":8.223381703807278e-07,"test_recall":1,"train_recall":1,"_step":99,"train_loss":0.6527875602700328,"train_accuracy":0.6412213740458015,"test_accuracy":0.696969696969697,"test_loss":0.6218413277105852,"epoch":99,"test_precision":0.696969696969697,"train_precision":0.6412213740458015,"test_f1":0.8214285714285714}