{
  "loop": 6,
  "timestamp": "20251101-161100",
  "n_calls": 20,
  "n_splits": 5,
  "n_workers": 4,
  "random_state": 42,
  "feature_count": 31,
  "best_params": {
    "n_estimators": 1000,
    "max_depth": 18,
    "learning_rate": 0.23934050223515957,
    "subsample": 0.6227476414568287,
    "colsample_bytree": 0.9594633100248958,
    "reg_alpha": 0.4586122848909404,
    "reg_lambda": 3.825858610068264
  },
  "best_cv_score": 0.765,
  "cv_auc_mean": 0.765,
  "cv_auc_std": 0.19209372712298547,
  "paths": {
    "run_dir": "/home/ec2-user/ML-correlator/bayes_results/loop6_20251101-161100",
    "history_csv": "/home/ec2-user/ML-correlator/bayes_results/loop6_20251101-161100/history.csv",
    "thresholds_csv": "/home/ec2-user/ML-correlator/bayes_results/loop6_20251101-161100/thresholds.csv",
    "plot_png": "/home/ec2-user/ML-correlator/bayes_results/loop6_20251101-161100/metrics.png"
  }
}