{"epoch":99,"test_loss":0.6205015381177267,"test_f1":0.8214285714285714,"test_recall":1,"_timestamp":1.7552844637716136e+09,"train_f1":0.7813953488372093,"train_accuracy":0.6412213740458015,"_step":99,"_wandb":{"runtime":5},"train_precision":0.6412213740458015,"train_recall":1,"_runtime":5.659201675,"test_accuracy":0.696969696969697,"train_loss":0.6527131818633043,"test_precision":0.696969696969697,"current_lr":1.8804539930186956e-06}