{"_runtime":44.548619809,"train_precision":0.6894343649946638,"train_recall":0.7119241789728896,"_timestamp":1.7515494439628127e+09,"_wandb":{"runtime":48},"epoch":9,"current_lr":0.0004200621951205904,"val_accuracy":0.7413237924865832,"val_precision":0.6418966737438075,"val_f1":0.7150177374852188,"train_loss":0.4730029706506148,"train_f1":0.7004988072001735,"val_loss":0.4903424300533288,"train_accuracy":0.7528853896394382,"_step":9,"val_recall":0.8069395017793595}