{"train_precision":0.6412213740458015,"val_f1":0.8214285714285714,"train_accuracy":0.6412213740458015,"_timestamp":1.752070643670304e+09,"train_loss":0.653023854466795,"val_precision":0.696969696969697,"_runtime":7.279268923,"val_accuracy":0.696969696969697,"val_loss":0.6177436194636605,"_step":99,"val_recall":1,"epoch":99,"train_f1":0.7813953488372093,"train_recall":1,"current_lr":1.1316188726213882e-06,"_wandb":{"runtime":7}}