{"train_f1":0.7407407407407407,"train_accuracy":0.6259541984732825,"epoch":99,"_timestamp":1.7520734416703775e+09,"current_lr":9.0211663331806e-09,"_runtime":11.080170605,"train_recall":0.8333333333333334,"val_precision":0.696969696969697,"val_loss":0.609960860375202,"val_f1":0.8214285714285714,"train_precision":0.6666666666666666,"train_loss":0.6177010431544472,"val_recall":1,"val_accuracy":0.696969696969697,"_wandb":{"runtime":11},"_step":99}