{"test_accuracy":0.5757575757575758,"test_f1":0.7083333333333334,"_runtime":6.544309637,"epoch":99,"test_precision":0.68,"current_lr":1.80423326663612e-07,"_step":99,"train_f1":0.8863636363636364,"train_accuracy":0.8473282442748091,"_timestamp":1.7552596268765078e+09,"train_loss":0.31438770958485496,"_wandb":{"runtime":6},"test_recall":0.7391304347826086,"train_precision":0.8478260869565217,"train_recall":0.9285714285714286,"test_loss":1.0803510713334563}