{"test_recall":1,"epoch":99,"train_accuracy":0.6412213740458015,"_timestamp":1.755284574550106e+09,"_wandb":{"runtime":5},"train_precision":0.6412213740458015,"train_f1":0.7813953488372093,"test_loss":0.6190979498805422,"current_lr":8.66965283600787e-07,"_step":99,"test_f1":0.8214285714285714,"test_accuracy":0.696969696969697,"train_recall":1,"test_precision":0.696969696969697,"_runtime":5.774575462,"train_loss":0.652775212098624}