{"train_accuracy":0.8558951965065502,"val_f1":0.7372013651877133,"_runtime":38.931368993,"current_lr":9.806901514585228e-07,"train_precision":0.8187311178247734,"_step":99,"epoch":99,"val_recall":0.7605633802816901,"val_loss":0.5966750802894087,"train_f1":0.8678943154523618,"_wandb":{"runtime":38},"train_loss":0.31867002024921265,"val_precision":0.7152317880794702,"train_recall":0.9233390119250426,"_timestamp":1.7522384420340307e+09,"val_accuracy":0.7317073170731707}