{"train_roc_auc":0.9709012681159421,"test_accuracy":0.6307980900409277,"_timestamp":1.7576715477571657e+09,"train_pr_auc":0.9880654582350608,"test_roc_auc":0.7118629252068249,"train_precision":0.9552238805970149,"_wandb":{"runtime":71},"test_recall":0.577391304347826,"train_recall":0.927536231884058,"_step":99,"_runtime":71.760126527,"test_loss":1.0635465322441,"train_loss":0.2021796225321175,"train_accuracy":0.9207920792079208,"test_precision":0.738051130048166,"epoch":99,"test_pr_auc":0.7796309857672727}