{"_wandb":{"runtime":22},"test_f1":0.8214285714285714,"train_accuracy":0.6412213740458015,"current_lr":7.957115317144249e-07,"_step":99,"train_loss":0.6527880512121069,"train_recall":1,"epoch":99,"_runtime":22.089045039,"test_accuracy":0.696969696969697,"train_f1":0.7813953488372093,"_timestamp":1.7552866471982803e+09,"test_loss":0.621846700256521,"test_recall":1,"train_precision":0.6412213740458015,"test_precision":0.696969696969697}