{"_step":99,"train_accuracy":0.8931297709923665,"current_lr":1.3864926146190798e-08,"_timestamp":1.7520737660096116e+09,"val_precision":0.7083333333333334,"val_f1":0.723404255319149,"_wandb":{"runtime":18},"val_accuracy":0.6060606060606061,"train_loss":0.2534376685969702,"train_f1":0.9176470588235294,"_runtime":18.324299573,"val_recall":0.7391304347826086,"train_recall":0.9285714285714286,"train_precision":0.9069767441860465,"epoch":99,"val_loss":0.9579399911136451}