{"current_lr":2.2906236737854823e-08,"train_loss":0.16821403610007982,"_timestamp":1.7553613330673783e+09,"_runtime":2966.394584868,"train_accuracy":0.9287641315519013,"test_f1":0.7432026637795437,"test_recall":0.7097126582525408,"_wandb":{"runtime":2966},"train_precision":0.9095469747643661,"test_precision":0.7800098621443732,"train_recall":0.9208865630290903,"test_loss":0.47650501870528017,"train_f1":0.9151816443594646,"test_accuracy":0.8359434134627933,"_step":199,"epoch":199}