{"_step":99,"val_loss":0.7451176896239772,"epoch":99,"_timestamp":1.7520710560923676e+09,"train_f1":0.9411764705882353,"train_accuracy":0.9236641221374046,"val_precision":0.75,"val_accuracy":0.6666666666666666,"train_recall":0.9523809523809523,"current_lr":1.3864926146190798e-08,"_wandb":{"runtime":10},"val_recall":0.782608695652174,"train_precision":0.9302325581395349,"val_f1":0.7659574468085106,"_runtime":10.242496239,"train_loss":0.2518253064792575}