{"train_accuracy":0.7557251908396947,"epoch":99,"train_recall":0.8928571428571429,"_runtime":13.289108333,"train_precision":0.7653061224489796,"train_loss":0.43830702641538083,"val_precision":0.6785714285714286,"val_loss":0.7614262218050885,"val_accuracy":0.6060606060606061,"train_f1":0.8241758241758241,"_timestamp":1.7520733127763505e+09,"_wandb":{"runtime":13},"val_f1":0.7450980392156863,"current_lr":9.0211663331806e-09,"_step":99,"val_recall":0.8260869565217391}