{"_runtime":26.393066717,"_step":69,"epoch":69,"train_loss":0.263490457004971,"_wandb":{"runtime":26},"train_accuracy":0.8819832402234636,"_timestamp":1.748619290021874e+09}