{"test_precision":0.6575986565911,"test_accuracy":0.7291726309762382,"_wandb":{"runtime":260},"train_loss":0.40679662224642915,"epoch":99,"train_recall":0.861244019138756,"_runtime":260.447187129,"train_precision":0.7651434643995749,"train_f1":0.8103545301069218,"_timestamp":1.755257228297145e+09,"current_lr":7.945841639087048e-08,"_step":99,"test_f1":0.6742424242424242,"test_loss":0.5126816403213276,"test_recall":0.6917505741035153,"train_accuracy":0.7888471177944862}