{"_runtime":64.558740932,"val_recall":0.7887323943661971,"train_f1":0.9336691855583543,"_step":99,"_timestamp":1.7522413014262257e+09,"_wandb":{"runtime":64},"train_precision":0.9205298013245033,"val_accuracy":0.7282229965156795,"epoch":99,"train_recall":0.9471890971039182,"train_loss":0.1794642951616033,"val_precision":0.7,"train_accuracy":0.9310043668122271,"val_loss":0.7327370967599157,"val_f1":0.7417218543046358,"current_lr":1.48670063298426e-07}