{"train_precision":0.6412213740458015,"train_loss":0.6532169448510381,"test_f1":0.8214285714285714,"test_accuracy":0.696969696969697,"train_f1":0.7813953488372093,"test_loss":0.6171414861173341,"_wandb":{"runtime":6},"_timestamp":1.7552852010886104e+09,"current_lr":1.3014782049593212e-06,"_runtime":6.224417106,"test_precision":0.696969696969697,"_step":99,"train_recall":1,"test_recall":1,"epoch":99,"train_accuracy":0.6412213740458015}