{"train_precision":0.9012345679012346,"val_f1":0.7346938775510204,"val_recall":0.782608695652174,"_timestamp":1.7520700337272289e+09,"val_loss":0.7267190119618494,"train_recall":0.8690476190476191,"epoch":99,"_step":99,"train_loss":0.3056035181720748,"train_f1":0.8848484848484849,"_wandb":{"runtime":8},"train_accuracy":0.8549618320610687,"current_lr":6.661881626039698e-08,"_runtime":8.664751174,"val_accuracy":0.6060606060606061,"val_precision":0.6923076923076923}