{"train_recall":0.897196261682243,"test_accuracy":0.6361731843575419,"test_pr_auc":0.7450840536124054,"test_recall":0.8203017832647462,"_step":99,"_timestamp":1.7575244719625542e+09,"test_roc_auc":0.7228788242433467,"_wandb":{"runtime":36},"test_precision":0.6052631578947368,"train_precision":0.8311688311688312,"train_pr_auc":0.9418192658037198,"epoch":99,"train_roc_auc":0.8938760452533202,"_runtime":36.036402839,"test_loss":0.953087722455989,"train_loss":0.36831209754071587,"train_accuracy":0.8140243902439024}