{"val_precision":0.7142857142857143,"val_accuracy":0.735191637630662,"_wandb":{"runtime":63},"train_f1":0.8380503144654088,"val_recall":0.7746478873239436,"current_lr":5.29579681722764e-07,"train_precision":0.7781021897810219,"epoch":99,"train_loss":0.3761667152679643,"train_recall":0.9080068143100511,"_runtime":63.496933516,"_step":99,"val_loss":0.5261554065897074,"train_accuracy":0.8200873362445414,"_timestamp":1.7522422868922806e+09,"val_f1":0.7432432432432432}