{"train_recall":0.9642857142857143,"_step":99,"train_loss":0.606567089339249,"train_f1":0.801980198019802,"_wandb":{"runtime":17},"test_f1":0.8076923076923077,"_timestamp":1.7552867377113218e+09,"test_precision":0.7241379310344828,"test_loss":0.5897730671673674,"test_recall":0.9130434782608695,"_runtime":17.880520566,"current_lr":1.6635556480718708e-07,"epoch":99,"train_precision":0.6864406779661016,"train_accuracy":0.6946564885496184,"test_accuracy":0.696969696969697}