{"test_accuracy":0.6608216432865731,"train_loss":0.31975738192560677,"test_f1":0.654617010421981,"current_lr":3.392532667139665e-08,"test_precision":0.5571960297766749,"train_accuracy":0.8389724310776943,"train_f1":0.84891240446796,"train_recall":0.8636363636363636,"_runtime":230.610711836,"test_loss":1.4626777572064407,"epoch":99,"_step":99,"train_precision":0.8346820809248555,"_wandb":{"runtime":230},"test_recall":0.7933227344992051,"_timestamp":1.7552454252225266e+09}