{"train_recall":0.9299065420560748,"train_roc_auc":0.8573536645351698,"train_loss":0.4251283101919221,"test_accuracy":0.6508379888268156,"test_loss":0.7188891664397117,"test_precision":0.6119257086999023,"test_recall":0.8587105624142661,"train_accuracy":0.8109756097560976,"_wandb":{"runtime":30},"test_roc_auc":0.725023268882918,"_timestamp":1.7575245603312504e+09,"_runtime":30.297559288,"train_pr_auc":0.9108867843157109,"test_pr_auc":0.7420089378644654,"train_precision":0.8089430894308943,"epoch":99,"_step":99}