{"test_loss":0.5280424428708625,"train_precision":0.7938144329896907,"train_f1":0.850828729281768,"_wandb":{"runtime":8},"epoch":99,"_runtime":8.356081565,"train_recall":0.9166666666666666,"test_recall":0.9130434782608695,"test_f1":0.8076923076923077,"train_accuracy":0.7938931297709924,"current_lr":9.94133586427515e-08,"_step":99,"test_precision":0.7241379310344828,"_timestamp":1.755260404273178e+09,"test_accuracy":0.696969696969697,"train_loss":0.44426213102486295}