{"_runtime":17.261383214,"_timestamp":1.7520732854331179e+09,"val_f1":0.7659574468085106,"val_loss":0.6579964939843524,"train_precision":0.8620689655172413,"val_precision":0.75,"train_loss":0.36970107735113333,"_step":99,"current_lr":1.3864926146190798e-08,"train_accuracy":0.8396946564885496,"epoch":99,"train_f1":0.8771929824561403,"_wandb":{"runtime":17},"val_accuracy":0.6666666666666666,"val_recall":0.782608695652174,"train_recall":0.8928571428571429}