{"current_lr":1.0221512578276576e-07,"_timestamp":1.7552491716096184e+09,"test_f1":0.6440202133632791,"test_loss":1.4371943903077504,"train_precision":0.8574766355140186,"train_recall":0.8779904306220095,"test_accuracy":0.6369882622387633,"train_accuracy":0.8596491228070176,"_step":99,"test_precision":0.5342960288808665,"epoch":99,"_runtime":303.17572361,"_wandb":{"runtime":303},"train_f1":0.8676122931442081,"test_recall":0.8104575163398693,"train_loss":0.3010377675518954}