{"test_f1":0.8214285714285714,"test_loss":0.6202791288043513,"train_accuracy":0.6412213740458015,"_wandb":{"runtime":5},"train_recall":1,"_step":99,"current_lr":1.7564965592331136e-06,"_timestamp":1.7552845586325312e+09,"epoch":99,"test_recall":1,"train_precision":0.6412213740458015,"train_f1":0.7813953488372093,"train_loss":0.6527123765181039,"test_accuracy":0.696969696969697,"test_precision":0.696969696969697,"_runtime":5.7309797190000005}