{"val_recall":0.7887323943661971,"val_precision":0.6871165644171779,"epoch":99,"val_loss":1.4552044349265016,"_timestamp":1.7515492436169205e+09,"train_f1":0.9932088285229203,"train_loss":0.021564067177897456,"_wandb":{"runtime":47},"val_f1":0.7344262295081967,"_runtime":47.878171098,"_step":99,"val_accuracy":0.7177700348432056,"train_precision":0.9898477157360406,"train_accuracy":0.9930131004366812,"train_recall":0.9965928449744463,"current_lr":6.058279055286387e-08}