{"_wandb":{"runtime":272},"epoch":99,"test_precision":0.4051674778127684,"current_lr":1.142282895483744e-06,"_runtime":272.526438483,"_timestamp":1.7551707064980035e+09,"train_precision":0.5238095238095238,"_step":99,"train_loss":0.692013142551097,"test_accuracy":0.4051674778127684,"test_loss":0.7032288967488046,"test_f1":0.576682116844089,"test_recall":1,"train_recall":1,"train_f1":0.6875,"train_accuracy":0.5238095238095238}