{"test_recall":0.8724279835390947,"epoch":99,"test_f1":0.7571428571428571,"train_loss":0.42353118919744726,"test_accuracy":0.7150837988826816,"train_accuracy":0.8048780487804879,"train_f1":0.864406779661017,"train_recall":0.9532710280373832,"_wandb":{"runtime":33},"test_loss":0.6225664765475183,"current_lr":1.619607295989625e-07,"_runtime":33.862951924,"_step":99,"test_precision":0.668769716088328,"train_precision":0.7906976744186046,"_timestamp":1.7552575462206318e+09}