{"test_recall":1,"test_f1":0.8214285714285714,"current_lr":7.795823428202146e-07,"test_accuracy":0.696969696969697,"train_f1":0.7813953488372093,"_wandb":{"runtime":10},"train_recall":1,"_step":99,"epoch":99,"_timestamp":1.7552864033766313e+09,"train_accuracy":0.6412213740458015,"test_loss":0.6236906286441919,"_runtime":9.996446216,"train_loss":0.6530497369875434,"train_precision":0.6412213740458015,"test_precision":0.696969696969697}