{
  "loop": 8,
  "timestamp": "20251101-223957",
  "n_calls": 20,
  "n_splits": 5,
  "n_workers": 4,
  "random_state": 42,
  "feature_count": 96,
  "best_params": {
    "n_estimators": 537,
    "max_depth": 10,
    "learning_rate": 0.10990735795193374,
    "subsample": 0.9950389406822152,
    "colsample_bytree": 0.7745941629399076,
    "reg_alpha": 0.07328918293397992,
    "reg_lambda": 1.111366338221055
  },
  "best_cv_score": 0.8520732991334203,
  "cv_auc_mean": 0.8520732991334203,
  "cv_auc_std": 0.012039426588173516,
  "paths": {
    "run_dir": "/home/ec2-user/ML-correlator/bayes_results/loop8_20251101-223957",
    "history_csv": "/home/ec2-user/ML-correlator/bayes_results/loop8_20251101-223957/history.csv",
    "thresholds_csv": "/home/ec2-user/ML-correlator/bayes_results/loop8_20251101-223957/thresholds.csv",
    "plot_png": "/home/ec2-user/ML-correlator/bayes_results/loop8_20251101-223957/metrics.png"
  }
}