{"val_precision":0.7599699021820918,"_wandb":{"runtime":3717},"_step":99,"train_loss":0.3674396350903232,"_runtime":3717.2263101,"train_f1":0.7965989884922671,"train_accuracy":0.8217497430626927,"val_recall":0.6698788599964887,"val_loss":0.3757943849812381,"train_recall":0.8363860243189164,"val_accuracy":0.8188017122125649,"current_lr":4.9222330291278e-07,"epoch":99,"train_precision":0.76042541281836,"_timestamp":1.754941031290792e+09,"val_f1":0.7120861802610706}