{"train_precision":0.8936507936507937,"val_recall":0.795774647887324,"val_precision":0.8308823529411765,"_runtime":24.32989262,"train_loss":0.19006897545537574,"val_loss":0.43931093822372913,"train_accuracy":0.9205240174672489,"val_accuracy":0.818815331010453,"train_recall":0.959114139693356,"val_f1":0.8129496402877698,"epoch":69,"current_lr":3.671362098898549e-07,"train_f1":0.9252259654889071,"_timestamp":1.7486932639416478e+09,"_step":69,"_wandb":{"runtime":24}}