{"test_roc_auc":0.7371709663709772,"_runtime":20.346905017,"test_recall":0.7547495682210709,"train_recall":0.9130434782608695,"test_precision":0.7319932998324958,"train_roc_auc":0.9771286231884059,"test_accuracy":0.6857440166493236,"epoch":99,"_step":99,"train_accuracy":0.9207920792079208,"train_pr_auc":0.989730451379271,"_timestamp":1.7576692101202238e+09,"train_loss":0.18772345545268296,"train_precision":0.9692307692307692,"_wandb":{"runtime":20},"test_pr_auc":0.7957765698396151,"test_loss":0.9294020453551309}