{"train_f1":0.9534883720930233,"epoch":99,"val_accuracy":0.6666666666666666,"val_precision":0.75,"_runtime":16.652849987,"_step":99,"train_accuracy":0.9389312977099237,"train_recall":0.9761904761904762,"current_lr":6.932463073095399e-08,"val_recall":0.782608695652174,"train_loss":0.12119540913414409,"val_f1":0.7659574468085106,"_wandb":{"runtime":16},"_timestamp":1.752073857055786e+09,"val_loss":1.6930851286102468,"train_precision":0.9318181818181818}