{"test_recall":0.7391304347826086,"_timestamp":1.7552592770177612e+09,"test_accuracy":0.6363636363636364,"_step":99,"train_accuracy":0.9618320610687023,"train_precision":0.9876543209876543,"current_lr":1.5483939914359444e-07,"epoch":99,"train_recall":0.9523809523809523,"_wandb":{"runtime":8},"train_f1":0.9696969696969697,"test_precision":0.7391304347826086,"test_loss":1.0948275600694064,"test_f1":0.7391304347826086,"_runtime":8.901047482,"train_loss":0.15791759457979493}