{"train_accuracy":0.6412213740458015,"_wandb":{"runtime":16},"epoch":99,"train_f1":0.7813953488372093,"test_loss":0.622749537229538,"train_loss":0.6528961299029925,"train_recall":1,"test_f1":0.8214285714285714,"test_precision":0.696969696969697,"current_lr":3.212207280478666e-07,"_step":99,"train_precision":0.6412213740458015,"test_accuracy":0.696969696969697,"_timestamp":1.7552870823422456e+09,"test_recall":1,"_runtime":16.292082971}