{"test_f1":0.8304498269896193,"train_f1":0.8541666666666666,"current_lr":1.4863656245998633e-07,"train_loss":0.3449805719883681,"test_accuracy":0.8292682926829268,"test_loss":0.3769369173132999,"test_precision":0.8163265306122449,"epoch":99,"_timestamp":1.7552838082671607e+09,"train_accuracy":0.8410480349344979,"train_recall":0.9080068143100511,"test_recall":0.8450704225352113,"_step":99,"_runtime":27.692392026,"_wandb":{"runtime":27},"train_precision":0.8063540090771558}