{"train_precision":0.888455772113943,"test_loss":0.4335650855265204,"_runtime":1594.333139199,"epoch":99,"train_loss":0.18753373025622666,"train_f1":0.9001291106554264,"test_f1":0.7427331708771605,"_step":99,"_wandb":{"runtime":1594},"test_accuracy":0.836732962701955,"train_accuracy":0.9155318602261048,"test_recall":0.7045627450597897,"_timestamp":1.7553421090905209e+09,"train_recall":0.9121132830537171,"current_lr":4.3029292504685704e-08,"test_precision":0.785276340392225}