{"train_loss":0.36701813013088413,"test_f1":0.6527677929547089,"_runtime":48.213405565,"train_accuracy":0.8597560975609756,"test_loss":0.8350341966032316,"test_precision":0.6858006042296072,"epoch":99,"train_recall":0.9252336448598131,"_timestamp":1.7552534763438077e+09,"test_accuracy":0.6627094972067039,"test_recall":0.6227709190672154,"_step":99,"train_precision":0.868421052631579,"train_f1":0.8959276018099548,"current_lr":8.719986991227906e-08,"_wandb":{"runtime":48}}