{"test_precision":0.75,"_wandb":{"runtime":20},"test_loss":0.5123777148615608,"test_roc_auc":0.8479358912093249,"train_precision":0.9559228650137741,"test_recall":0.7605633802816901,"train_recall":0.5911413969335605,"_step":49,"train_accuracy":0.7764192139737991,"train_loss":0.3326916519731413,"epoch":49,"train_roc_auc":0.9292435261001507,"test_accuracy":0.7560975609756098,"_runtime":20.187919181,"_timestamp":1.756715916075052e+09}