{"train_f1":0.9254237288135593,"train_recall":0.9301533219761499,"_timestamp":1.7522408083120177e+09,"_step":99,"val_recall":0.7323943661971831,"train_loss":0.18068975745720633,"train_accuracy":0.9231441048034934,"val_f1":0.7375886524822695,"_runtime":38.810541433,"val_accuracy":0.7421602787456446,"current_lr":4.6255852184651574e-07,"epoch":99,"val_precision":0.7428571428571429,"_wandb":{"runtime":38},"val_loss":0.6813402040910223,"train_precision":0.9207419898819561}