{"_step":99,"current_lr":2.0688014338918427e-06,"train_loss":0.6530625651810915,"train_precision":0.6412213740458015,"epoch":99,"_wandb":{"runtime":10},"_runtime":10.459517394,"train_accuracy":0.6412213740458015,"val_loss":0.623759801640655,"val_precision":0.696969696969697,"_timestamp":1.7520689660961387e+09,"val_recall":1,"val_accuracy":0.696969696969697,"train_recall":1,"val_f1":0.8214285714285714,"train_f1":0.7813953488372093}