{"_wandb":{"runtime":10},"train_accuracy":0.6412213740458015,"val_recall":1,"current_lr":2.09687271493235e-06,"train_loss":0.6528950242595818,"train_recall":1,"_runtime":10.964074575,"epoch":99,"_timestamp":1.7520682377794707e+09,"val_precision":0.696969696969697,"_step":99,"val_loss":0.6227417859164152,"val_accuracy":0.696969696969697,"val_f1":0.8214285714285714,"train_precision":0.6412213740458015,"train_f1":0.7813953488372093}