{"_step":199,"train_accuracy":0.8635662898252826,"train_loss":0.299131068057416,"_runtime":3108.726721028,"train_precision":0.8289453888972469,"test_loss":0.6794761652126445,"test_f1":0.6296509109553318,"epoch":199,"current_lr":2.8853516523548394e-08,"test_accuracy":0.7266267324406859,"train_f1":0.8384053560559951,"_timestamp":1.7553947543579838e+09,"_wandb":{"runtime":3108},"test_precision":0.5757193663110249,"test_recall":0.6947310926009013,"train_recall":0.8480837309527475}