{
  "loop": 9,
  "timestamp": "20251102-085931",
  "n_calls": 20,
  "n_splits": 5,
  "n_workers": 4,
  "random_state": 42,
  "feature_count": 31,
  "best_params": {
    "n_estimators": 963,
    "max_depth": 11,
    "learning_rate": 0.05341824079679383,
    "subsample": 0.8584777523170201,
    "colsample_bytree": 0.6174240220196057,
    "reg_alpha": 0.10360892613344276,
    "reg_lambda": 6.487442758107002
  },
  "best_cv_score": 0.8839069160871622,
  "cv_auc_mean": 0.8839069160871622,
  "cv_auc_std": 0.0042015354304061735,
  "paths": {
    "run_dir": "/home/ec2-user/ML-correlator/bayes_results/loop9_20251102-085931",
    "history_csv": "/home/ec2-user/ML-correlator/bayes_results/loop9_20251102-085931/history.csv",
    "thresholds_csv": "/home/ec2-user/ML-correlator/bayes_results/loop9_20251102-085931/thresholds.csv",
    "plot_png": "/home/ec2-user/ML-correlator/bayes_results/loop9_20251102-085931/metrics.png"
  }
}