{"val_recall":0.7391304347826086,"val_accuracy":0.6060606060606061,"train_precision":0.875,"_step":99,"_runtime":8.905959991,"_wandb":{"runtime":8},"val_f1":0.723404255319149,"train_f1":0.8953488372093024,"epoch":99,"train_loss":0.3226594020619647,"current_lr":1.80423326663612e-08,"train_recall":0.9166666666666666,"val_precision":0.7083333333333334,"train_accuracy":0.8625954198473282,"val_loss":0.8501375017292572,"_timestamp":1.7520719061552632e+09}