{"epoch":99,"train_recall":0.9523809523809523,"train_loss":0.4735131793804751,"_runtime":23.02563637,"test_recall":0.9130434782608695,"current_lr":1.5173997094979922e-07,"test_loss":0.5883878447595193,"_wandb":{"runtime":23},"test_f1":0.8235294117647058,"test_accuracy":0.7272727272727273,"test_precision":0.75,"_timestamp":1.7552879072737916e+09,"train_f1":0.837696335078534,"train_accuracy":0.7633587786259542,"_step":99,"train_precision":0.7476635514018691}