{"train_precision":0.672566371681416,"train_accuracy":0.6576419213973799,"_timestamp":1.7552817455778944e+09,"test_f1":0.6415094339622641,"_runtime":44.310403068,"train_recall":0.6473594548551959,"_step":99,"test_loss":0.6056002266315633,"test_precision":0.6910569105691057,"train_f1":0.6597222222222222,"epoch":99,"test_recall":0.5985915492957746,"current_lr":6.107382913517252e-08,"_wandb":{"runtime":44},"test_accuracy":0.6689895470383276,"train_loss":0.6122230340299648}