{"_wandb":{"runtime":11},"_runtime":11.424877097,"_step":99,"val_accuracy":0.696969696969697,"val_f1":0.8214285714285714,"epoch":99,"train_f1":0.7813953488372093,"train_accuracy":0.6412213740458015,"val_recall":1,"val_loss":0.6194698765422358,"_timestamp":1.7520687674744244e+09,"train_recall":1,"current_lr":2.0219781890939256e-06,"train_precision":0.6412213740458015,"val_precision":0.696969696969697,"train_loss":0.6527423826792768}