{"epoch":99,"_timestamp":1.7576691758734794e+09,"test_loss":1.0639696815879733,"_step":99,"test_recall":0.7012089810017271,"train_recall":0.9202898550724637,"train_loss":0.1842806079600117,"_runtime":22.967357079,"test_roc_auc":0.7416153505321507,"train_pr_auc":0.9908652902159527,"test_accuracy":0.663891779396462,"train_roc_auc":0.9799592391304348,"test_pr_auc":0.817657319766226,"train_precision":0.9621212121212122,"test_precision":0.7302158273381295,"train_accuracy":0.9207920792079208,"_wandb":{"runtime":23}}