{"train_accuracy":0.8489082969432314,"train_recall":0.9063032367972743,"_step":99,"epoch":99,"val_accuracy":0.7700348432055749,"val_f1":0.78,"_runtime":36.912560051,"val_precision":0.740506329113924,"val_recall":0.823943661971831,"train_f1":0.8601455133387227,"_wandb":{"runtime":36},"train_loss":0.3112226576784292,"current_lr":9.521304087627013e-07,"val_loss":0.5205346688576277,"_timestamp":1.7522385722163618e+09,"train_precision":0.8184615384615385}