{
  "n_estimators": 1000,
  "max_depth": 18,
  "learning_rate": 0.239340502235163,
  "subsample": 0.622747641456825,
  "colsample_bytree": 0.9594633100249028,
  "reg_alpha": 0.4586122848911477,
  "reg_lambda": 3.825858610068255
}