{
  "n_estimators": 726,
  "max_depth": 12,
  "learning_rate": 0.2774280478701425,
  "subsample": 0.8212421443668576,
  "colsample_bytree": 0.6310639364606341,
  "reg_alpha": 0.2842676427745851,
  "reg_lambda": 0.0
}