{"train_precision":0.8372093023255814,"train_f1":0.8470588235294118,"_runtime":9.778979043,"train_loss":0.4568019668564542,"train_recall":0.8571428571428571,"train_accuracy":0.8015267175572519,"epoch":99,"val_loss":0.6491957184943286,"val_accuracy":0.696969696969697,"_timestamp":1.7520725888606486e+09,"val_precision":0.7241379310344828,"_step":99,"_wandb":{"runtime":9},"val_recall":0.9130434782608695,"val_f1":0.8076923076923077,"current_lr":1.80423326663612e-08}