{"val_recall":1,"train_f1":0.7813953488372093,"current_lr":1.2615411353772343e-06,"_step":99,"train_recall":1,"_wandb":{"runtime":9},"_runtime":9.543540341,"val_accuracy":0.696969696969697,"val_f1":0.8214285714285714,"train_precision":0.6412213740458015,"val_loss":0.6190237493226023,"train_loss":0.6527834325346328,"_timestamp":1.7520690970381045e+09,"epoch":99,"train_accuracy":0.6412213740458015,"val_precision":0.696969696969697}