{
  "loop": 9,
  "timestamp": "20251102-085207",
  "n_calls": 20,
  "n_splits": 5,
  "n_workers": 4,
  "random_state": 42,
  "feature_count": 84,
  "best_params": {
    "n_estimators": 551,
    "max_depth": 8,
    "learning_rate": 0.16713916515412913,
    "subsample": 0.9951967733358661,
    "colsample_bytree": 0.8704835341912073,
    "reg_alpha": 0.01785263950404348,
    "reg_lambda": 9.976140537913775
  },
  "best_cv_score": 0.8999524615504109,
  "cv_auc_mean": 0.8999524615504109,
  "cv_auc_std": 0.0020139569350486053,
  "paths": {
    "run_dir": "/home/ec2-user/ML-correlator/bayes_results/loop9_20251102-085207",
    "history_csv": "/home/ec2-user/ML-correlator/bayes_results/loop9_20251102-085207/history.csv",
    "thresholds_csv": "/home/ec2-user/ML-correlator/bayes_results/loop9_20251102-085207/thresholds.csv",
    "plot_png": "/home/ec2-user/ML-correlator/bayes_results/loop9_20251102-085207/metrics.png"
  }
}