{"train_recall":0.8928571428571429,"train_f1":0.8670520231213873,"epoch":99,"_runtime":8.406714957,"train_loss":0.4080808672286172,"val_accuracy":0.6060606060606061,"val_loss":0.6617871304465965,"train_accuracy":0.8244274809160306,"_step":99,"current_lr":1.80423326663612e-08,"train_precision":0.8426966292134831,"val_recall":0.8260869565217391,"_wandb":{"runtime":8},"_timestamp":1.7520720676442256e+09,"val_f1":0.7450980392156863,"val_precision":0.6785714285714286}