{"test_loss":0.5675608330902737,"test_accuracy":0.7735191637630662,"_step":99,"test_recall":0.7253521126760564,"test_pr_auc":0.8772315664341944,"epoch":99,"test_roc_auc":0.8746964545896067,"train_roc_auc":0.9614649545407362,"_runtime":49.032108322,"test_precision":0.7984496124031008,"train_recall":0.8841567291311755,"train_precision":0.8886986301369864,"train_pr_auc":0.9649900510911951,"train_accuracy":0.8838427947598253,"_wandb":{"runtime":50},"train_loss":0.2452479995494326,"_timestamp":1.7569779396711226e+09}