{"train_precision":0.8354143019296254,"train_recall":0.8803827751196173,"_runtime":167.629524577,"_wandb":{"runtime":167},"_timestamp":1.755316454820227e+09,"test_accuracy":0.6993987975951904,"test_f1":0.5830851697438951,"_step":99,"train_loss":0.318933592927187,"current_lr":3.275098022122874e-08,"train_accuracy":0.8464912280701754,"epoch":99,"test_precision":0.6655336505778382,"train_f1":0.8573092603377985,"test_recall":0.5188129305776364,"test_loss":1.0325803465828975}