{"test_f1":0.7753818508535489,"test_accuracy":0.8211091234347049,"current_lr":7.742208943724507e-08,"train_f1":0.791829445250586,"test_loss":0.3652773328885196,"_step":99,"train_accuracy":0.8331394828666011,"epoch":99,"_wandb":{"runtime":800},"_runtime":800.7869155,"_timestamp":1.755180659900194e+09,"test_precision":0.7831215970961888,"train_precision":0.8021257349615558,"train_loss":0.3540080412082428,"test_recall":0.7677935943060499,"train_recall":0.7817941370949967}