{"train_loss":0.06798782409693961,"train_recall":0.9784688995215312,"train_accuracy":0.9730576441102757,"epoch":99,"train_f1":0.9743895175699822,"_step":99,"train_precision":0.970344009489917,"test_f1":0.6305560554255893,"test_precision":0.4773841961852861,"test_loss":4.474031939650381,"_wandb":{"runtime":215},"test_recall":0.9284578696343402,"_timestamp":1.7553113638101304e+09,"current_lr":8.091223456860945e-08,"_runtime":215.874125485,"test_accuracy":0.5591898081878042}