{"train_f1":0.7813953488372093,"train_accuracy":0.6412213740458015,"train_loss":0.652731437947004,"_runtime":14.494892695,"current_lr":2.203015198105622e-06,"_step":99,"epoch":99,"val_f1":0.8214285714285714,"val_loss":0.6210709376768633,"_timestamp":1.7520683455792248e+09,"val_accuracy":0.696969696969697,"val_precision":0.696969696969697,"val_recall":1,"_wandb":{"runtime":14},"train_precision":0.6412213740458015,"train_recall":1}