{"train_precision":0.6412213740458015,"epoch":99,"_wandb":{"runtime":10},"train_f1":0.7813953488372093,"val_accuracy":0.696969696969697,"val_f1":0.8214285714285714,"train_accuracy":0.6412213740458015,"val_recall":1,"_runtime":10.882273655,"train_loss":0.6529098662711282,"train_recall":1,"_timestamp":1.752068564494855e+09,"val_loss":0.6182233420285311,"val_precision":0.696969696969697,"current_lr":2.2012822056074744e-06,"_step":99}