{"test_precision":0.6957878315132605,"epoch":99,"test_accuracy":0.6662011173184358,"train_loss":0.2897936563666274,"train_recall":0.9158878504672897,"train_accuracy":0.8719512195121951,"_timestamp":1.7552527153517816e+09,"current_lr":1.2147054719922187e-07,"test_loss":0.7080317131300878,"_wandb":{"runtime":32},"test_f1":0.6510948905109489,"_step":99,"train_f1":0.9032258064516129,"test_recall":0.6117969821673526,"train_precision":0.8909090909090909,"_runtime":32.908684937}