{"_timestamp":1.7520695223360145e+09,"train_loss":0.199126408300327,"epoch":99,"train_recall":0.9523809523809523,"_runtime":9.75535776,"current_lr":2.884063028724818e-07,"val_f1":0.6666666666666666,"val_precision":0.6818181818181818,"val_accuracy":0.5454545454545454,"_wandb":{"runtime":9},"train_precision":0.9302325581395349,"train_accuracy":0.9236641221374046,"val_loss":2.1902222804950946,"train_f1":0.9411764705882353,"val_recall":0.6521739130434783,"_step":99}