{"_wandb":{"runtime":5},"train_accuracy":0.7709923664122137,"train_loss":0.4844989169189948,"_step":99,"train_recall":0.9285714285714286,"test_accuracy":0.6363636363636364,"test_precision":0.6774193548387096,"train_precision":0.7647058823529411,"test_f1":0.7777777777777778,"test_loss":0.6499274238647724,"current_lr":6.004794146799761e-07,"test_recall":0.9130434782608695,"_runtime":5.911779493,"epoch":99,"_timestamp":1.7552847644377165e+09,"train_f1":0.8387096774193549}