{"val_accuracy":0.6666666666666666,"_timestamp":1.751370227967683e+09,"current_lr":5.41269979990836e-08,"train_accuracy":0.8320610687022901,"epoch":99,"train_recall":0.8809523809523809,"val_recall":0.8260869565217391,"train_f1":0.8705882352941177,"val_precision":0.7307692307692307,"val_loss":0.6635397554685672,"_step":99,"_runtime":6.625717053,"train_precision":0.8604651162790697,"val_f1":0.7755102040816326,"train_loss":0.37540409173674255,"_wandb":{"runtime":6}}