{"_step":99,"train_f1":0.8244638602065131,"_wandb":{"runtime":27},"_runtime":27.380384699,"current_lr":7.5284515270934e-07,"test_loss":0.41123728760443495,"train_recall":0.8841567291311755,"train_accuracy":0.8069868995633188,"train_loss":0.3707790394016749,"test_f1":0.8,"train_precision":0.7723214285714286,"test_accuracy":0.7909407665505227,"test_precision":0.759493670886076,"test_recall":0.8450704225352113,"epoch":99,"_timestamp":1.755284186645997e+09}