{"current_lr":5.88511704340679e-08,"train_recall":0.9047619047619048,"test_accuracy":0.7878787878787878,"train_accuracy":0.8396946564885496,"train_f1":0.8786127167630058,"train_loss":0.3136650478566876,"_timestamp":1.755173909060127e+09,"_runtime":11.314517814,"epoch":99,"test_precision":0.8076923076923077,"test_recall":0.9130434782608695,"test_loss":0.5106388392971095,"_wandb":{"runtime":11},"train_precision":0.8539325842696629,"test_f1":0.8571428571428571,"_step":99}