{"val_recall":0.7605633802816901,"epoch":99,"_wandb":{"runtime":44},"val_f1":0.7322033898305085,"current_lr":1.4670004870235927e-07,"_timestamp":1.7522395905137582e+09,"train_accuracy":0.9170305676855895,"_step":99,"train_recall":0.9335604770017035,"val_precision":0.7058823529411765,"train_loss":0.20287712427205915,"train_f1":0.9202350965575147,"val_accuracy":0.7247386759581882,"val_loss":0.8717490118970439,"_runtime":44.713063838,"train_precision":0.9072847682119205}