{"current_lr":9.0211663331806e-08,"train_loss":0.05841054625183571,"_runtime":5.836459971,"_step":99,"train_recall":1,"val_loss":1.1988447796213058,"val_recall":0.8260869565217391,"val_f1":0.76,"_timestamp":1.7515491812735648e+09,"val_accuracy":0.6363636363636364,"train_f1":0.9940828402366864,"epoch":99,"val_precision":0.7037037037037037,"_wandb":{"runtime":5},"train_accuracy":0.9923664122137404,"train_precision":0.9882352941176471}