{"_timestamp":1.757669344423746e+09,"epoch":99,"_wandb":{"runtime":26},"train_precision":0.9558823529411765,"test_accuracy":0.700312174817898,"test_pr_auc":0.8263200316100421,"_runtime":26.957352797,"train_loss":0.19984039428210496,"test_roc_auc":0.7623543028691823,"train_accuracy":0.9306930693069307,"test_loss":0.7433602875650983,"train_roc_auc":0.9767889492753623,"test_recall":0.7996545768566494,"train_pr_auc":0.9892023608350453,"_step":99,"test_precision":0.7291338582677165,"train_recall":0.9420289855072463}