{"train_precision":0.5238095238095238,"_timestamp":1.7553060073425946e+09,"test_f1":0.576682116844089,"test_recall":1,"_runtime":1853.931888697,"train_recall":1,"epoch":99,"_wandb":{"runtime":1853},"_step":99,"test_accuracy":0.4051674778127684,"train_f1":0.6875,"test_precision":0.4051674778127684,"test_loss":0.7033033693311141,"train_accuracy":0.5238095238095238,"current_lr":8.793571374014981e-08,"train_loss":0.6920129576123747}