{"val_accuracy":0.48484848484848486,"_timestamp":1.7520707466928666e+09,"val_f1":0.6046511627906976,"train_f1":0.8333333333333334,"train_loss":0.4273368406841773,"val_precision":0.65,"_step":99,"train_accuracy":0.8015267175572519,"_wandb":{"runtime":8},"_runtime":8.469276196,"current_lr":1.2949845041705052e-06,"epoch":99,"train_recall":0.7738095238095238,"train_precision":0.9027777777777778,"val_recall":0.5652173913043478,"val_loss":0.6937287844943277}