{"val_recall":0.782608695652174,"train_f1":0.8876404494382022,"_wandb":{"runtime":12},"val_f1":0.72,"_timestamp":1.7520726799256377e+09,"train_accuracy":0.8473282442748091,"train_precision":0.8404255319148937,"train_recall":0.9404761904761905,"train_loss":0.3141480670630477,"val_accuracy":0.5757575757575758,"_runtime":12.182589385,"epoch":99,"_step":99,"current_lr":1.80423326663612e-08,"val_loss":0.9329577544986298,"val_precision":0.6666666666666666}