{"_wandb":{"runtime":45},"train_f1":0.8632974316487159,"test_loss":0.35590425320618657,"_timestamp":1.7551767753018386e+09,"train_accuracy":0.8558951965065502,"train_precision":0.8403225806451613,"current_lr":9.071003462912266e-08,"epoch":99,"_runtime":45.200625911,"test_accuracy":0.8292682926829268,"train_loss":0.3000390482911897,"test_precision":0.8163265306122449,"train_recall":0.8875638841567292,"test_f1":0.8304498269896193,"_step":99,"test_recall":0.8450704225352113}