{"epoch":99,"train_accuracy":0.6793893129770993,"val_f1":0.7692307692307693,"train_loss":0.6336572932378026,"_step":99,"val_loss":0.6258810117389216,"_wandb":{"runtime":12},"train_recall":0.9285714285714286,"_timestamp":1.7520681762191749e+09,"val_accuracy":0.6363636363636364,"_runtime":12.583149456,"current_lr":3.482956863436095e-07,"train_f1":0.7878787878787878,"val_recall":0.8695652173913043,"val_precision":0.6896551724137931,"train_precision":0.6842105263157895}