{"train_loss":0.28712636414375015,"_runtime":14.0297078,"train_f1":0.9017341040462428,"train_recall":0.9285714285714286,"test_precision":0.8076923076923077,"train_accuracy":0.8702290076335878,"test_f1":0.8571428571428571,"train_precision":0.8764044943820225,"_wandb":{"runtime":14},"_timestamp":1.755172653537692e+09,"epoch":99,"test_accuracy":0.7878787878787878,"current_lr":1.3804866875609637e-07,"_step":99,"test_recall":0.9130434782608695,"test_loss":0.5860925091035438}