{"train_recall":1,"_runtime":14.398095139,"current_lr":6.932463073095399e-08,"train_f1":0.9940828402366864,"train_accuracy":0.9923664122137404,"_wandb":{"runtime":14},"val_accuracy":0.696969696969697,"val_f1":0.782608695652174,"train_precision":0.9882352941176471,"val_precision":0.782608695652174,"_step":99,"_timestamp":1.752073366249701e+09,"train_loss":0.06684195119461031,"epoch":99,"val_loss":1.691262259622046,"val_recall":0.782608695652174}