{"train_loss":0.6928264913600605,"test_recall":1,"train_accuracy":0.5126637554585153,"train_precision":0.5126637554585153,"train_f1":0.6778290993071594,"test_loss":0.6937379901417456,"train_recall":1,"test_f1":0.662004662004662,"_timestamp":1.7552834513940253e+09,"test_accuracy":0.49477351916376305,"current_lr":6.058279055286385e-07,"_step":99,"test_precision":0.49477351916376305,"epoch":99,"_wandb":{"runtime":25},"_runtime":25.95899655}