{"_wandb":{"runtime":26},"train_pr_auc":0.9939692876378178,"train_roc_auc":0.9868659420289855,"train_precision":0.9703703703703703,"_step":99,"train_recall":0.9492753623188406,"test_accuracy":0.6815816857440167,"test_loss":0.9547578962238721,"test_precision":0.7103235747303543,"test_recall":0.7962003454231433,"_timestamp":1.7576693797872403e+09,"_runtime":26.480041202,"train_accuracy":0.9455445544554455,"test_roc_auc":0.7538747072493648,"test_pr_auc":0.8230731515425633,"train_loss":0.14492627742266892,"epoch":99}