{"train_loss": 0.6527484295932391, "train_accuracy": 0.6412213740458015, "train_f1": 0.7813953488372093, "current_lr": 8.658100956047504e-07, "_timestamp": 1755288563.891551, "_runtime": 15.462327314, "_step": 99, "train_recall": 1, "test_precision": 0.696969696969697, "test_f1": 0.8214285714285714, "epoch": 99, "train_precision": 0.6412213740458015, "test_loss": 0.6213647163275516, "test_accuracy": 0.696969696969697, "test_recall": 1}