{"val_recall":1,"train_loss":0.5904089966575607,"train_accuracy":0.6412213740458015,"train_f1":0.7813953488372093,"_timestamp":1.7520690003656516e+09,"_step":99,"val_f1":0.8214285714285714,"train_recall":1,"epoch":99,"val_loss":0.6522132709170833,"train_precision":0.6412213740458015,"val_precision":0.696969696969697,"_wandb":{"runtime":8},"_runtime":8.783279162,"current_lr":2.745252614307402e-06,"val_accuracy":0.696969696969697}