{"test_recall":0.757201646090535,"test_precision":0.5661538461538461,"train_pr_auc":0.9930423515525287,"train_accuracy":0.9356435643564357,"_step":99,"test_accuracy":0.5810055865921788,"test_pr_auc":0.7060573305972802,"train_precision":0.9562043795620438,"train_roc_auc":0.9853940217391304,"train_loss":0.14444237069623306,"_wandb":{"runtime":71},"_runtime":71.631379463,"_timestamp":1.757668707920303e+09,"test_roc_auc":0.6560907886443949,"test_loss":1.8656121152739285,"epoch":99,"train_recall":0.9492753623188406}