{"train_f1":0.7813953488372093,"_wandb":{"runtime":8},"train_precision":0.6412213740458015,"train_recall":1,"current_lr":8.035233756727299e-07,"_step":99,"train_accuracy":0.6412213740458015,"test_accuracy":0.696969696969697,"train_loss":0.6531145119940052,"test_precision":0.696969696969697,"test_recall":1,"test_f1":0.8214285714285714,"epoch":99,"_timestamp":1.75528808908604e+09,"_runtime":8.944323569,"test_loss":0.6240315527626963}