{"train_recall":0.9158878504672897,"current_lr":1.2147054719922187e-07,"test_precision":0.6957878315132605,"test_accuracy":0.6662011173184358,"test_f1":0.6510948905109489,"_runtime":32.197227871,"_timestamp":1.7552526256429954e+09,"_wandb":{"runtime":32},"train_loss":0.2897936563666274,"train_precision":0.8909090909090909,"test_recall":0.6117969821673526,"epoch":99,"_step":99,"test_loss":0.7080317131300878,"train_accuracy":0.8719512195121951,"train_f1":0.9032258064516129}