{"_timestamp":1.752070120468485e+09,"current_lr":1.6207457030759864e-06,"train_loss":0.34131044968393925,"val_f1":0.6666666666666666,"train_f1":0.8823529411764706,"_runtime":11.077677227,"train_accuracy":0.8473282442748091,"train_precision":0.872093023255814,"_wandb":{"runtime":11},"val_recall":0.6086956521739131,"val_precision":0.7368421052631579,"val_accuracy":0.5757575757575758,"val_loss":1.0755842490624066,"_step":99,"train_recall":0.8928571428571429,"epoch":99}