{"_step":49,"_runtime":885.03481733,"_wandb":{"runtime":885},"test_recall":0.6090552640305874,"test_precision":0.711709863457111,"epoch":49,"test_loss":0.48419539067394124,"train_roc_auc":0.9461072889538819,"train_recall":0.8457749730644913,"test_accuracy":0.7867042518205309,"_timestamp":1.7561309410268354e+09,"train_precision":0.83663215590743,"test_roc_auc":0.8767185827127852,"train_accuracy":0.8667137718396711,"train_loss":0.28857490850683354}