{"_wandb":{"runtime":74},"_timestamp":1.7522418350996726e+09,"val_recall":1,"train_f1":0.6778290993071594,"current_lr":1.120804077891919e-06,"train_precision":0.5126637554585153,"val_accuracy":0.49477351916376305,"epoch":99,"train_accuracy":0.5126637554585153,"val_precision":0.49477351916376305,"train_recall":1,"val_loss":0.6937214536949318,"_runtime":74.2487543,"_step":99,"val_f1":0.662004662004662,"train_loss":0.6928265829794271}