{"train_precision":0.7975270479134466,"val_recall":0.8591549295774648,"train_f1":0.8363047001620746,"train_loss":0.3439963041955207,"current_lr":1.2237873662995165e-07,"_timestamp":1.7489583314251282e+09,"val_accuracy":0.8397212543554007,"val_f1":0.8413793103448276,"_runtime":75.260264579,"val_precision":0.8243243243243243,"val_loss":0.3525816785749243,"_step":69,"_wandb":{"runtime":75},"train_accuracy":0.8235807860262009,"epoch":69,"train_recall":0.879045996592845}