{"current_lr":1.2237873662995163e-08,"train_f1":0.8896265560165975,"train_recall":0.9131175468483816,"_timestamp":1.748854537367135e+09,"_step":69,"val_accuracy":0.8222996515679443,"epoch":69,"_wandb":{"runtime":37},"train_precision":0.8673139158576052,"val_loss":0.43971301464668966,"train_accuracy":0.8838427947598253,"train_loss":0.2677098822906028,"val_recall":0.8098591549295775,"_runtime":37.854550781,"val_precision":0.8273381294964028,"val_f1":0.8185053380782918}