{"val_recall":0.6521739130434783,"val_accuracy":0.5454545454545454,"_runtime":8.469889429,"train_precision":0.9431818181818182,"train_accuracy":0.9541984732824428,"train_f1":0.9651162790697675,"current_lr":5.19747212283961e-07,"train_loss":0.13768172377848442,"val_precision":0.6818181818181818,"epoch":99,"_wandb":{"runtime":8},"val_f1":0.6666666666666666,"val_loss":1.573628555513675,"_step":99,"_timestamp":1.7520687014363477e+09,"train_recall":0.9880952380952381}