{"val_recall":0.43478260869565216,"current_lr":1.0267931170560412e-06,"train_precision":0.9365079365079365,"val_precision":0.7142857142857143,"train_recall":0.7023809523809523,"_wandb":{"runtime":9},"val_f1":0.5405405405405406,"_timestamp":1.7520703033456962e+09,"epoch":99,"train_f1":0.8027210884353742,"_runtime":9.822612183,"val_loss":0.6680665334799525,"_step":99,"train_accuracy":0.7786259541984732,"val_accuracy":0.48484848484848486,"train_loss":0.45109776504167165}