{"train_roc_auc":0.9705615942028986,"test_roc_auc":0.7518107587553916,"test_accuracy":0.6774193548387096,"train_precision":0.9393939393939394,"_runtime":21.588652695,"train_pr_auc":0.9866810853523843,"_wandb":{"runtime":21},"test_precision":0.7260504201680672,"train_accuracy":0.8910891089108911,"_timestamp":1.757669142751147e+09,"train_recall":0.8985507246376812,"_step":99,"train_loss":0.2200131375010651,"test_recall":0.7461139896373057,"test_pr_auc":0.8209708050466016,"test_loss":0.8649769385076834,"epoch":99}