{"train_f1":0.6778290993071594,"train_accuracy":0.5126637554585153,"train_recall":1,"val_accuracy":0.49477351916376305,"val_loss":0.6937182618350517,"_runtime":37.346956949,"_step":99,"_wandb":{"runtime":37},"val_precision":0.49477351916376305,"val_recall":1,"train_precision":0.5126637554585153,"train_loss":0.6928268100496984,"_timestamp":1.752241031619131e+09,"val_f1":0.662004662004662,"epoch":99,"current_lr":1.0665751701243946e-06}