{"test_f1":0.7188612099644128,"_timestamp":1.7552818911297016e+09,"train_recall":0.737649063032368,"_wandb":{"runtime":32},"_runtime":32.791823828,"test_loss":0.5833886811957542,"train_f1":0.7115858668857847,"test_precision":0.7266187050359713,"epoch":99,"train_loss":0.5718748558556669,"test_accuracy":0.7247386759581882,"current_lr":1.0316870618597743e-07,"train_accuracy":0.6934497816593886,"train_precision":0.6873015873015873,"test_recall":0.7112676056338029,"_step":99}