{"test_recall":0.7605633802816901,"test_roc_auc":0.8479358912093249,"_timestamp":1.7567157250173635e+09,"train_loss":0.3326916519731413,"epoch":49,"train_roc_auc":0.9292435261001507,"test_loss":0.5123777148615608,"train_precision":0.9788732394366197,"train_recall":0.4735945485519591,"test_accuracy":0.7560975609756098,"_step":49,"test_precision":0.75,"_runtime":21.946753699,"train_accuracy":0.7248908296943232,"_wandb":{"runtime":21}}