{"train_loss":0.6527398128545921,"_timestamp":1.752068727080132e+09,"val_f1":0.8214285714285714,"current_lr":7.027091936653412e-07,"train_precision":0.6412213740458015,"_runtime":13.325809793,"train_accuracy":0.6412213740458015,"train_recall":1,"_step":99,"epoch":99,"val_accuracy":0.696969696969697,"val_loss":0.6195055291508184,"_wandb":{"runtime":13},"val_recall":1,"train_f1":0.7813953488372093,"val_precision":0.696969696969697}