{"train_precision":0.896551724137931,"test_f1":0.84,"_step":99,"train_loss":0.3027076698441542,"test_precision":0.7777777777777778,"train_f1":0.9122807017543859,"test_recall":0.9130434782608695,"epoch":99,"test_accuracy":0.7575757575757576,"current_lr":2.929254832493472e-08,"_timestamp":1.7551725578277357e+09,"test_loss":0.5197234073667928,"train_recall":0.9285714285714286,"_wandb":{"runtime":9},"train_accuracy":0.8854961832061069,"_runtime":9.154352388}