{"_timestamp":1.7489532886355069e+09,"_runtime":16.602904758,"train_recall":0.8773424190800682,"train_accuracy":0.8,"train_precision":0.7663690476190477,"_wandb":{"runtime":16},"val_precision":0.7484276729559748,"current_lr":1.2237873662995165e-07,"epoch":69,"_step":69,"val_accuracy":0.7804878048780488,"train_loss":0.4194256085495761,"val_recall":0.8380281690140845,"train_f1":0.818109610802224,"val_loss":0.47844211544309345,"val_f1":0.7906976744186046}