{"current_lr":1.0952906434413704e-07,"val_recall":0.6521739130434783,"val_loss":1.938742704307625,"train_f1":0.9940828402366864,"val_accuracy":0.6060606060606061,"train_loss":0.05370865085425268,"_timestamp":1.752068635805909e+09,"train_precision":0.9882352941176471,"_wandb":{"runtime":11},"_runtime":11.550514062,"train_accuracy":0.9923664122137404,"epoch":99,"val_precision":0.75,"val_f1":0.6976744186046512,"_step":99,"train_recall":1}