{"train_loss": 0.5116816863758873, "train_accuracy": 0.7404580152671756, "val_accuracy": 0.6363636363636364, "val_recall": 0.8260869565217391, "val_f1": 0.76, "_timestamp": 1752071887.9896126, "train_precision": 0.7551020408163265, "val_precision": 0.7037037037037037, "current_lr": 1.80423326663612e-08, "_runtime": 9.849057787, "train_f1": 0.8131868131868132, "val_loss": 0.5880554456150893, "_step": 99, "epoch": 99, "train_recall": 0.8809523809523809}