{"_step":99,"train_f1":0.7048242027800491,"current_lr":7.471534261391179e-08,"test_recall":0.8098591549295775,"train_loss":0.5727912675865873,"_runtime":52.010082582,"train_precision":0.6776729559748428,"test_loss":0.6411909988532913,"train_accuracy":0.6847161572052402,"test_precision":0.5927835051546392,"test_f1":0.6845238095238095,"_timestamp":1.7552599261288946e+09,"train_recall":0.7342419080068143,"epoch":99,"test_accuracy":0.6306620209059234,"_wandb":{"runtime":52}}