{
  "loop": 8,
  "timestamp": "20251101-163650",
  "n_calls": 20,
  "n_splits": 5,
  "n_workers": 4,
  "random_state": 42,
  "feature_count": 240,
  "best_params": {
    "n_estimators": 1000,
    "max_depth": 20,
    "learning_rate": 0.029097895922004208,
    "subsample": 1.0,
    "colsample_bytree": 0.815786884723909,
    "reg_alpha": 0.0,
    "reg_lambda": 1.1600295508230265
  },
  "best_cv_score": 0.9084473641515421,
  "cv_auc_mean": 0.9084473641515421,
  "cv_auc_std": 0.01824617696660668,
  "paths": {
    "run_dir": "/home/ec2-user/ML-correlator/bayes_results/loop8_20251101-163650",
    "history_csv": "/home/ec2-user/ML-correlator/bayes_results/loop8_20251101-163650/history.csv",
    "thresholds_csv": "/home/ec2-user/ML-correlator/bayes_results/loop8_20251101-163650/thresholds.csv",
    "plot_png": "/home/ec2-user/ML-correlator/bayes_results/loop8_20251101-163650/metrics.png"
  }
}