{"train_recall":0.9813084112149533,"train_loss":0.07857331924322175,"train_precision":0.9722222222222222,"train_pr_auc":0.9980168604191149,"train_roc_auc":0.9959009673717002,"_runtime":22.125464188,"_wandb":{"runtime":23},"test_loss":1.72787986479325,"test_accuracy":0.6641061452513967,"test_pr_auc":0.7514953665845733,"test_precision":0.6597938144329897,"_timestamp":1.75760312885557e+09,"test_recall":0.7023319615912208,"_step":99,"test_roc_auc":0.7380918930626532,"train_accuracy":0.9695121951219512,"epoch":99}