{"val_f1":0.8214285714285714,"val_precision":0.696969696969697,"_timestamp":1.7520708299703867e+09,"epoch":99,"train_loss":0.6528157969467513,"train_precision":0.6412213740458015,"current_lr":2.33853863787143e-06,"val_loss":0.6221151975068179,"val_accuracy":0.696969696969697,"_runtime":8.697755648,"train_recall":1,"val_recall":1,"train_f1":0.7813953488372093,"_step":99,"_wandb":{"runtime":8},"train_accuracy":0.6412213740458015}