{"train_f1":0.7813953488372093,"train_precision":0.6412213740458015,"train_recall":1,"_runtime":6.036965109,"epoch":99,"train_accuracy":0.6412213740458015,"test_f1":0.8214285714285714,"train_loss":0.5474723345450773,"_step":99,"_wandb":{"runtime":6},"test_loss":0.47843834441719635,"test_recall":1,"current_lr":3.7782556353694264e-07,"test_precision":0.696969696969697,"test_accuracy":0.696969696969697,"_timestamp":1.755285122162673e+09}