{
  "n_estimators": 1000,
  "max_depth": 11,
  "learning_rate": 0.26161484949267144,
  "subsample": 0.8527646725941671,
  "colsample_bytree": 0.7919641355253467,
  "reg_alpha": 2.7598515004699182,
  "reg_lambda": 1.0110239593918193
}