{
  "n_estimators": 434,
  "max_depth": 17,
  "learning_rate": 0.03238930251315189,
  "subsample": 0.8855458494371262,
  "colsample_bytree": 0.7530953104577995,
  "reg_alpha": 0.0,
  "reg_lambda": 2.0546499823987263
}