{
  "n_estimators": 50,
  "max_depth": 4,
  "learning_rate": 0.08646278809012511,
  "subsample": 0.6463665544405313,
  "colsample_bytree": 0.7261489040007002,
  "reg_alpha": 1.7554106464536985,
  "reg_lambda": 6.350133635756895
}