{"train_precision":0.8426966292134831,"_timestamp":1.7551736991755896e+09,"current_lr":1.6605108631186216e-07,"train_accuracy":0.8244274809160306,"test_loss":0.5948522118145995,"test_recall":0.9130434782608695,"_wandb":{"runtime":8},"train_f1":0.8670520231213873,"test_precision":0.75,"_step":99,"train_loss":0.333144981442517,"_runtime":8.120507924,"test_f1":0.8235294117647058,"test_accuracy":0.7272727272727273,"train_recall":0.8928571428571429,"epoch":99}