{
  "n_estimators": 375,
  "max_depth": 11,
  "learning_rate": 0.21033669494862106,
  "subsample": 1.0,
  "colsample_bytree": 0.940242361294072,
  "reg_alpha": 0.0,
  "reg_lambda": 0.0
}