{
  "n_estimators": 910,
  "max_depth": 11,
  "learning_rate": 0.1909343367160584,
  "subsample": 0.9514758708982082,
  "colsample_bytree": 0.9340228701865337,
  "reg_alpha": 0.0,
  "reg_lambda": 3.208771538037966
}