{"_wandb":{"runtime":11},"_timestamp":1.7551736468332574e+09,"train_recall":0.9404761904761905,"test_loss":0.5015161637442581,"train_loss":0.35237700657080145,"test_accuracy":0.7272727272727273,"train_precision":0.8229166666666666,"test_recall":0.9130434782608695,"_runtime":11.890440132,"train_accuracy":0.8320610687022901,"epoch":99,"train_f1":0.8777777777777778,"test_precision":0.75,"test_f1":0.8235294117647058,"_step":99,"current_lr":1.5685298186030515e-07}