{"train_recall":0.9880749574105622,"val_loss":1.4622096624939285,"val_precision":0.68125,"val_f1":0.7218543046357616,"_timestamp":1.7520675563131633e+09,"train_precision":0.9813874788494078,"train_accuracy":0.9842794759825327,"_wandb":{"runtime":42},"_runtime":42.141517685,"train_f1":0.9847198641765704,"_step":99,"val_accuracy":0.7073170731707317,"epoch":99,"val_recall":0.7676056338028169,"current_lr":6.058279055286387e-08,"train_loss":0.03655015987173276}