{"_runtime":14.044158254,"epoch":99,"train_precision":0.8876404494382022,"test_accuracy":0.7878787878787878,"test_loss":0.48966418464216543,"_wandb":{"runtime":14},"test_precision":0.8076923076923077,"_step":99,"train_loss":0.2999465015098339,"test_f1":0.8571428571428571,"_timestamp":1.755176034421179e+09,"train_accuracy":0.8854961832061069,"train_f1":0.9132947976878613,"test_recall":0.9130434782608695,"current_lr":2.5032798735571543e-08,"train_recall":0.9404761904761905}