{"epoch":99,"_step":99,"train_precision":0.6776859504132231,"test_recall":1,"_wandb":{"runtime":8},"train_loss":0.5987100910594445,"train_accuracy":0.6870229007633588,"test_f1":0.8214285714285714,"_runtime":8.215053287,"test_accuracy":0.696969696969697,"_timestamp":1.7552604240717027e+09,"train_f1":0.8,"current_lr":2.781855377335323e-07,"test_loss":0.5614060759544373,"train_recall":0.9761904761904762,"test_precision":0.696969696969697}