{"test_precision":0.8,"train_f1":0.7878787878787878,"test_f1":0.7441860465116279,"_timestamp":1.755287472593706e+09,"_runtime":13.426131453,"train_loss":0.4806097236298423,"epoch":99,"_step":99,"test_accuracy":0.6666666666666666,"_wandb":{"runtime":13},"test_loss":0.6270370591770502,"train_precision":0.8024691358024691,"train_accuracy":0.732824427480916,"current_lr":1.0731177001131537e-07,"train_recall":0.7738095238095238,"test_recall":0.6956521739130435}