{"_timestamp":1.7520691555962064e+09,"train_accuracy":0.6412213740458015,"val_f1":0.8214285714285714,"train_f1":0.7813953488372093,"train_recall":1,"val_accuracy":0.696969696969697,"val_recall":1,"train_precision":0.6412213740458015,"_wandb":{"runtime":10},"val_loss":0.6179810933994524,"_step":99,"current_lr":3.4143279599923965e-06,"epoch":99,"val_precision":0.696969696969697,"_runtime":10.197776355,"train_loss":0.6529634881565589}