loop,colset,n_features,auc,average_precision,uniqueness_ratio,n_rows,n_unique_rows,duplicate_rows
9,all_columns,232,0.945575042013497,0.9192964282728378,1.0,13972,13972,0
9,motifs_eig_centrality,98,0.9251683010733738,0.888971508094413,1.0,13972,13972,0
9,motifs_eig,84,0.8998139815978683,0.85627556170955,0.9974234182651016,13972,13936,36
9,spectral,31,0.8839240622207208,0.8381693692928515,0.9974234182651016,13972,13936,36
9,motifs,74,0.8622329039494101,0.8110731200951324,0.9974234182651016,13972,13936,36
9,eig,10,0.8555078962972116,0.798879299274903,0.9974234182651016,13972,13936,36
