loop,colset,n_features,auc,average_precision,uniqueness_ratio,n_rows,n_unique_rows,duplicate_rows
9,all_columns,241,0.942860049883343,0.9141270565774874,1.0,13972,13972,0
9,motifs_eig,96,0.8994688701597335,0.8552204883229204,0.9974234182651016,13972,13936,36
9,spectral,31,0.88121395865562,0.8354824503610441,0.9974234182651016,13972,13936,36
9,motifs,86,0.8625717452714983,0.811397420228125,0.9974234182651016,13972,13936,36
9,eig,10,0.8539917503551808,0.7961824534677684,0.9974234182651016,13972,13936,36
