{"test_recall":0.8802816901408451,"train_loss":0.30277440727537897,"test_accuracy":0.8153310104529616,"_timestamp":1.7552836518637414e+09,"test_precision":0.7763975155279503,"train_f1":0.8676236044657097,"epoch":99,"train_recall":0.9267461669505963,"current_lr":6.058279055286385e-07,"_runtime":25.206085853,"_wandb":{"runtime":25},"train_accuracy":0.8550218340611354,"test_loss":0.4090374879513053,"train_precision":0.815592203898051,"_step":99,"test_f1":0.8250825082508251}