{"current_lr":6.064250659568653e-08,"train_f1":0.9683959451401312,"epoch":99,"test_recall":0.8977212506624271,"train_loss":0.08955508306211696,"test_accuracy":0.5822359003721729,"train_precision":0.9655172413793104,"_timestamp":1.7552991584606147e+09,"test_precision":0.49148936170212765,"_wandb":{"runtime":264},"train_accuracy":0.9667919799498746,"_step":99,"test_loss":4.20593081375079,"_runtime":264.768409095,"train_recall":0.9712918660287081,"test_f1":0.6352102993562903}