{"_timestamp":1.7552857316553981e+09,"test_loss":0.6160997396165674,"_runtime":6.456587747,"train_accuracy":0.6412213740458015,"_wandb":{"runtime":6},"test_precision":0.696969696969697,"test_f1":0.8214285714285714,"epoch":99,"train_f1":0.7813953488372093,"test_recall":1,"train_loss":0.6537246139904925,"train_precision":0.6412213740458015,"test_accuracy":0.696969696969697,"current_lr":2.083398304168428e-06,"_step":99,"train_recall":1}