{"_wandb":{"runtime":10},"train_precision":0.8953488372093024,"_runtime":10.887530754,"test_precision":0.75,"epoch":99,"test_accuracy":0.7272727272727273,"train_f1":0.9058823529411765,"_timestamp":1.755174019603566e+09,"_step":99,"test_loss":0.5428562841746801,"test_recall":0.9130434782608695,"train_accuracy":0.8778625954198473,"train_recall":0.9166666666666666,"current_lr":3.704710958381784e-08,"train_loss":0.27907184926608136,"test_f1":0.8235294117647058}