{"_step":99,"_timestamp":1.7553100404637327e+09,"train_accuracy":0.87531328320802,"train_f1":0.8841001747233547,"epoch":99,"train_precision":0.8615209988649262,"test_loss":0.9969505652488814,"train_recall":0.9078947368421053,"current_lr":7.437773162432912e-08,"train_loss":0.26869162076846104,"test_recall":0.6620738385444268,"test_precision":0.5755528255528255,"test_f1":0.6157890413209562,"test_accuracy":0.665259089607787,"_wandb":{"runtime":272},"_runtime":272.086395125}