{"train_recall":1,"test_f1":0.8214285714285714,"train_loss":0.6407710743769435,"_step":99,"train_f1":0.7813953488372093,"_runtime":8.394837428,"train_accuracy":0.6412213740458015,"test_loss":0.5852341701587042,"test_recall":1,"epoch":99,"_wandb":{"runtime":8},"current_lr":5.478630262181545e-07,"test_accuracy":0.696969696969697,"train_precision":0.6412213740458015,"test_precision":0.696969696969697,"_timestamp":1.7552873677232997e+09}