{"_timestamp":1.7552597028160448e+09,"_wandb":{"runtime":27},"test_recall":0.7816901408450704,"train_recall":0.7393526405451448,"epoch":99,"train_precision":0.6856240126382307,"_runtime":27.76147963,"test_precision":0.5967741935483871,"current_lr":7.498004673255479e-08,"train_f1":0.7114754098360656,"test_accuracy":0.6306620209059234,"test_f1":0.676829268292683,"train_accuracy":0.6925764192139738,"_step":99,"train_loss":0.5834790365144155,"test_loss":0.6606015725002887}