{"_runtime":6.017797409,"_step":99,"_wandb":{"runtime":6},"train_loss":0.6530990677935476,"epoch":99,"test_precision":0.696969696969697,"current_lr":1.0867194560726299e-06,"test_loss":0.6174860705028881,"train_f1":0.7813953488372093,"test_accuracy":0.696969696969697,"train_precision":0.6412213740458015,"test_recall":1,"test_f1":0.8214285714285714,"train_accuracy":0.6412213740458015,"train_recall":1,"_timestamp":1.7552856995752182e+09}