{"_wandb":{"runtime":22},"epoch":49,"_step":49,"test_accuracy":0.7038327526132404,"test_roc_auc":0.8479358912093249,"test_recall":0.4859154929577465,"train_roc_auc":0.9292435261001507,"train_accuracy":0.7764192139737991,"train_loss":0.3326916519731413,"_timestamp":1.7567163235113838e+09,"test_precision":0.8518518518518519,"_runtime":22.499887459,"test_loss":0.5123777148615608,"train_precision":0.9559228650137741,"train_recall":0.5911413969335605}