{"train_pr_auc":0.9912149279481085,"train_precision":0.9562043795620438,"test_roc_auc":0.7568361229417031,"_wandb":{"runtime":25},"test_precision":0.7048710601719198,"_runtime":25.637760465,"test_recall":0.8497409326424871,"_step":99,"_timestamp":1.7576695065109665e+09,"train_accuracy":0.9356435643564357,"train_recall":0.9492753623188406,"epoch":99,"train_roc_auc":0.9788269927536233,"test_pr_auc":0.8236221198860543,"train_loss":0.1806295897700999,"test_loss":1.002773828486622,"test_accuracy":0.6951092611862643}