{"current_lr":6.03729859712216e-08,"train_accuracy":0.9448324022346368,"val_accuracy":0.9902234636871509,"_wandb":{"runtime":54},"epoch":99,"train_recall":0.9492455418381345,"val_f1":0.9903181189488244,"_step":99,"train_precision":0.9427792915531336,"_timestamp":1.7551619630354722e+09,"val_loss":0.04441910236553606,"val_recall":0.9821673525377229,"train_f1":0.9460013670539986,"train_loss":0.13755669515559127,"val_precision":0.99860529986053,"_runtime":54.381637031}