{"train_loss":0.2214258142555033,"_wandb":{"runtime":13},"train_accuracy":0.9312977099236641,"train_recall":0.9285714285714286,"_timestamp":1.7520686132054102e+09,"val_recall":0.782608695652174,"epoch":99,"val_accuracy":0.6666666666666666,"val_precision":0.75,"val_f1":0.7659574468085106,"_runtime":13.696492931,"current_lr":5.684463366080607e-07,"train_precision":0.9629629629629629,"_step":99,"train_f1":0.9454545454545454,"val_loss":1.343768444928255}