{"_step":99,"train_f1":0.8430232558139535,"_wandb":{"runtime":209},"test_f1":0.6468978102189781,"train_loss":0.351647507800793,"train_recall":0.8672248803827751,"current_lr":1.2198717535786085e-07,"test_recall":0.7514573396926338,"_runtime":209.413479037,"train_precision":0.8201357466063348,"train_accuracy":0.8308270676691729,"test_accuracy":0.6676209561981105,"test_precision":0.5678814577492992,"epoch":99,"_timestamp":1.7551719563607447e+09,"test_loss":1.1435469000061962}