{"test_f1":0.8571428571428571,"_runtime":8.667809688,"_wandb":{"runtime":8},"_step":99,"test_recall":0.9130434782608695,"train_f1":0.9047619047619048,"test_accuracy":0.7878787878787878,"train_loss":0.27764791386728066,"test_precision":0.8076923076923077,"current_lr":7.265767612459232e-08,"epoch":99,"test_loss":0.5090526359325106,"train_precision":0.9047619047619048,"_timestamp":1.7551728085377972e+09,"train_accuracy":0.8778625954198473,"train_recall":0.9047619047619048}