{"val_recall":0.8591549295774648,"train_accuracy":0.8759825327510917,"val_precision":0.8079470198675497,"_runtime":25.847246175,"current_lr":1.2237873662995163e-08,"train_recall":0.8960817717206133,"_timestamp":1.7488542365306783e+09,"train_f1":0.88107202680067,"val_loss":0.4119844335919889,"_step":69,"val_f1":0.8327645051194539,"epoch":69,"train_loss":0.2729102076921921,"train_precision":0.8665568369028006,"_wandb":{"runtime":25},"val_accuracy":0.8292682926829268}