{"_runtime":9.768981046,"train_recall":1,"epoch":99,"test_precision":0.696969696969697,"train_loss":0.654921457512688,"test_f1":0.8214285714285714,"train_f1":0.7813953488372093,"_wandb":{"runtime":9},"test_loss":0.6302287118001417,"test_recall":1,"_step":99,"test_accuracy":0.696969696969697,"_timestamp":1.7552869288620439e+09,"train_accuracy":0.6412213740458015,"current_lr":2.930502367101228e-07,"train_precision":0.6412213740458015}