{"train_precision":0.7300319488817891,"val_f1":0.7862068965517242,"train_accuracy":0.7388646288209607,"val_loss":0.4975011957231714,"_timestamp":1.748854314180862e+09,"train_recall":0.778534923339012,"_runtime":25.041347029,"current_lr":1.2237873662995166e-09,"train_loss":0.5050425682525967,"val_recall":0.8028169014084507,"val_accuracy":0.7839721254355401,"_wandb":{"runtime":25},"val_precision":0.7702702702702703,"epoch":69,"_step":69,"train_f1":0.7535037098103875}