{"train_loss":0.5228670748268686,"train_pr_auc":0.8699083238174069,"_timestamp":1.7575247877848153e+09,"test_pr_auc":0.7473855208372158,"test_recall":0.8463648834019204,"train_precision":0.7698744769874477,"test_loss":0.7686822652483786,"test_accuracy":0.6473463687150838,"epoch":99,"test_precision":0.6108910891089109,"_runtime":31.749082078,"_wandb":{"runtime":31},"train_roc_auc":0.778652238071815,"train_recall":0.8598130841121495,"train_accuracy":0.7408536585365854,"_step":99,"test_roc_auc":0.7283365236581612}