{"_wandb":{"runtime":8},"train_loss":0.6531584842969443,"test_precision":0.696969696969697,"test_f1":0.8214285714285714,"current_lr":8.74806917626072e-07,"test_recall":1,"train_precision":0.6412213740458015,"train_accuracy":0.6412213740458015,"train_recall":1,"_runtime":8.484215379,"epoch":99,"test_loss":0.6242498060067495,"test_accuracy":0.696969696969697,"_step":99,"train_f1":0.7813953488372093,"_timestamp":1.7552884301394067e+09}