{"epoch":99,"_runtime":6.24800994,"_wandb":{"runtime":6},"train_f1":0.7701149425287356,"test_f1":0.8235294117647058,"current_lr":1.9147301950993612e-07,"train_accuracy":0.6946564885496184,"train_recall":0.7976190476190477,"train_precision":0.7444444444444445,"test_recall":0.9130434782608695,"_step":99,"train_loss":0.5145656366384667,"test_precision":0.75,"test_accuracy":0.7272727272727273,"_timestamp":1.7552591538643804e+09,"test_loss":0.5790221691131592}