{"_timestamp":1.7552884852044318e+09,"test_recall":1,"train_loss":0.6528477382113915,"test_loss":0.6223870660319473,"test_f1":0.8214285714285714,"current_lr":4.557044645245712e-07,"train_recall":1,"epoch":99,"_step":99,"_runtime":26.751466132,"train_precision":0.6412213740458015,"test_precision":0.696969696969697,"train_accuracy":0.6412213740458015,"_wandb":{"runtime":26},"train_f1":0.7813953488372093,"test_accuracy":0.696969696969697}