{"train_precision":0.7743147656940761,"test_precision":0.76875,"_runtime":705.946165894,"test_f1":0.767379679144385,"current_lr":1.0937189644689511e-07,"_timestamp":1.7551842608399718e+09,"test_recall":0.7660142348754448,"train_loss":0.37946230865307695,"_wandb":{"runtime":705},"epoch":99,"test_loss":0.38446499437680187,"train_f1":0.7732038406356915,"_step":99,"test_accuracy":0.8132379248658318,"train_recall":0.7720960987436633,"train_accuracy":0.8161402880916168}