{"_runtime":18.003894437,"_wandb":{"runtime":18},"train_recall":0.8571428571428571,"train_loss":0.41946540238293073,"_step":99,"test_precision":0.75,"test_accuracy":0.6666666666666666,"_timestamp":1.7552859439116352e+09,"test_recall":0.782608695652174,"test_loss":0.5195411026767088,"train_f1":0.8323699421965318,"current_lr":9.0211663331806e-08,"train_precision":0.8089887640449438,"test_f1":0.7659574468085106,"train_accuracy":0.7786259541984732,"epoch":99}