{"test_f1":0.6934556065027094,"train_precision":0.7313432835820896,"train_loss":0.4391596725112514,"test_recall":0.7346758523229111,"_runtime":379.1073161,"train_recall":0.8791866028708134,"test_precision":0.6566150931480896,"test_accuracy":0.736830804466075,"epoch":99,"train_f1":0.7984790874524715,"train_accuracy":0.7675438596491229,"_wandb":{"runtime":379},"current_lr":1.0920474846750437e-07,"_step":99,"_timestamp":1.7552565553699722e+09,"test_loss":0.5052321804470206}