{"train_accuracy":0.879475982532751,"train_precision":0.8877374784110535,"_step":99,"_runtime":89.098695524,"train_f1":0.8816466552315609,"val_accuracy":0.710801393728223,"current_lr":4.472738681190625e-07,"train_recall":0.8756388415672913,"val_recall":0.7394366197183099,"_timestamp":1.752237396098218e+09,"epoch":99,"val_precision":0.695364238410596,"val_f1":0.7167235494880546,"train_loss":0.2816025630615684,"val_loss":0.6426561010631535,"_wandb":{"runtime":89}}