{"val_recall":0.8260869565217391,"val_precision":0.6785714285714286,"current_lr":1.3864926146190798e-08,"val_accuracy":0.6060606060606061,"_wandb":{"runtime":15},"_timestamp":1.752071410864156e+09,"val_loss":0.8475661812787594,"val_f1":0.7450980392156863,"epoch":99,"_step":99,"train_accuracy":0.816793893129771,"_runtime":15.421100779,"train_recall":0.8809523809523809,"train_f1":0.8604651162790697,"train_loss":0.41463421637775333,"train_precision":0.8409090909090909}