{"train_recall":0.9047619047619048,"epoch":99,"train_precision":0.9156626506024096,"train_accuracy":0.8854961832061069,"test_precision":0.8076923076923077,"train_loss":0.2840866787743022,"train_f1":0.9101796407185628,"test_f1":0.8571428571428571,"_timestamp":1.7551759085033748e+09,"test_recall":0.9130434782608695,"test_loss":0.5394084944634938,"current_lr":5.835808328186719e-08,"_runtime":9.174417314,"_wandb":{"runtime":9},"_step":99,"test_accuracy":0.7878787878787878}