{"test_f1":0.8104575163398693,"_step":99,"_timestamp":1.7552832109991066e+09,"train_recall":0.948892674616695,"test_recall":0.8732394366197183,"test_accuracy":0.7979094076655052,"train_f1":0.867601246105919,"train_accuracy":0.851528384279476,"train_loss":0.33441850179928356,"_wandb":{"runtime":25},"epoch":99,"test_loss":0.43987897111148366,"test_precision":0.7560975609756098,"train_precision":0.7991391678622669,"_runtime":25.594321007,"current_lr":1.2116558110572774e-07}