{"_step":99,"val_f1":0.7391304347826086,"_runtime":18.867734753,"val_precision":0.7391304347826086,"val_loss":1.1784404752825415,"_timestamp":1.7520739807273517e+09,"val_accuracy":0.6363636363636364,"current_lr":6.932463073095399e-08,"epoch":99,"train_loss":0.1359318118286497,"train_recall":0.9642857142857143,"train_accuracy":0.9694656488549618,"train_f1":0.9759036144578314,"_wandb":{"runtime":18},"train_precision":0.9878048780487805,"val_recall":0.7391304347826086}