{"test_recall":1,"train_recall":1,"test_precision":0.696969696969697,"train_loss":0.6529178837783464,"current_lr":6.899918613020519e-07,"train_accuracy":0.6412213740458015,"train_precision":0.6412213740458015,"_runtime":6.728585159,"train_f1":0.7813953488372093,"_wandb":{"runtime":6},"epoch":99,"test_loss":0.6181848843892416,"_timestamp":1.7552857948053787e+09,"test_f1":0.8214285714285714,"_step":99,"test_accuracy":0.696969696969697}