{"train_precision":0.8043478260869565,"val_accuracy":0.6363636363636364,"epoch":99,"train_recall":0.8809523809523809,"_runtime":11.012431664,"val_f1":0.7391304347826086,"train_accuracy":0.7862595419847328,"train_loss":0.4982977586848135,"val_recall":0.7391304347826086,"_timestamp":1.7520714531921244e+09,"train_f1":0.8409090909090909,"_wandb":{"runtime":11},"_step":99,"val_precision":0.7391304347826086,"current_lr":1.3864926146190798e-08,"val_loss":0.567746998967998}