{"_timestamp":1.752239126346582e+09,"train_loss":0.43634093083669007,"val_f1":0.723404255319149,"train_precision":0.8233082706766918,"_step":99,"val_loss":0.5522481503179264,"val_accuracy":0.7282229965156795,"_wandb":{"runtime":57},"_runtime":57.528485546,"epoch":99,"current_lr":6.397498055898528e-07,"train_accuracy":0.7877729257641921,"train_recall":0.7461669505962522,"train_f1":0.7828418230563002,"val_recall":0.7183098591549296,"val_precision":0.7285714285714285}