{"_step":99,"_timestamp":1.7552820370929282e+09,"_wandb":{"runtime":47},"test_precision":0.6642857142857143,"test_loss":0.6100311983337801,"train_precision":0.6868512110726643,"epoch":99,"_runtime":47.873374054,"train_recall":0.676320272572402,"test_f1":0.6595744680851063,"test_recall":0.6549295774647887,"test_accuracy":0.6655052264808362,"current_lr":8.206459463340601e-08,"train_accuracy":0.6759825327510917,"train_f1":0.6815450643776824,"train_loss":0.6063476542718546}