{"train_loss":0.22340421860174434,"_runtime":48.069739231,"train_precision":0.9528301886792453,"current_lr":1.375678106072552e-07,"train_accuracy":0.9329268292682927,"_step":99,"test_recall":0.522633744855967,"test_loss":0.7536164575448915,"test_f1":0.6130329847144006,"_timestamp":1.755253303857242e+09,"train_f1":0.9483568075117371,"_wandb":{"runtime":48},"train_recall":0.9439252336448598,"test_accuracy":0.6641061452513967,"test_precision":0.7412451361867705,"epoch":99}