{"train_loss":0.630997648219533,"train_recall":0.4391257503463137,"current_lr":0.0001278895496660869,"_runtime":34.348591959,"val_loss":0.5407454250494402,"val_f1":0.5210907145017566,"val_accuracy":0.7313705530759794,"_timestamp":1.75509789837727e+09,"_step":0,"val_precision":0.6454652871840687,"train_f1":0.5106497225702523,"train_accuracy":0.6487667009249743,"train_precision":0.6100064143681847,"_wandb":{"runtime":52},"epoch":0,"val_recall":0.43690380976532783}