{"train/example_ct":594,"val/val_accuracy":0.7272727272727273,"val/val_loss":0.9637815356254578,"_runtime":3.761129806,"train/train_loss":3.4935604631900787,"_wandb":{"runtime":64},"_step":107,"_timestamp":1.7485138599694743e+09,"train/epoch":54}