{"train_roc_auc":0.9959009673717002,"train_loss":0.07857331924322175,"test_pr_auc":0.7514953665845733,"test_precision":0.6597938144329897,"_step":99,"_timestamp":1.7576046135930939e+09,"epoch":99,"train_accuracy":0.9695121951219512,"test_recall":0.7023319615912208,"_wandb":{"runtime":27},"train_recall":0.9813084112149533,"test_loss":1.72787986479325,"test_roc_auc":0.7380918930626532,"train_precision":0.9722222222222222,"test_accuracy":0.6641061452513967,"train_pr_auc":0.9980168604191149,"_runtime":27.146758431}