{"test_roc_auc":0.9397136839235781,"train_loss":0.25858065690200316,"test_accuracy":0.8432915921288014,"_step":49,"_wandb":{"runtime":170},"train_precision":0.7678793256433007,"train_recall":0.9537139078686356,"_runtime":170.546451062,"test_loss":0.3097289763750885,"_timestamp":1.7567185726157618e+09,"test_precision":0.7489114658925979,"epoch":49,"test_recall":0.9181494661921709,"train_roc_auc":0.956859380435562,"train_accuracy":0.8641853806924935}