{"val_loss":0.6258254367293734,"train_recall":1,"_step":99,"val_accuracy":0.696969696969697,"val_recall":1,"train_precision":0.6412213740458015,"val_f1":0.8214285714285714,"epoch":99,"train_loss":0.6535258561600256,"val_precision":0.696969696969697,"current_lr":2.9683846330167804e-06,"train_accuracy":0.6412213740458015,"_runtime":8.951838386,"_wandb":{"runtime":8},"train_f1":0.7813953488372093,"_timestamp":1.7520688277771273e+09}