{"train_recall":1,"train_precision":0.6412213740458015,"val_f1":0.8214285714285714,"train_accuracy":0.6412213740458015,"_wandb":{"runtime":7},"val_accuracy":0.696969696969697,"epoch":99,"_runtime":7.161622116,"_step":99,"val_loss":0.6198397676150004,"val_recall":1,"val_precision":0.696969696969697,"_timestamp":1.7520706285162039e+09,"current_lr":2.066483679820483e-06,"train_f1":0.7813953488372093,"train_loss":0.6527218204418211}