{"_runtime":22.238892151,"_step":49,"test_roc_auc":0.8479358912093249,"test_accuracy":0.7247386759581882,"test_recall":0.5563380281690141,"train_accuracy":0.8148471615720524,"train_recall":0.7035775127768313,"test_loss":0.5123777148615608,"train_precision":0.9157427937915743,"_wandb":{"runtime":22},"train_roc_auc":0.9292435261001507,"epoch":49,"test_precision":0.8315789473684211,"train_loss":0.3326916519731413,"_timestamp":1.756716197479245e+09}