{"train_accuracy":0.8480349344978166,"train_precision":0.8162327718223583,"epoch":99,"train_recall":0.9080068143100511,"_runtime":56.805714373,"val_loss":0.5748319933223393,"val_f1":0.743421052631579,"val_recall":0.795774647887324,"_wandb":{"runtime":56},"train_loss":0.327900328906863,"_step":99,"_timestamp":1.7522416971320136e+09,"current_lr":7.911499073857534e-08,"val_accuracy":0.7282229965156795,"train_f1":0.8596774193548387,"val_precision":0.6975308641975309}