{"_timestamp":1.7552517879727955e+09,"current_lr":1.2147054719922187e-07,"test_accuracy":0.6564245810055865,"_runtime":27.70269731,"train_precision":0.8235294117647058,"test_precision":0.6094182825484764,"train_recall":0.9158878504672897,"test_recall":0.9053497942386831,"train_accuracy":0.8170731707317073,"test_f1":0.7284768211920529,"train_f1":0.8672566371681416,"_wandb":{"runtime":27},"epoch":99,"train_loss":0.3605347900855832,"test_loss":1.3477437309712672,"_step":99}