{"_wandb":{"runtime":48},"test_loss":0.36624201519564054,"current_lr":7.790909508039706e-08,"_timestamp":1.7551754032936268e+09,"train_recall":0.8722316865417377,"_runtime":48.318886465,"train_f1":0.848384424192212,"test_accuracy":0.8257839721254355,"train_accuracy":0.840174672489083,"epoch":99,"test_f1":0.8251748251748252,"test_precision":0.8194444444444444,"_step":99,"train_precision":0.8258064516129032,"train_loss":0.3086368114146603,"test_recall":0.8309859154929577}