{"_timestamp":1.7520738859538112e+09,"_wandb":{"runtime":14},"train_f1":0.963855421686747,"val_precision":0.7272727272727273,"val_recall":0.6956521739130435,"val_accuracy":0.6060606060606061,"train_accuracy":0.9541984732824428,"epoch":99,"_runtime":14.918830198,"train_precision":0.975609756097561,"train_loss":0.11837996030581817,"val_f1":0.7111111111111111,"train_recall":0.9523809523809523,"val_loss":1.612946838860146,"current_lr":1.3864926146190798e-08,"_step":99}