{"val_precision":0.696969696969697,"_runtime":6.299494815,"train_recall":0.8333333333333334,"_step":99,"train_f1":0.7407407407407407,"epoch":99,"val_accuracy":0.696969696969697,"train_precision":0.6666666666666666,"current_lr":9.0211663331806e-09,"train_loss":0.6177010431544472,"val_f1":0.8214285714285714,"val_loss":0.609960860375202,"_timestamp":1.7520712008212235e+09,"val_recall":1,"train_accuracy":0.6259541984732825,"_wandb":{"runtime":6}}