{
  "n_estimators": 738,
  "max_depth": 7,
  "learning_rate": 0.3,
  "subsample": 0.6,
  "colsample_bytree": 0.885633948845808,
  "reg_alpha": 3.6830266557948947,
  "reg_lambda": 0.4263610496305722
}