{
  "n_estimators": 50,
  "max_depth": 3,
  "learning_rate": 0.2349953193893534,
  "subsample": 0.6477823154598775,
  "colsample_bytree": 0.7165952726454401,
  "reg_alpha": 3.401656148406297,
  "reg_lambda": 8.044506369503457
}