{"val_precision":0.71875,"epoch":99,"train_precision":0.7070707070707071,"train_loss":0.5690067515118431,"train_recall":0.8333333333333334,"val_f1":0.8363636363636363,"_timestamp":1.7530935782206898e+09,"val_recall":1,"val_accuracy":0.7272727272727273,"_step":99,"_wandb":{"runtime":6},"val_loss":0.6090755679390647,"_runtime":6.079537353,"train_f1":0.7650273224043715,"current_lr":1.80423326663612e-08,"train_accuracy":0.6717557251908397}