{"val_accuracy":0.6666666666666666,"_runtime":8.184158349,"_step":99,"current_lr":1.473895350131648e-07,"val_precision":0.75,"train_f1":0.9820359281437125,"epoch":99,"_timestamp":1.7520687853269453e+09,"val_recall":0.782608695652174,"train_loss":0.08572583048398258,"_wandb":{"runtime":8},"train_precision":0.9879518072289156,"val_loss":1.9892901248103678,"train_accuracy":0.9770992366412213,"val_f1":0.7659574468085106,"train_recall":0.9761904761904762}