{"epoch":69,"_runtime":18.003598926,"train_accuracy":0.8078602620087336,"val_precision":0.8289473684210527,"current_lr":1.2237873662995165e-07,"train_f1":0.8253968253968254,"val_f1":0.8571428571428571,"val_accuracy":0.8536585365853658,"val_recall":0.8873239436619719,"train_precision":0.7726597325408618,"train_recall":0.8858603066439523,"_timestamp":1.748953329190023e+09,"_step":69,"train_loss":0.35483972440640477,"_wandb":{"runtime":18},"val_loss":0.3674504074693142}