{"test_loss":0.5915645633009669,"_wandb":{"runtime":27},"test_accuracy":0.7073170731707317,"epoch":99,"_timestamp":1.7552829066946461e+09,"_step":99,"train_loss":0.4887900191623571,"_runtime":27.258998429,"test_precision":0.7377049180327869,"test_recall":0.6338028169014085,"train_f1":0.7799671592775042,"test_f1":0.6818181818181818,"train_recall":0.8091993185689949,"current_lr":1.2116558110572774e-07,"train_accuracy":0.765938864628821,"train_precision":0.7527733755942948}