{"_timestamp":1.7520708113234632e+09,"train_recall":1,"val_accuracy":0.696969696969697,"_step":99,"_wandb":{"runtime":10},"train_accuracy":0.6412213740458015,"train_f1":0.7813953488372093,"train_loss":0.6531372502559923,"val_loss":0.6241450553590601,"val_precision":0.696969696969697,"val_f1":0.8214285714285714,"current_lr":2.6620451905181727e-06,"epoch":99,"_runtime":10.940938621,"val_recall":1,"train_precision":0.6412213740458015}