{"current_lr":1.8304606655628373e-06,"val_f1":0.8214285714285714,"train_f1":0.7813953488372093,"train_recall":1,"_runtime":10.295365197,"train_precision":0.6412213740458015,"val_loss":0.6237213548385736,"_timestamp":1.7520699765240886e+09,"val_accuracy":0.696969696969697,"epoch":99,"train_loss":0.6530554185386832,"train_accuracy":0.6412213740458015,"val_recall":1,"_step":99,"_wandb":{"runtime":10},"val_precision":0.696969696969697}