{"train_precision":0.7692307692307693,"test_roc_auc":0.7339756910907008,"epoch":99,"_runtime":36.712276215,"_wandb":{"runtime":36},"train_roc_auc":0.8302180685358256,"test_accuracy":0.6536312849162011,"train_pr_auc":0.8975032470319159,"_timestamp":1.7575244257387996e+09,"test_loss":0.7997286367183291,"test_recall":0.8834019204389575,"train_loss":0.4533236535584054,"test_precision":0.6104265402843602,"train_recall":0.9345794392523364,"_step":99,"test_pr_auc":0.7460655458046431,"train_accuracy":0.774390243902439}