{"test_loss":0.6226638736146869,"train_loss":0.6528840902197453,"test_accuracy":0.696969696969697,"epoch":99,"test_precision":0.696969696969697,"_timestamp":1.7552883642610028e+09,"_wandb":{"runtime":20},"train_precision":0.6412213740458015,"test_recall":1,"_runtime":20.941930055,"train_accuracy":0.6412213740458015,"current_lr":2.885650805027628e-07,"test_f1":0.8214285714285714,"train_f1":0.7813953488372093,"_step":99,"train_recall":1}