{"_wandb":{"runtime":172},"_timestamp":1.7567183928383665e+09,"_step":49,"epoch":49,"test_loss":0.3097289763750885,"_runtime":172.041036954,"train_recall":0.7271324663874807,"test_accuracy":0.8382826475849732,"test_precision":0.8862068965517241,"train_accuracy":0.8601592556142077,"test_recall":0.6859430604982206,"test_roc_auc":0.9397136839235781,"train_loss":0.25858065690200316,"train_roc_auc":0.956859380435562,"train_precision":0.9103200883002207}