{"epoch":99,"_step":99,"_wandb":{"runtime":8},"train_f1":0.7813953488372093,"val_loss":0.6187190368320002,"val_precision":0.696969696969697,"train_precision":0.6412213740458015,"current_lr":1.576492295446589e-06,"val_accuracy":0.696969696969697,"val_f1":0.8214285714285714,"val_recall":1,"train_accuracy":0.6412213740458015,"train_recall":1,"_timestamp":1.752070661283337e+09,"train_loss":0.6528230373186009,"_runtime":8.573413493}