{
  "loop": 9,
  "timestamp": "20251102-085719",
  "n_calls": 20,
  "n_splits": 5,
  "n_workers": 4,
  "random_state": 42,
  "feature_count": 74,
  "best_params": {
    "n_estimators": 215,
    "max_depth": 7,
    "learning_rate": 0.06284846545853807,
    "subsample": 0.9021445641270611,
    "colsample_bytree": 0.7700623497964979,
    "reg_alpha": 1.0397083143409445,
    "reg_lambda": 5.677003278199916
  },
  "best_cv_score": 0.8623435143767184,
  "cv_auc_mean": 0.8623435143767184,
  "cv_auc_std": 0.003373755244544855,
  "paths": {
    "run_dir": "/home/ec2-user/ML-correlator/bayes_results/loop9_20251102-085719",
    "history_csv": "/home/ec2-user/ML-correlator/bayes_results/loop9_20251102-085719/history.csv",
    "thresholds_csv": "/home/ec2-user/ML-correlator/bayes_results/loop9_20251102-085719/thresholds.csv",
    "plot_png": "/home/ec2-user/ML-correlator/bayes_results/loop9_20251102-085719/metrics.png"
  }
}