{"val_loss":0.7797762194055725,"val_precision":0.68,"_runtime":9.823533087,"_step":99,"_wandb":{"runtime":9},"current_lr":1.80423326663612e-08,"train_accuracy":0.8320610687022901,"_timestamp":1.752071741056059e+09,"train_loss":0.3693525935629852,"val_accuracy":0.5757575757575758,"val_recall":0.7391304347826086,"train_f1":0.875,"val_f1":0.7083333333333334,"train_precision":0.8369565217391305,"train_recall":0.9166666666666666,"epoch":99}