{"_step":99,"_wandb":{"runtime":24},"_runtime":24.979366735,"train_recall":1,"test_accuracy":0.49477351916376305,"train_f1":0.6778290993071594,"test_recall":1,"test_f1":0.662004662004662,"train_accuracy":0.5126637554585153,"train_loss":0.692826686780005,"current_lr":8.746128592508156e-07,"test_precision":0.49477351916376305,"_timestamp":1.755283768891825e+09,"train_precision":0.5126637554585153,"epoch":99,"test_loss":0.6937232979083311}