{"_runtime":20.838124218,"train_loss":0.3024471336748542,"epoch":99,"_wandb":{"runtime":20},"train_recall":0.9065420560747663,"_timestamp":1.7551666134004843e+09,"test_precision":0.7026627218934911,"_step":99,"test_loss":0.7582318086863896,"train_precision":0.8818181818181818,"test_accuracy":0.6822625698324022,"train_accuracy":0.8597560975609756,"train_f1":0.8940092165898618,"test_recall":0.6515775034293553,"current_lr":8.098036479948124e-08,"test_f1":0.6761565836298933}