{"_runtime":10.025572083,"val_f1":0.7450980392156863,"train_f1":0.8131868131868132,"train_loss":0.49863626210744144,"train_precision":0.7551020408163265,"_step":99,"val_accuracy":0.6060606060606061,"_wandb":{"runtime":10},"epoch":99,"train_accuracy":0.7404580152671756,"val_loss":0.6168735081499274,"current_lr":9.0211663331806e-09,"_timestamp":1.75207223706166e+09,"val_precision":0.6785714285714286,"train_recall":0.8809523809523809,"val_recall":0.8260869565217391}