{"epoch":99,"_wandb":{"runtime":7},"_step":99,"train_recall":0.8809523809523809,"val_accuracy":0.6666666666666666,"_runtime":7.626262456,"train_precision":0.8505747126436781,"train_loss":0.364625510596137,"train_f1":0.8654970760233918,"train_accuracy":0.8244274809160306,"val_loss":0.6969063261128736,"val_f1":0.7755102040816326,"val_recall":0.8260869565217391,"val_precision":0.7307692307692307,"current_lr":5.41269979990836e-08,"_timestamp":1.7513704574539561e+09}