{"train_accuracy":0.6412213740458015,"train_loss":0.653363577737153,"test_loss":0.6167823103341189,"train_precision":0.6412213740458015,"train_recall":1,"test_f1":0.8214285714285714,"_wandb":{"runtime":6},"_runtime":6.028729043,"epoch":99,"test_recall":1,"current_lr":1.5204313396422625e-06,"test_precision":0.696969696969697,"_timestamp":1.7552852895652587e+09,"_step":99,"train_f1":0.7813953488372093,"test_accuracy":0.696969696969697}