{
  "loop": 8,
  "timestamp": "20251101-191556",
  "n_calls": 20,
  "n_splits": 5,
  "n_workers": 4,
  "random_state": 42,
  "feature_count": 96,
  "best_params": {
    "n_estimators": 925,
    "max_depth": 20,
    "learning_rate": 0.06780559649846526,
    "subsample": 0.6122720808284149,
    "colsample_bytree": 0.8803919980010504,
    "reg_alpha": 1.0928968274942188,
    "reg_lambda": 4.698646979064217
  },
  "best_cv_score": 0.8518694062012588,
  "cv_auc_mean": 0.8518694062012588,
  "cv_auc_std": 0.014007828580340831,
  "paths": {
    "run_dir": "/home/ec2-user/ML-correlator/bayes_results/loop8_20251101-191556",
    "history_csv": "/home/ec2-user/ML-correlator/bayes_results/loop8_20251101-191556/history.csv",
    "thresholds_csv": "/home/ec2-user/ML-correlator/bayes_results/loop8_20251101-191556/thresholds.csv",
    "plot_png": "/home/ec2-user/ML-correlator/bayes_results/loop8_20251101-191556/metrics.png"
  }
}