{"current_lr":1.0393416706586434e-06,"epoch":99,"_step":99,"val_precision":0.49477351916376305,"val_f1":0.662004662004662,"val_accuracy":0.49477351916376305,"val_loss":0.6937200142531444,"_timestamp":1.7522396792131763e+09,"train_recall":1,"train_f1":0.6778290993071594,"train_accuracy":0.5126637554585153,"train_precision":0.5126637554585153,"_runtime":76.158962131,"train_loss":0.6928265652802313,"val_recall":1,"_wandb":{"runtime":76}}