{"train_recall":0.881578947368421,"test_precision":0.9173457508731082,"test_recall":0.13919802155096273,"train_accuracy":0.8132832080200502,"_step":99,"test_accuracy":0.646149441740624,"train_precision":0.7873931623931624,"train_loss":0.36789970850585996,"_timestamp":1.755315096761747e+09,"epoch":99,"_wandb":{"runtime":168},"_runtime":168.981417251,"train_f1":0.8318284424379232,"current_lr":5.127716017091151e-08,"test_f1":0.24171779141104294,"test_loss":2.012310075146511}