{"train_precision":0.9302325581395349,"_timestamp":1.7545580252886703e+09,"train_loss":0.20643601532428318,"current_lr":1.80423326663612e-07,"train_f1":0.9411764705882353,"val_precision":0.8333333333333334,"epoch":99,"_step":99,"val_accuracy":0.7878787878787878,"_wandb":{"runtime":8},"val_loss":0.510531045722239,"_runtime":8.390588792,"val_f1":0.851063829787234,"val_recall":0.8695652173913043,"train_accuracy":0.9236641221374046,"train_recall":0.9523809523809523}