{"_timestamp":1.755172891569047e+09,"_wandb":{"runtime":8},"train_recall":0.8690476190476191,"train_loss":0.2953726826733305,"_step":99,"train_f1":0.8795180722891566,"test_accuracy":0.7878787878787878,"test_recall":0.8695652173913043,"_runtime":8.523206195,"train_precision":0.8902439024390244,"train_accuracy":0.8473282442748091,"test_f1":0.851063829787234,"epoch":99,"current_lr":6.91141280267053e-08,"test_loss":0.48252204168856033,"test_precision":0.8333333333333334}