{"test_f1":0.8251748251748252,"test_accuracy":0.8257839721254355,"current_lr":1.0523277337354101e-07,"train_f1":0.8607809847198642,"_wandb":{"runtime":45},"_step":99,"test_loss":0.36586527687331943,"train_loss":0.3110135538348985,"epoch":99,"_timestamp":1.755176666972275e+09,"test_recall":0.8309859154929577,"train_precision":0.8578680203045685,"_runtime":45.929051533,"test_precision":0.8194444444444444,"train_accuracy":0.856768558951965,"train_recall":0.8637137989778535}