{"val_loss":2.2494617267088457,"val_precision":0.7727272727272727,"train_accuracy":0.9923664122137404,"epoch":99,"_wandb":{"runtime":15},"_runtime":15.288368706,"current_lr":6.932463073095399e-08,"val_recall":0.7391304347826086,"train_precision":1,"val_f1":0.7555555555555555,"train_loss":0.016984996065952395,"_step":99,"_timestamp":1.7520736167895043e+09,"train_recall":0.9880952380952381,"val_accuracy":0.6666666666666666,"train_f1":0.9940119760479041}