{"train_recall":0.9345794392523364,"train_pr_auc":0.9919722654764322,"test_recall":0.7256515775034293,"test_precision":0.6482843137254902,"train_roc_auc":0.983931792097065,"test_loss":1.3523598804070962,"test_accuracy":0.6599162011173184,"_wandb":{"runtime":31},"train_loss":0.15880426546422446,"_runtime":31.246569787,"train_accuracy":0.9329268292682927,"_timestamp":1.7575220367665155e+09,"_step":99,"train_precision":0.9615384615384616,"test_roc_auc":0.745421835090451,"test_pr_auc":0.7576296589618758,"epoch":99}