{"val_f1":0.6486486486486487,"train_loss":0.41298125536387204,"_step":99,"val_precision":0.8571428571428571,"_timestamp":1.7520694161308515e+09,"train_accuracy":0.7862595419847328,"_runtime":7.885875807,"val_accuracy":0.6060606060606061,"train_f1":0.8082191780821918,"epoch":99,"train_precision":0.9516129032258065,"train_recall":0.7023809523809523,"val_loss":0.6608801442198455,"current_lr":1.032586033646344e-06,"_wandb":{"runtime":7},"val_recall":0.5217391304347826}