{"train_f1":0.8571428571428571,"_runtime":10.824305623,"_timestamp":1.7551727445923238e+09,"_wandb":{"runtime":10},"test_recall":0.9565217391304348,"test_accuracy":0.7272727272727273,"current_lr":1.3387740852366557e-07,"test_loss":0.6430987916096593,"_step":99,"test_f1":0.8301886792452831,"train_precision":0.7959183673469388,"test_precision":0.7333333333333333,"train_accuracy":0.8015267175572519,"epoch":99,"train_recall":0.9285714285714286,"train_loss":0.36291974873943184}