{"train_loss":0.6528984922489137,"_timestamp":1.7520699038857262e+09,"_wandb":{"runtime":6},"train_precision":0.6412213740458015,"train_f1":0.7813953488372093,"val_f1":0.8214285714285714,"_step":99,"val_accuracy":0.696969696969697,"current_lr":2.7249781868037585e-06,"val_precision":0.696969696969697,"_runtime":6.6216657009999995,"train_recall":1,"val_loss":0.6182799998557929,"val_recall":1,"train_accuracy":0.6412213740458015,"epoch":99}