{"test_accuracy":0.818815331010453,"train_recall":0.8449744463373083,"epoch":99,"current_lr":6.058279055286387e-08,"test_f1":0.8169014084507042,"train_precision":0.8294314381270903,"test_recall":0.8169014084507042,"_runtime":70.864072538,"_step":99,"train_accuracy":0.8314410480349345,"test_precision":0.8169014084507042,"_wandb":{"runtime":70},"train_loss":0.34692761419121354,"test_loss":0.37639421006528345,"_timestamp":1.755251488760299e+09,"train_f1":0.8371308016877637}