{"_timestamp":1.7569026464130623e+09,"train_recall":0.8943781942078365,"test_loss":0.5520645126648481,"test_accuracy":0.7979094076655052,"_step":99,"epoch":99,"_wandb":{"runtime":55},"test_precision":0.8387096774193549,"test_recall":0.7323943661971831,"train_loss":0.2564400451802791,"test_roc_auc":0.8739679456046625,"train_roc_auc":0.9595293485495167,"train_precision":0.8808724832214765,"_runtime":55.347670006,"train_accuracy":0.8838427947598253}