{"val_f1":0.6950354609929078,"_wandb":{"runtime":26},"_runtime":26.238723872,"train_precision":0.9408783783783784,"_step":99,"val_loss":1.126219761911585,"_timestamp":1.7545550724621105e+09,"current_lr":7.20386234406115e-07,"val_accuracy":0.7003484320557491,"val_precision":0.7,"val_recall":0.6901408450704225,"train_recall":0.948892674616695,"train_f1":0.9448685326547922,"train_loss":0.13194058756120342,"epoch":99,"train_accuracy":0.9432314410480349}