{"epoch":99,"_timestamp":1.7552844796368694e+09,"train_recall":1,"train_precision":0.6412213740458015,"train_f1":0.7813953488372093,"_step":99,"current_lr":7.543571143163787e-07,"test_precision":0.696969696969697,"test_loss":0.6190487516648842,"train_loss":0.6527805724216782,"_wandb":{"runtime":5},"test_accuracy":0.696969696969697,"test_recall":1,"test_f1":0.8214285714285714,"_runtime":5.5834421899999995,"train_accuracy":0.6412213740458015}