{"train_recall":0.9301533219761499,"train_loss":0.19152763926436286,"test_accuracy":0.7665505226480837,"current_lr":6.266729256366391e-08,"train_roc_auc":0.9779756125857131,"train_f1":0.9277824978759558,"train_precision":0.9254237288135593,"_wandb":{"runtime":38},"test_roc_auc":0.8712967459932006,"test_recall":0.7816901408450704,"_step":99,"test_precision":0.7551020408163265,"train_accuracy":0.925764192139738,"_runtime":38.197225704,"test_loss":0.5677238108804417,"test_f1":0.7681660899653979,"_timestamp":1.7561291171403253e+09,"epoch":99}