{"train_accuracy":0.9923664122137404,"val_f1":0.7391304347826086,"train_f1":0.9940119760479041,"val_loss":2.4254255692161486,"train_precision":1,"val_precision":0.7391304347826086,"val_accuracy":0.6363636363636364,"_runtime":9.077807017,"epoch":99,"_wandb":{"runtime":9},"train_recall":0.9880952380952381,"current_lr":3.1603570106342973e-07,"_timestamp":1.7520696316846344e+09,"train_loss":0.02660951942546677,"val_recall":0.7391304347826086,"_step":99}