{
  "n_estimators": 416,
  "max_depth": 3,
  "learning_rate": 0.07695920943042321,
  "subsample": 0.6964101864104046,
  "colsample_bytree": 0.8733054075301834,
  "reg_alpha": 3.049983288913105,
  "reg_lambda": 8.331949117361646
}