{
  "n_estimators": 120,
  "max_depth": 11,
  "learning_rate": 0.050767834819312824,
  "subsample": 0.6,
  "colsample_bytree": 1.0,
  "reg_alpha": 3.0506685420233866,
  "reg_lambda": 10.0
}