{"val_f1":0.8214285714285714,"train_accuracy":0.6412213740458015,"_timestamp":1.7520702328025331e+09,"_step":99,"val_recall":1,"_wandb":{"runtime":7},"_runtime":7.9381831510000005,"train_precision":0.6412213740458015,"val_precision":0.696969696969697,"train_recall":1,"train_loss":0.6527220008482459,"val_loss":0.6208655346523632,"val_accuracy":0.696969696969697,"train_f1":0.7813953488372093,"epoch":99,"current_lr":2.30318464052234e-06}