{"test_precision":0.6897506925207756,"_step":99,"train_loss":0.2801171918906788,"test_pr_auc":0.8181156635969207,"train_roc_auc":0.9558423913043479,"test_recall":0.8601036269430051,"train_recall":0.9130434782608695,"train_accuracy":0.9108910891089109,"train_pr_auc":0.9816331403240816,"epoch":99,"_runtime":22.341236168000002,"train_precision":0.9545454545454546,"test_accuracy":0.6826222684703434,"_timestamp":1.7576694715032167e+09,"_wandb":{"runtime":22},"test_roc_auc":0.7415430106068415,"test_loss":0.8387196473971118}