{"_step":69,"train_loss":0.21974047462752813,"train_recall":0.9574105621805792,"val_loss":0.46370640853971556,"train_f1":0.9079159935379645,"val_f1":0.8378378378378378,"val_recall":0.8732394366197183,"_wandb":{"runtime":25},"train_precision":0.8632872503840245,"_timestamp":1.7486933821713042e+09,"epoch":69,"val_accuracy":0.8327526132404182,"current_lr":3.671362098898549e-07,"train_accuracy":0.9004366812227074,"_runtime":25.172525132,"val_precision":0.8051948051948052}