{"_runtime":12.76434826,"test_accuracy":0.696969696969697,"_step":99,"test_loss":0.7626181276882011,"test_precision":0.76,"epoch":99,"train_accuracy":0.8473282442748091,"train_f1":0.8876404494382022,"test_f1":0.7916666666666666,"_timestamp":1.755288992642813e+09,"train_precision":0.8404255319148937,"test_recall":0.8260869565217391,"train_recall":0.9404761904761905,"train_loss":0.33000340944028084,"_wandb":{"runtime":12},"current_lr":1.2059676126029684e-07}