{"train_accuracy":0.8243714771405565,"current_lr":9.396113216585348e-08,"test_loss":0.3813374716182088,"test_precision":0.7691605839416058,"_step":99,"_wandb":{"runtime":862},"_runtime":862.919272255,"_timestamp":1.7551793524361837e+09,"test_recall":0.75,"epoch":99,"train_precision":0.7831060272767268,"test_accuracy":0.8089445438282648,"train_recall":0.7846594666078907,"train_f1":0.7838819773202687,"train_loss":0.36931352771287357,"test_f1":0.7594594594594595}