{"current_lr":1.461155830307527e-06,"test_loss":0.6198281772208937,"train_f1":0.7813953488372093,"epoch":99,"test_precision":0.696969696969697,"_timestamp":1.7552847799816842e+09,"train_recall":1,"_wandb":{"runtime":5},"train_accuracy":0.6412213740458015,"test_recall":1,"train_precision":0.6412213740458015,"_step":99,"test_f1":0.8214285714285714,"test_accuracy":0.696969696969697,"train_loss":0.6527223459636892,"_runtime":5.789796763}