{"current_lr":3.1180820127629616e-08,"test_precision":0.7969174977334542,"test_f1":0.7894027840143691,"test_recall":0.7820284697508897,"test_accuracy":0.8322003577817532,"train_accuracy":0.8490650442873758,"test_loss":0.33968904809576456,"train_precision":0.810322299651568,"_wandb":{"runtime":605},"epoch":99,"_step":99,"train_loss":0.3197115830576483,"_runtime":605.804744992,"train_recall":0.82014547057527,"_timestamp":1.755178480000697e+09,"train_f1":0.815204294008106}