{"train_f1":0.9838420107719928,"_wandb":{"runtime":1726},"test_loss":2.463651491151768,"epoch":99,"train_precision":0.9844311377245509,"current_lr":3.204780960127931e-08,"train_accuracy":0.9830827067669173,"test_recall":0.8258258258258259,"_runtime":1726.464555525,"train_loss":0.04923623667231628,"train_recall":0.9832535885167464,"test_accuracy":0.6432150014314343,"_step":99,"test_f1":0.6522497384025113,"_timestamp":1.755295265788025e+09,"test_precision":0.5389670278994697}