{"test_loss":0.5946641769895161,"_timestamp":1.7551759531925683e+09,"train_precision":0.8470588235294118,"current_lr":9.752181561615366e-08,"_wandb":{"runtime":11},"epoch":99,"train_loss":0.3205168629420623,"_step":99,"train_f1":0.8520710059171598,"_runtime":11.108326465,"test_accuracy":0.7878787878787878,"train_recall":0.8571428571428571,"test_recall":0.9130434782608695,"test_f1":0.8571428571428571,"test_precision":0.8076923076923077,"train_accuracy":0.8091603053435115}