{"test_accuracy":0.696969696969697,"train_precision":0.6412213740458015,"test_precision":0.696969696969697,"train_accuracy":0.6412213740458015,"test_recall":1,"train_loss":0.653933834028608,"_wandb":{"runtime":6},"_step":99,"_timestamp":1.7552854002568848e+09,"current_lr":2.3883749953275264e-06,"test_f1":0.8214285714285714,"train_f1":0.7813953488372093,"_runtime":6.025998866,"epoch":99,"train_recall":1,"test_loss":0.6157888372739156}