{"train_recall":1,"val_f1":0.8214285714285714,"train_accuracy":0.6412213740458015,"val_recall":1,"_step":99,"val_precision":0.696969696969697,"val_accuracy":0.696969696969697,"current_lr":1.97587544455746e-06,"train_loss":0.6529483872515555,"train_f1":0.7813953488372093,"epoch":99,"_wandb":{"runtime":6},"_runtime":6.130370257,"_timestamp":1.7520697189380095e+09,"val_loss":0.6180459089351423,"train_precision":0.6412213740458015}