{"epoch":99,"val_f1":0.8214285714285714,"_runtime":9.964849488,"train_precision":0.6412213740458015,"train_loss":0.65274819117466,"val_precision":0.696969696969697,"train_f1":0.7813953488372093,"train_accuracy":0.6412213740458015,"_step":99,"val_accuracy":0.696969696969697,"current_lr":2.436650717028373e-06,"_wandb":{"runtime":9},"_timestamp":1.7520697382557578e+09,"train_recall":1,"val_recall":1,"val_loss":0.6193924988761093}