{"_wandb":{"runtime":54},"test_loss":2.274261791779342,"test_recall":0.7832647462277091,"test_accuracy":0.6550279329608939,"train_recall":0.9766355140186916,"train_precision":0.9858490566037735,"epoch":99,"train_pr_auc":0.9979928423840361,"_timestamp":1.757523938756355e+09,"train_accuracy":0.975609756097561,"_runtime":54.058572638,"train_roc_auc":0.9960239383505494,"_step":99,"test_roc_auc":0.7216339146163708,"train_loss":0.07710287174800547,"test_pr_auc":0.7275330982547132,"test_precision":0.6295479603087101}