{"test_precision":0.696969696969697,"_step":99,"test_loss":0.6213433074228691,"test_accuracy":0.696969696969697,"_runtime":5.8108473830000005,"_wandb":{"runtime":5},"train_recall":1,"train_accuracy":0.6412213740458015,"_timestamp":1.7552849382131197e+09,"train_precision":0.6412213740458015,"train_f1":0.7813953488372093,"current_lr":2.4105177689835316e-06,"train_loss":0.652746963591976,"test_recall":1,"epoch":99,"test_f1":0.8214285714285714}