{"test_accuracy":0.6722164412070759,"train_loss":0.1973195975959891,"train_roc_auc":0.975203804347826,"train_accuracy":0.9306930693069307,"epoch":99,"train_pr_auc":0.988275592723605,"test_roc_auc":0.7442964490139163,"test_recall":0.8100172711571675,"_timestamp":1.7576694187497256e+09,"test_loss":0.8319328495540679,"train_recall":0.9492753623188406,"test_precision":0.6958456973293768,"_wandb":{"runtime":28},"_step":99,"train_precision":0.9492753623188406,"_runtime":28.646514209,"test_pr_auc":0.8192359693390406}