{"train_f1":0.6778290993071594,"current_lr":1.123436985678284e-06,"val_loss":0.6937193916234405,"epoch":99,"val_f1":0.662004662004662,"train_accuracy":0.5126637554585153,"train_precision":0.5126637554585153,"_runtime":38.497308282,"train_loss":0.6928268003151407,"val_recall":1,"val_precision":0.49477351916376305,"_wandb":{"runtime":38},"train_recall":1,"_timestamp":1.7522362500028656e+09,"val_accuracy":0.49477351916376305,"_step":99}