{"train_accuracy":0.7309866392600206,"_runtime":32.407347033,"epoch":6,"_timestamp":1.7574939258062003e+09,"train_loss":0.512263807645192,"test_precision":0.8461538461538461,"test_accuracy":0.676829268292683,"train_recall":0.7027859011851624,"_step":6,"test_pr_auc":0.8791704720214146,"train_roc_auc":0.8114801066482743,"test_recall":0.616822429906542,"_wandb":{"runtime":33},"train_precision":0.6692070936538179,"train_pr_auc":0.7440016519226884,"test_loss":0.5905159173942194,"test_roc_auc":0.808165272995573}