{"train_accuracy":0.5126637554585153,"train_f1":0.6778290993071594,"_timestamp":1.7522371045895028e+09,"train_precision":0.5126637554585153,"_runtime":80.520739888,"_step":99,"train_loss":0.6928276155713343,"val_accuracy":0.49477351916376305,"val_loss":0.6937865700040545,"epoch":99,"val_precision":0.49477351916376305,"current_lr":5.586521448825497e-07,"val_f1":0.662004662004662,"train_recall":1,"_wandb":{"runtime":80},"val_recall":1}