{"train_loss":0.38735924604284855,"test_loss":0.7372320709615782,"test_precision":0.8333333333333334,"_wandb":{"runtime":10},"_timestamp":1.7552880062937603e+09,"train_recall":0.9285714285714286,"_step":99,"test_f1":0.851063829787234,"train_f1":0.8764044943820225,"test_accuracy":0.7878787878787878,"epoch":99,"train_precision":0.8297872340425532,"current_lr":6.837339030175654e-08,"_runtime":10.941596741,"train_accuracy":0.8320610687022901,"test_recall":0.8695652173913043}