{"val_precision":0.49477351916376305,"val_accuracy":0.49477351916376305,"train_f1":0.6778290993071594,"_wandb":{"runtime":60},"epoch":99,"val_f1":0.662004662004662,"train_loss":0.6928274705420415,"_runtime":60.4188026,"_step":99,"val_recall":1,"val_loss":0.6937832751340567,"train_recall":1,"current_lr":4.67636330428007e-07,"train_accuracy":0.5126637554585153,"train_precision":0.5126637554585153,"_timestamp":1.752240981475573e+09}