{"epoch":99,"test_f1":0.6148968061800991,"current_lr":1.1224116272002225e-07,"train_loss":0.05525351214201603,"_step":99,"train_f1":0.9803220035778175,"train_precision":0.9774078478002378,"train_recall":0.9832535885167464,"_timestamp":1.7552916086881914e+09,"test_precision":0.45639709028669234,"train_accuracy":0.9793233082706767,"test_recall":0.9420597067655891,"test_accuracy":0.5219009447466362,"test_loss":5.335338216199255,"_wandb":{"runtime":200},"_runtime":200.358831177}