{"val_precision":0.49477351916376305,"_step":69,"train_loss":0.6929253900936077,"val_recall":1,"epoch":69,"val_f1":0.662004662004662,"train_f1":0.6778290993071594,"_timestamp":1.748853904198382e+09,"_runtime":26.258747198000002,"train_precision":0.5126637554585153,"train_accuracy":0.5126637554585153,"val_accuracy":0.49477351916376305,"val_loss":0.6936176251035949,"train_recall":1,"_wandb":{"runtime":26},"current_lr":0.0015625}