{"_wandb":{"runtime":19},"train_f1":0.868421052631579,"test_accuracy":0.6361731843575419,"_runtime":19.433395223,"test_loss":1.1641146802036455,"test_f1":0.7182260681449432,"train_accuracy":0.8170731707317073,"current_lr":1.4679321995146913e-07,"train_recall":0.9252336448598131,"test_recall":0.9108367626886146,"_timestamp":1.7552531134924421e+09,"_step":99,"epoch":99,"test_precision":0.5928571428571429,"train_precision":0.8181818181818182,"train_loss":0.3611929540227099}