{"_wandb":{"runtime":6},"_step":99,"train_recall":1,"test_f1":0.8214285714285714,"train_accuracy":0.6412213740458015,"test_accuracy":0.696969696969697,"train_precision":0.6412213740458015,"epoch":99,"current_lr":2.0125246059194533e-07,"train_f1":0.7813953488372093,"train_loss":0.6389673192992466,"test_loss":0.5856214761734009,"test_precision":0.696969696969697,"_runtime":6.04554099,"_timestamp":1.7552603263317115e+09,"test_recall":1}