{"train_accuracy":0.6412213740458015,"_runtime":9.738064185,"_wandb":{"runtime":9},"val_loss":0.6183545309485812,"val_f1":0.8214285714285714,"current_lr":1.6775439320423158e-06,"train_loss":0.6528840708823604,"val_precision":0.696969696969697,"train_f1":0.7813953488372093,"train_precision":0.6412213740458015,"_timestamp":1.7520706840623176e+09,"_step":99,"train_recall":1,"val_recall":1,"val_accuracy":0.696969696969697,"epoch":99}