{"epoch":99,"test_loss":0.4249404687499335,"train_loss":0.3388232081738101,"train_precision":0.8014814814814815,"_step":99,"test_precision":0.7361963190184049,"test_accuracy":0.7735191637630662,"test_recall":0.8450704225352113,"_wandb":{"runtime":32},"current_lr":6.761239691734092e-07,"train_f1":0.8573692551505546,"_runtime":32.003499199,"train_accuracy":0.8427947598253275,"_timestamp":1.7552838491366286e+09,"train_recall":0.9216354344122658,"test_f1":0.7868852459016393}