{"_wandb":{"runtime":12},"train_recall":0.9761904761904762,"_runtime":12.467896897,"train_f1":0.9820359281437125,"val_loss":1.6129734136038953,"val_accuracy":0.6060606060606061,"val_recall":0.6956521739130435,"train_loss":0.0878711429243296,"_timestamp":1.7520688729760804e+09,"train_accuracy":0.9770992366412213,"val_f1":0.7111111111111111,"current_lr":1.6101664857150595e-07,"val_precision":0.7272727272727273,"epoch":99,"train_precision":0.9879518072289156,"_step":99}