{"_timestamp":1.7576718075880656e+09,"test_pr_auc":0.7259542604038755,"_wandb":{"runtime":74},"_step":99,"train_precision":0.9197080291970803,"train_roc_auc":0.9684103260869565,"test_recall":0.8231884057971014,"test_accuracy":0.6539904502046384,"test_loss":1.079117636278902,"_runtime":74.8697829,"train_accuracy":0.8861386138613861,"train_loss":0.20387903652568856,"train_recall":0.9130434782608695,"test_roc_auc":0.6813728492009175,"test_precision":0.6668231979337873,"train_pr_auc":0.985637476989984,"epoch":99}