{"epoch":99,"current_lr":8.414461091892997e-08,"_wandb":{"runtime":59},"_step":99,"train_precision":0.6646795827123696,"_runtime":59.057615529,"train_f1":0.7090620031796503,"train_loss":0.5850773871725824,"train_accuracy":0.6803493449781659,"test_precision":0.6944444444444444,"train_recall":0.7597955706984668,"test_f1":0.6993006993006993,"test_recall":0.704225352112676,"_timestamp":1.7552814888619387e+09,"test_loss":0.5518816991965529,"test_accuracy":0.7003484320557491}