{"val_loss":0.6937798928300678,"current_lr":4.160877045418355e-06,"train_loss":0.6928286519113066,"_wandb":{"runtime":27},"val_accuracy":0.49477351916376305,"val_f1":0.662004662004662,"_runtime":27.924080595,"train_recall":1,"val_recall":1,"train_precision":0.5126637554585153,"epoch":69,"_timestamp":1.7487662223758276e+09,"_step":69,"train_accuracy":0.5126637554585153,"val_precision":0.49477351916376305,"train_f1":0.6778290993071594}