{"_runtime":7.24999793,"train_precision":0.7857142857142857,"train_loss":0.4654871953352717,"test_recall":0.8695652173913043,"test_loss":0.5193246603012085,"current_lr":1.4392028534923344e-07,"_timestamp":1.7552606382083755e+09,"train_accuracy":0.7862595419847328,"train_recall":0.9166666666666666,"test_accuracy":0.7272727272727273,"epoch":99,"_step":99,"train_f1":0.8461538461538461,"test_precision":0.7692307692307693,"_wandb":{"runtime":7},"test_f1":0.8163265306122449}