{"val_loss":0.3545614922457208,"val_recall":0.7002906579794393,"train_accuracy":0.8617677286742035,"_wandb":{"runtime":5458},"_timestamp":1.7549208924202995e+09,"_runtime":5458.564191088,"val_precision":0.786120965269566,"train_f1":0.8388014981273408,"train_loss":0.2964222447875837,"epoch":99,"_step":99,"train_recall":0.8617823610897337,"val_accuracy":0.8360151906663534,"val_f1":0.7407277491772328,"current_lr":2.955344770836499e-07,"train_precision":0.8170144462279294}