{"_timestamp":1.7522383942332194e+09,"train_accuracy":0.5126637554585153,"val_precision":0.49477351916376305,"train_loss":0.6928270744444501,"current_lr":9.128419058844073e-07,"val_f1":0.662004662004662,"epoch":99,"val_recall":1,"val_loss":0.6937702289857101,"train_recall":1,"val_accuracy":0.49477351916376305,"train_precision":0.5126637554585153,"_runtime":48.783047052,"_step":99,"train_f1":0.6778290993071594,"_wandb":{"runtime":48}}