{"train_accuracy":0.8549618320610687,"val_recall":0.782608695652174,"current_lr":1.3864926146190798e-08,"train_recall":0.9166666666666666,"_step":99,"val_f1":0.75,"_runtime":13.480498352,"_timestamp":1.7520745459457357e+09,"val_precision":0.72,"train_loss":0.32713523848366194,"val_loss":0.771974990948696,"epoch":99,"val_accuracy":0.6363636363636364,"_wandb":{"runtime":13},"train_f1":0.8901734104046243,"train_precision":0.8651685393258427}