{"_step":99,"train_precision":0.9864176570458404,"val_f1":0.7284768211920529,"val_recall":0.7746478873239436,"val_accuracy":0.7142857142857143,"train_accuracy":0.9877729257641922,"val_precision":0.6875,"_runtime":52.991656852,"train_recall":0.989778534923339,"val_loss":1.7347246063710922,"train_loss":0.0363141606541505,"_timestamp":1.7522387035985172e+09,"epoch":99,"current_lr":1.5192483525232565e-07,"train_f1":0.9880952380952381,"_wandb":{"runtime":52}}