{"current_lr":8.851249898564015e-08,"_step":99,"test_precision":0.6206176961602671,"train_accuracy":0.9774436090225563,"test_f1":0.5690232469147614,"train_precision":0.977326968973747,"_runtime":1170.980396333,"_timestamp":1.7552982731352642e+09,"train_f1":0.978494623655914,"test_recall":0.5253488782900547,"test_loss":1.747447076603139,"test_accuracy":0.6775694245634125,"epoch":99,"train_loss":0.05755353424894182,"train_recall":0.9796650717703349,"_wandb":{"runtime":1171}}