{"_wandb":{"runtime":18},"epoch":49,"train_precision":0.7048780487804878,"train_loss":0.3326916519731413,"train_recall":0.9846678023850085,"test_accuracy":0.7177700348432056,"test_roc_auc":0.8479358912093249,"test_loss":0.5123777148615608,"_runtime":18.927427687,"train_accuracy":0.7807860262008733,"_timestamp":1.7567164081430352e+09,"train_roc_auc":0.9292435261001507,"test_precision":0.6487804878048781,"test_recall":0.9366197183098591,"_step":49}