{"current_lr":1.7293204991573372e-07,"train_recall":0.9047619047619048,"train_f1":0.8735632183908046,"train_loss":0.33059937398852285,"_wandb":{"runtime":14},"test_f1":0.8235294117647058,"train_precision":0.8444444444444444,"epoch":99,"train_accuracy":0.8320610687022901,"test_recall":0.9130434782608695,"_runtime":14.226595151,"test_precision":0.75,"test_loss":0.7101483243432912,"_timestamp":1.7551735020683942e+09,"test_accuracy":0.7272727272727273,"_step":99}