{
  "loop": 10,
  "timestamp": "20251102-140949",
  "n_calls": 20,
  "n_splits": 5,
  "n_workers": 4,
  "random_state": 42,
  "feature_count": 74,
  "best_params": {
    "n_estimators": 582,
    "max_depth": 12,
    "learning_rate": 0.010043235039297866,
    "subsample": 0.8885500829206437,
    "colsample_bytree": 0.6637484866846227,
    "reg_alpha": 2.572952277221601,
    "reg_lambda": 4.801205486560074
  },
  "best_cv_score": 0.8841908579719838,
  "cv_auc_mean": 0.8841908579719838,
  "cv_auc_std": 0.00266026098838208,
  "paths": {
    "run_dir": "/home/ec2-user/ML-correlator/bayes_results/loop10_20251102-140949",
    "history_csv": "/home/ec2-user/ML-correlator/bayes_results/loop10_20251102-140949/history.csv",
    "thresholds_csv": "/home/ec2-user/ML-correlator/bayes_results/loop10_20251102-140949/thresholds.csv",
    "plot_png": "/home/ec2-user/ML-correlator/bayes_results/loop10_20251102-140949/metrics.png"
  }
}