{"test_accuracy":0.5858938547486033,"test_recall":0.8545953360768176,"train_loss":0.18572693878766333,"train_accuracy":0.9257425742574258,"test_precision":0.5612612612612613,"_step":99,"_runtime":62.117183747,"test_loss":1.8262839583711252,"_wandb":{"runtime":62},"epoch":99,"train_roc_auc":0.9788836050724637,"_timestamp":1.7576682901057959e+09,"train_precision":0.9241379310344827,"test_pr_auc":0.7121873046188355,"test_roc_auc":0.6800026147004705,"train_pr_auc":0.9901078765594344,"train_recall":0.9710144927536232}