{"train_roc_auc":0.9595293485495167,"test_precision":0.8387096774193549,"_timestamp":1.756902048003284e+09,"_wandb":{"runtime":56},"threshold_curves":{"size":37713,"path":"media/images/threshold_curves_100_03909f20fe1ecd19f747.png","format":"png","width":640,"height":480,"_type":"image-file","sha256":"03909f20fe1ecd19f74773e966dc6634ddcce39c0b95bacdc34b4228311ac633"},"_runtime":56.516942673,"epoch":99,"train_recall":0.8943781942078365,"_step":100,"train_loss":0.2564400451802791,"train_precision":0.8808724832214765,"test_roc_auc":0.8739679456046625,"test_accuracy":0.7979094076655052,"test_recall":0.7323943661971831,"train_accuracy":0.8838427947598253,"test_loss":0.5520645126648481}