{"train_recall":1,"_timestamp":1.7520703226029491e+09,"val_precision":0.696969696969697,"train_accuracy":0.6412213740458015,"val_recall":1,"_runtime":7.861769867,"val_f1":0.8214285714285714,"val_accuracy":0.696969696969697,"current_lr":3.499499890466965e-06,"train_f1":0.7813953488372093,"train_loss":0.6527163397719842,"val_loss":0.6206817365053928,"_step":99,"train_precision":0.6412213740458015,"epoch":99,"_wandb":{"runtime":7}}