{"_wandb":{"runtime":19},"train_loss":0.49485426822691475,"val_f1":0.8,"_step":99,"epoch":99,"val_precision":0.6875,"_runtime":19.464659075,"train_f1":0.8497409326424871,"train_recall":0.9761904761904762,"train_accuracy":0.7786259541984732,"val_accuracy":0.6666666666666666,"_timestamp":1.7512877010363355e+09,"val_loss":0.8101123688798962,"current_lr":5.412699799908361e-07,"val_recall":0.9565217391304348,"train_precision":0.7522935779816514}