{"current_lr":7.877879414024982e-08,"_step":99,"test_precision":0.4450766947055913,"train_precision":0.9449760765550239,"train_loss":0.1355162340223341,"test_accuracy":0.499498997995992,"test_loss":4.638131583620885,"train_accuracy":0.9423558897243107,"_wandb":{"runtime":325},"epoch":99,"train_recall":0.9449760765550239,"_runtime":325.098498337,"test_f1":0.6068476977567887,"test_recall":0.9533651298357181,"_timestamp":1.755320743369499e+09,"train_f1":0.9449760765550239}