{"train_precision":0.5075445816186557,"train_recall":0.6303236797274276,"val_accuracy":0.49477351916376305,"val_loss":0.6955184676921327,"_timestamp":1.7488539554121559e+09,"val_f1":0.662004662004662,"_step":69,"_runtime":26.871651617,"val_recall":1,"train_accuracy":0.496943231441048,"val_precision":0.49477351916376305,"current_lr":0.0625,"_wandb":{"runtime":26},"train_f1":0.5623100303951368,"train_loss":0.6949199515138651,"epoch":69}