{"train_f1":0.8820960698689956,"test_recall":0.8888888888888888,"test_loss":0.7261485428284,"test_precision":0.629126213592233,"train_accuracy":0.8353658536585366,"current_lr":1.2147054719922187e-07,"_step":99,"train_loss":0.3713780666996793,"train_precision":0.8278688524590164,"_timestamp":1.7552523072066455e+09,"_runtime":29.113584416,"test_f1":0.7367822626492325,"epoch":99,"_wandb":{"runtime":29},"train_recall":0.9439252336448598,"test_accuracy":0.6766759776536313}