{"train_precision":0.8478260869565217,"test_f1":0.8028673835125448,"_step":99,"epoch":99,"train_loss":0.30428335364729037,"test_precision":0.8175182481751825,"test_recall":0.7887323943661971,"_wandb":{"runtime":53},"test_loss":0.37836775578272885,"train_recall":0.8637137989778535,"_runtime":53.49014415,"current_lr":8.501808094379556e-08,"train_f1":0.8556962025316456,"train_accuracy":0.8506550218340612,"_timestamp":1.755174181598489e+09,"test_accuracy":0.8083623693379791}