{"test_recall":1,"test_precision":0.696969696969697,"current_lr":5.821530997149914e-07,"train_f1":0.7813953488372093,"_step":99,"_wandb":{"runtime":27},"train_recall":1,"test_accuracy":0.696969696969697,"test_loss":0.6184226924722845,"train_loss":0.6528713721355409,"_timestamp":1.755288775713064e+09,"train_precision":0.6412213740458015,"epoch":99,"test_f1":0.8214285714285714,"train_accuracy":0.6412213740458015,"_runtime":27.187932646}