{"train_accuracy":0.8111299991053056,"_runtime":168.036391427,"test_loss":0.3097289763750885,"test_roc_auc":0.9397136839235781,"train_recall":0.986334582323121,"_timestamp":1.7567189596739955e+09,"train_loss":0.25858065690200316,"test_precision":0.6751552795031056,"_step":49,"_wandb":{"runtime":168},"test_recall":0.9670818505338078,"train_roc_auc":0.956859380435562,"train_precision":0.6859288779889638,"test_accuracy":0.7996422182468694,"epoch":49}