{"test_precision":0.4051674778127684,"_runtime":258.078537449,"train_f1":0.6875,"test_recall":1,"test_accuracy":0.4051674778127684,"test_loss":0.7031542851970628,"test_f1":0.576682116844089,"train_precision":0.5238095238095238,"epoch":99,"train_recall":1,"train_loss":0.6920133334652224,"current_lr":7.170487819791786e-07,"train_accuracy":0.5238095238095238,"_step":99,"_timestamp":1.7552501968025444e+09,"_wandb":{"runtime":258}}