{"_runtime":9.937876999,"train_recall":1,"test_recall":1,"test_f1":0.8214285714285714,"current_lr":1.8307119416636823e-07,"test_accuracy":0.696969696969697,"train_accuracy":0.6412213740458015,"train_loss":0.5807738922934496,"_step":99,"train_f1":0.7813953488372093,"test_precision":0.696969696969697,"test_loss":0.6310963069624973,"train_precision":0.6412213740458015,"_timestamp":1.7552868867491856e+09,"epoch":99,"_wandb":{"runtime":9}}