{"train_loss":0.3251194366971955,"test_recall":0.9130434782608695,"train_precision":0.8777777777777778,"test_f1":0.8571428571428571,"_wandb":{"runtime":8},"test_loss":0.4806619003330442,"train_recall":0.9404761904761905,"train_f1":0.9080459770114943,"train_accuracy":0.8778625954198473,"test_precision":0.8076923076923077,"epoch":99,"_step":99,"test_accuracy":0.7878787878787878,"_runtime":8.353027442,"current_lr":2.0451434458053172e-08,"_timestamp":1.7551737150874538e+09}