{"epoch":99,"_wandb":{"runtime":35},"_runtime":35.872095688,"val_accuracy":0.686411149825784,"train_precision":0.819047619047619,"val_precision":0.6397849462365591,"val_loss":0.6128140812551518,"_step":99,"train_loss":0.35168825619605953,"train_accuracy":0.8384279475982532,"val_recall":0.8380281690140845,"_timestamp":1.752241922779482e+09,"val_f1":0.725609756097561,"train_recall":0.879045996592845,"train_f1":0.847986852917009,"current_lr":3.022769832687917e-08}