{"current_lr":9.085479684026579e-08,"test_recall":0.29577464788732394,"test_loss":0.6808070976559709,"_step":99,"train_recall":0.2555366269165247,"test_accuracy":0.5749128919860628,"test_f1":0.4077669902912621,"train_precision":0.6756756756756757,"_timestamp":1.75528169240844e+09,"train_loss":0.6680602758732425,"_runtime":43.569695272,"train_accuracy":0.5554585152838428,"test_precision":0.65625,"train_f1":0.37082818294190356,"_wandb":{"runtime":43},"epoch":99}