{"train_recall":0.9130434782608695,"train_loss":0.3892004413179832,"epoch":99,"test_recall":0.8463648834019204,"train_roc_auc":0.8914175724637681,"train_pr_auc":0.9472366322927205,"_runtime":19.244082999,"test_precision":0.5465013286093888,"_timestamp":1.757668775457283e+09,"_wandb":{"runtime":19},"test_accuracy":0.5642458100558659,"test_pr_auc":0.7110252016428977,"_step":99,"test_roc_auc":0.666216899160369,"test_loss":1.219183689389149,"train_precision":0.84,"train_accuracy":0.8217821782178217}