{"_timestamp":1.7552892046478257e+09,"train_precision":0.8297872340425532,"epoch":99,"_step":99,"_wandb":{"runtime":6},"train_recall":0.9285714285714286,"current_lr":1.80423326663612e-07,"test_f1":0.8333333333333334,"test_recall":0.8695652173913043,"test_loss":0.7392832567054552,"train_loss":0.35240689898265226,"train_f1":0.8764044943820225,"train_accuracy":0.8320610687022901,"_runtime":6.989276333,"test_accuracy":0.7575757575757576,"test_precision":0.8}