{"train_pr_auc":0.9121623529491913,"train_accuracy":0.7957317073170732,"test_pr_auc":0.7456403017208977,"train_precision":0.7975708502024291,"train_roc_auc":0.8525168060337761,"_runtime":30.217029998,"train_recall":0.9205607476635514,"test_loss":0.7188068670766979,"test_roc_auc":0.728900440401415,"_step":99,"_wandb":{"runtime":30},"test_precision":0.6120114394661582,"test_recall":0.8806584362139918,"_timestamp":1.7575246024402552e+09,"epoch":99,"train_loss":0.43787671225826913,"test_accuracy":0.6550279329608939}