{"train_precision":0.6412213740458015,"_timestamp":1.7552853380810692e+09,"epoch":99,"test_precision":0.696969696969697,"train_recall":1,"test_recall":1,"train_loss":0.6529470036048015,"train_accuracy":0.6412213740458015,"_runtime":6.1090633,"_step":99,"current_lr":1.0743731460002122e-06,"_wandb":{"runtime":6},"train_f1":0.7813953488372093,"test_f1":0.8214285714285714,"test_accuracy":0.696969696969697,"test_loss":0.6180521836786559}