{"val_recall":0.7816901408450704,"current_lr":3.6349674331718317e-07,"val_accuracy":0.8292682926829268,"_wandb":{"runtime":48},"train_recall":0.9540034071550255,"val_precision":0.8604651162790697,"train_loss":0.15043109249339875,"val_f1":0.8191881918819188,"train_accuracy":0.9292576419213974,"train_precision":0.9120521172638436,"_runtime":48.711870147,"epoch":99,"_step":99,"_timestamp":1.7506443444072273e+09,"val_loss":0.4678437332866084,"train_f1":0.93255620316403}