{"current_lr":1.80423326663612e-08,"val_accuracy":0.6060606060606061,"train_loss":0.3226594020619647,"val_precision":0.7083333333333334,"train_recall":0.9166666666666666,"val_recall":0.7391304347826086,"_wandb":{"runtime":12},"val_loss":0.8501375017292572,"train_f1":0.8953488372093024,"train_accuracy":0.8625954198473282,"epoch":99,"_timestamp":1.7520743587324917e+09,"val_f1":0.723404255319149,"_runtime":12.004085488,"_step":99,"train_precision":0.875}