{"train_accuracy":0.8015267175572519,"_runtime":5.693302701,"_timestamp":1.7552846373770783e+09,"test_recall":0.9130434782608695,"train_recall":0.9642857142857143,"_step":99,"test_accuracy":0.7272727272727273,"train_f1":0.8617021276595744,"test_f1":0.8235294117647058,"train_loss":0.41489510454294337,"current_lr":4.128199849784203e-07,"_wandb":{"runtime":5},"test_precision":0.75,"epoch":99,"train_precision":0.7788461538461539,"test_loss":0.5027136081462782}