{"val_precision":0.7066666666666667,"train_recall":0.9914821124361158,"_wandb":{"runtime":43},"train_f1":0.9914821124361158,"current_lr":1.2116558110572774e-07,"_step":99,"train_loss":0.025881043248952216,"train_precision":0.9914821124361158,"val_loss":1.6391721502829097,"val_recall":0.7464788732394366,"_runtime":43.520439709,"val_f1":0.726027397260274,"_timestamp":1.7545583231875358e+09,"train_accuracy":0.9912663755458515,"epoch":99,"val_accuracy":0.7212543554006968}