{
  "loop": 7,
  "timestamp": "20251102-082742",
  "n_calls": 20,
  "n_splits": 5,
  "n_workers": 4,
  "random_state": 42,
  "feature_count": 110,
  "best_params": {
    "n_estimators": 800,
    "max_depth": 3,
    "learning_rate": 0.22989107464962955,
    "subsample": 0.6,
    "colsample_bytree": 0.6,
    "reg_alpha": 3.9816834084570845,
    "reg_lambda": 0.263076907292132
  },
  "best_cv_score": 0.7923520923520923,
  "cv_auc_mean": 0.7923520923520923,
  "cv_auc_std": 0.058121189713052926,
  "paths": {
    "run_dir": "/home/ec2-user/ML-correlator/bayes_results/loop7_20251102-082742",
    "history_csv": "/home/ec2-user/ML-correlator/bayes_results/loop7_20251102-082742/history.csv",
    "thresholds_csv": "/home/ec2-user/ML-correlator/bayes_results/loop7_20251102-082742/thresholds.csv",
    "plot_png": "/home/ec2-user/ML-correlator/bayes_results/loop7_20251102-082742/metrics.png"
  }
}