{"test_accuracy":0.7421602787456446,"_runtime":16.512057581,"train_roc_auc":0.9292435261001507,"test_precision":0.7833333333333333,"train_precision":0.8783269961977186,"epoch":49,"train_recall":0.787052810902896,"train_loss":0.3326916519731413,"_timestamp":1.7567168443426847e+09,"test_roc_auc":0.8479358912093249,"_step":49,"test_recall":0.6619718309859155,"test_loss":0.5123777148615608,"_wandb":{"runtime":16},"train_accuracy":0.8349344978165939}