{"train_accuracy":0.9007633587786259,"current_lr":8.024423586087981e-08,"train_f1":0.9230769230769231,"_timestamp":1.7551730550488417e+09,"epoch":99,"test_recall":0.8695652173913043,"train_loss":0.263955746443217,"test_accuracy":0.7272727272727273,"train_precision":0.9176470588235294,"train_recall":0.9285714285714286,"test_loss":0.6330607078059323,"_wandb":{"runtime":9},"_step":99,"test_f1":0.8163265306122449,"_runtime":9.844040967,"test_precision":0.7692307692307693}