{"train_pr_auc":0.9978933771303183,"train_recall":0.9855072463768116,"test_recall":0.691358024691358,"test_precision":0.6101694915254238,"train_loss":0.07730103199287217,"test_roc_auc":0.6717799671016045,"test_loss":3.4864513541067113,"test_pr_auc":0.7035795046469564,"_runtime":78.202422669,"train_accuracy":0.9603960396039604,"_timestamp":1.757668380097156e+09,"_step":99,"train_precision":0.9577464788732394,"epoch":99,"test_accuracy":0.6180167597765364,"train_roc_auc":0.9954710144927537,"_wandb":{"runtime":78}}