{"_step":99,"train_f1":0.8592839300582847,"train_precision":0.8403908794788274,"_runtime":48.532331874,"epoch":99,"test_accuracy":0.8048780487804879,"_wandb":{"runtime":48},"test_precision":0.8161764705882353,"train_recall":0.879045996592845,"_timestamp":1.7551764924268768e+09,"current_lr":2.358226776364427e-08,"train_accuracy":0.8524017467248908,"test_f1":0.7985611510791367,"train_loss":0.3258239263270099,"test_loss":0.38339726299774357,"test_recall":0.7816901408450704}