{"val_f1":0.662004662004662,"train_precision":0.5126637554585153,"val_recall":1,"val_precision":0.49477351916376305,"epoch":99,"_timestamp":1.7522358004346778e+09,"train_recall":1,"train_accuracy":0.5126637554585153,"val_loss":0.693698278910607,"train_f1":0.6778290993071594,"current_lr":1.1971515107581021e-06,"train_loss":0.6928269327467707,"_step":99,"_runtime":49.69096829,"val_accuracy":0.49477351916376305,"_wandb":{"runtime":49}}