{"_step":199,"test_f1":0.6219009771036896,"train_f1":0.8530748258103605,"train_recall":0.8668616284438971,"_wandb":{"runtime":3017},"test_precision":0.5836712347516638,"test_recall":0.6654897294344849,"current_lr":5.037440307819484e-08,"test_loss":0.7075205829019146,"train_precision":0.839719695840167,"train_accuracy":0.8753854059609455,"_runtime":3017.853888282,"train_loss":0.27824485470432664,"epoch":199,"_timestamp":1.7553885941274652e+09,"test_accuracy":0.7293216401743533}