{"epoch":99,"_runtime":20.066066302,"train_recall":0.9626168224299065,"current_lr":1.2147054719922187e-07,"test_recall":0.8600823045267489,"train_accuracy":0.823170731707317,"test_accuracy":0.6871508379888268,"train_loss":0.3445306669284658,"test_f1":0.736780258519389,"train_precision":0.8046875,"_step":99,"test_precision":0.644398766700925,"_wandb":{"runtime":20},"_timestamp":1.755252240720018e+09,"train_f1":0.8765957446808511,"test_loss":0.7379589269364346}