{"epoch":99,"train_recall":0.9047619047619048,"test_loss":0.6757168410853907,"test_recall":0.8695652173913043,"test_accuracy":0.7575757575757576,"current_lr":1.9177148586475313e-07,"_wandb":{"runtime":15},"_runtime":15.556253272,"_step":99,"train_precision":0.8444444444444444,"train_accuracy":0.8320610687022901,"train_loss":0.3455904779088406,"test_f1":0.8333333333333334,"train_f1":0.8735632183908046,"_timestamp":1.7552890531980367e+09,"test_precision":0.8}