{"train_accuracy":0.8541484716157205,"test_precision":0.8368794326241135,"train_recall":0.8858603066439523,"train_f1":0.8616404308202155,"_runtime":48.659800786,"test_accuracy":0.8362369337979094,"test_f1":0.833922261484099,"_timestamp":1.7551766128732555e+09,"_step":99,"test_loss":0.37231822078236304,"current_lr":4.876296677660811e-08,"_wandb":{"runtime":48},"test_recall":0.8309859154929577,"train_loss":0.3078664552176363,"epoch":99,"train_precision":0.8387096774193549}