{"val_f1":0.8206896551724138,"train_loss":0.383247567186189,"val_recall":0.8380281690140845,"train_precision":0.7974683544303798,"epoch":69,"val_accuracy":0.818815331010453,"val_loss":0.4230210758252426,"train_accuracy":0.8157205240174672,"current_lr":1.2237873662995165e-07,"val_precision":0.8040540540540541,"train_f1":0.8269073010664479,"train_recall":0.858603066439523,"_timestamp":1.7489579248920126e+09,"_step":69,"_runtime":52.148531726,"_wandb":{"runtime":52}}