{"epoch":99,"test_recall":1,"test_loss":0.619866894050078,"_step":99,"test_precision":0.696969696969697,"_wandb":{"runtime":5},"train_recall":1,"_runtime":5.595497991,"current_lr":1.496824243359643e-06,"train_precision":0.6412213740458015,"train_loss":0.6527208235427624,"train_f1":0.7813953488372093,"test_accuracy":0.696969696969697,"train_accuracy":0.6412213740458015,"test_f1":0.8214285714285714,"_timestamp":1.7552844481090944e+09}