{"val_loss":0.7797762194055725,"val_recall":0.7391304347826086,"_runtime":12.99823706,"train_accuracy":0.8320610687022901,"_wandb":{"runtime":13},"_timestamp":1.752071297073062e+09,"_step":99,"val_f1":0.7083333333333334,"train_recall":0.9166666666666666,"val_accuracy":0.5757575757575758,"epoch":99,"current_lr":1.80423326663612e-08,"train_loss":0.3693525935629852,"train_precision":0.8369565217391305,"val_precision":0.68,"train_f1":0.875}