{"_step":99,"epoch":99,"test_precision":0.75,"test_f1":0.8235294117647058,"train_recall":0.8809523809523809,"test_loss":0.8210823330463786,"test_accuracy":0.7272727272727273,"train_accuracy":0.7786259541984732,"_runtime":19.045336741,"current_lr":1.1183510102102708e-07,"_timestamp":1.7552879670546074e+09,"test_recall":0.9130434782608695,"_wandb":{"runtime":19},"train_f1":0.8361581920903954,"train_loss":0.42342860166353125,"train_precision":0.7956989247311828}