{"_wandb":{"runtime":11},"val_f1":0.7391304347826086,"val_precision":0.7391304347826086,"train_precision":0.9176470588235294,"_step":99,"val_recall":0.7391304347826086,"train_recall":0.9285714285714286,"val_accuracy":0.6363636363636364,"_timestamp":1.752072705698382e+09,"current_lr":1.80423326663612e-08,"epoch":99,"train_loss":0.2144818396968696,"_runtime":11.595045896,"train_f1":0.9230769230769231,"val_loss":1.1921681412354563,"train_accuracy":0.9007633587786259}