{"train_loss":0.6527170045230225,"train_f1":0.7813953488372093,"train_precision":0.6412213740458015,"_timestamp":1.7520693350336335e+09,"_runtime":10.240794143,"epoch":99,"val_loss":0.6207049335494186,"val_precision":0.696969696969697,"val_f1":0.8214285714285714,"_wandb":{"runtime":10},"_step":99,"train_accuracy":0.6412213740458015,"val_recall":1,"current_lr":3.9970614444952627e-07,"val_accuracy":0.696969696969697,"train_recall":1}