{"train_f1":0.8439306358381503,"test_precision":0.8,"test_accuracy":0.7575757575757576,"epoch":99,"test_loss":0.5340560781749611,"test_recall":0.8695652173913043,"_timestamp":1.7552859688615072e+09,"current_lr":9.0211663331806e-08,"train_accuracy":0.7938931297709924,"train_precision":0.8202247191011236,"_step":99,"test_f1":0.8333333333333334,"_runtime":6.801369647,"train_loss":0.43947503857940207,"train_recall":0.8690476190476191,"_wandb":{"runtime":6}}