{"_wandb":{"runtime":26},"train_precision":0.7743506493506493,"_runtime":26.538000745,"current_lr":1.2116558110572771e-08,"train_accuracy":0.7825327510917031,"epoch":99,"val_precision":0.7019867549668874,"train_recall":0.8126064735945485,"val_recall":0.7464788732394366,"train_loss":0.47647713245783313,"train_f1":0.7930174563591023,"val_f1":0.7235494880546075,"_timestamp":1.7520672785584052e+09,"val_loss":0.5390131652147513,"_step":99,"val_accuracy":0.7177700348432056}