{"_wandb":{"runtime":7},"_step":99,"epoch":99,"current_lr":1.80423326663612e-08,"train_loss":0.6053229074441749,"test_recall":1,"train_accuracy":0.6564885496183206,"_timestamp":1.7552604872572572e+09,"_runtime":7.027912055,"test_f1":0.8214285714285714,"test_accuracy":0.696969696969697,"train_recall":0.9642857142857143,"test_loss":0.5759750713001598,"train_precision":0.6585365853658537,"train_f1":0.782608695652174,"test_precision":0.696969696969697}