loop,colset,n_features,auc,auc_mean,oof_auc_train,oof_auc_train_mean,average_precision,uniqueness_ratio,n_rows,n_unique_rows,duplicate_rows,holdout_auc
7,motifs_eig_centrality,98,0.778324315461551,0.7917945690672964,0.7861892583120205,0.8002614379084967,0.8667243616542374,1.0,164,164,0,0.7231404958677686
7,motifs_eig,84,0.7625840301688802,0.7795946477764659,0.7621483375959079,0.7793464052287582,0.8535842060939676,1.0,164,164,0,0.7355371900826446
7,motifs,74,0.7220855878012788,0.7439853076216714,0.7245524296675192,0.7483660130718954,0.8183411058336776,1.0,164,164,0,0.6859504132231405
7,eig,10,0.7101164125266437,0.735865144956054,0.7304347826086957,0.7596078431372549,0.7829430726464464,1.0,164,164,0,0.7190082644628099
