loop,colset,n_features,auc,average_precision,uniqueness_ratio,n_rows,n_unique_rows,duplicate_rows
7,all_columns,232,0.8589932775864896,0.9253390320648153,1.0,164,164,0
7,spectral,31,0.807837350385309,0.8828866208512924,1.0,164,164,0
7,motifs_eig_centrality,98,0.7858665354976226,0.8733828071836667,1.0,164,164,0
7,motifs_eig,84,0.7768486637153631,0.8718298689268849,1.0,164,164,0
7,motifs,74,0.7463518609608133,0.8349007947654096,1.0,164,164,0
7,eig,10,0.7162649614690932,0.7857856149873182,1.0,164,164,0
