loop,colset,n_features,auc,average_precision
7,all_columns,242,0.8565338580095097,0.9221737012459064
7,spectral,31,0.8065256599442531,0.89645113273837
7,motifs_eig,96,0.781767502869323,0.8802375270921159
7,eig,10,0.7346286276438759,0.8082910496776171
7,motifs,86,0.7245450073782587,0.8236034616770109
