{"test_precision":0.7307692307692307,"current_lr":1.6640746764679744e-07,"test_loss":0.8062751569121963,"train_loss":0.32317846467476763,"test_accuracy":0.6666666666666666,"_timestamp":1.755288448035562e+09,"_wandb":{"runtime":10},"train_accuracy":0.8396946564885496,"test_recall":0.8260869565217391,"train_precision":0.8539325842696629,"epoch":99,"test_f1":0.7755102040816326,"_step":99,"train_recall":0.9047619047619048,"_runtime":10.199761501,"train_f1":0.8786127167630058}