{"current_lr":1.852483947043433e-08,"test_f1":0.8571428571428571,"train_accuracy":0.9007633587786259,"test_loss":0.4881749425055177,"test_precision":0.8076923076923077,"train_recall":0.9523809523809523,"_runtime":8.570066787,"train_f1":0.9248554913294798,"_timestamp":1.7551738373538399e+09,"test_accuracy":0.7878787878787878,"_wandb":{"runtime":8},"epoch":99,"train_loss":0.3356802263332687,"_step":99,"test_recall":0.9130434782608695,"train_precision":0.898876404494382}