{"epoch":99,"test_recall":0.7613168724279835,"train_accuracy":0.9878048780487805,"test_roc_auc":0.7415134432678292,"_step":99,"_runtime":42.015371361,"test_accuracy":0.6759776536312849,"train_recall":0.9906542056074766,"train_pr_auc":0.9994137919142017,"_wandb":{"runtime":42},"test_precision":0.6568047337278107,"_timestamp":1.7575222476287286e+09,"train_loss":0.04548166128920346,"train_precision":0.9906542056074766,"test_pr_auc":0.7392446170276504,"test_loss":2.390420235735078,"train_roc_auc":0.9988522708640761}