{"epoch":99,"_step":99,"train_f1":0.779291553133515,"train_loss":0.38569643312465984,"current_lr":6.510815076218319e-07,"val_loss":0.38921517810617895,"_wandb":{"runtime":3846},"val_f1":0.6922039728630732,"train_recall":0.8143758657842081,"_timestamp":1.7549483138822594e+09,"val_precision":0.7594231934025998,"_runtime":3846.25804264,"val_recall":0.6359167430700505,"train_accuracy":0.8074897225077081,"val_accuracy":0.8108279174170647,"train_precision":0.7471053374752895}