{"train_precision":0.8505747126436781,"train_accuracy":0.8244274809160306,"current_lr":1.2117564974474636e-07,"_wandb":{"runtime":9},"test_accuracy":0.696969696969697,"train_loss":0.32123797858944375,"test_precision":0.7407407407407407,"test_f1":0.8,"test_recall":0.8695652173913043,"_step":99,"test_loss":0.6061334544298889,"train_f1":0.8654970760233918,"epoch":99,"train_recall":0.8809523809523809,"_runtime":9.296680407,"_timestamp":1.7551729144354675e+09}