{"test_roc_auc":0.6174812030075189,"test_recall":0.7631578947368421,"train_roc_auc":0.9363768498942917,"test_accuracy":0.5606060606060606,"test_pr_auc":0.6881857063599988,"train_recall":0.9545454545454546,"epoch":99,"_runtime":19.274313014,"_timestamp":1.7575121704420187e+09,"_step":99,"_wandb":{"runtime":20},"train_precision":0.8704663212435233,"test_loss":1.0213207855369106,"train_pr_auc":0.9651906443581847,"test_precision":0.5918367346938775,"train_accuracy":0.8740458015267175,"train_loss":0.30771760756277855}