{"_wandb":{"runtime":6},"train_precision":0.6412213740458015,"val_accuracy":0.696969696969697,"val_recall":1,"_step":99,"train_accuracy":0.6412213740458015,"_runtime":6.125802091,"train_f1":0.7813953488372093,"val_loss":0.6290438825433905,"train_loss":0.6545013466864141,"epoch":99,"val_precision":0.696969696969697,"current_lr":1.072701337360893e-06,"train_recall":1,"val_f1":0.8214285714285714,"_timestamp":1.7551586561951425e+09}