{"epoch":99,"train_loss":0.24314742808294768,"train_pr_auc":0.9842038084158611,"_wandb":{"runtime":21},"test_recall":0.8290155440414507,"_step":99,"train_accuracy":0.8960396039603961,"test_pr_auc":0.8196502410190649,"_timestamp":1.7576690792280376e+09,"_runtime":21.041304141,"test_precision":0.6986899563318777,"test_loss":0.8521617637340534,"train_precision":0.920863309352518,"test_roc_auc":0.7464576042825237,"train_recall":0.927536231884058,"train_roc_auc":0.9661458333333333,"test_accuracy":0.6815816857440167}