{"train_recall":0.9761904761904762,"val_f1":0.8333333333333334,"_runtime":9.04488818,"_step":99,"train_precision":0.9534883720930233,"current_lr":9.0211663331806e-08,"val_precision":0.8,"val_accuracy":0.7575757575757576,"_wandb":{"runtime":9},"val_recall":0.8695652173913043,"epoch":99,"train_accuracy":0.9541984732824428,"val_loss":0.8321365730799064,"train_loss":0.1496246577674196,"_timestamp":1.7515484128244612e+09,"train_f1":0.9647058823529412}