{
  "n_estimators": 885,
  "max_depth": 12,
  "learning_rate": 0.2994874078799627,
  "subsample": 0.6328234801337069,
  "colsample_bytree": 0.8864860059905939,
  "reg_alpha": 2.8230339439448704,
  "reg_lambda": 3.3730521008693404
}