{
  "n_estimators": 993,
  "max_depth": 9,
  "learning_rate": 0.18737941654160148,
  "subsample": 0.6028265220878869,
  "colsample_bytree": 0.6092249700165663,
  "reg_alpha": 2.623873301291946,
  "reg_lambda": 3.998609717152556
}