{"current_lr":1.5896306173126144e-06,"epoch":99,"_timestamp":1.7520705915275848e+09,"val_loss":0.6186844011147817,"val_recall":1,"_step":99,"_runtime":8.098381986,"val_f1":0.8214285714285714,"_wandb":{"runtime":8},"train_recall":1,"train_loss":0.6528281705980082,"val_accuracy":0.696969696969697,"train_precision":0.6412213740458015,"train_f1":0.7813953488372093,"train_accuracy":0.6412213740458015,"val_precision":0.696969696969697}