{"test_precision":0.7830054054054054,"_wandb":{"runtime":2971},"_step":199,"test_f1":0.7427522484181597,"current_lr":2.2393625926223363e-08,"train_accuracy":0.9315904419321686,"train_loss":0.16379271199561096,"_runtime":2971.667332417,"test_loss":0.4707612693591059,"_timestamp":1.7553583565905867e+09,"epoch":199,"train_precision":0.9128914563697172,"test_recall":0.7064354407662446,"train_recall":0.9242727412651993,"test_accuracy":0.8363153498812413,"train_f1":0.918546845124283}