{"train_f1":0.8692747063261127,"current_lr":9.704985374611936e-08,"train_precision":0.850485027414593,"_wandb":{"runtime":1176},"test_loss":0.3301842380721582,"train_accuracy":0.8914735617786526,"test_precision":0.8401135288552507,"train_recall":0.8889133788847255,"_runtime":1176.565839862,"test_f1":0.8143053645116919,"test_recall":0.7900355871886121,"_step":99,"_timestamp":1.7553265988721461e+09,"train_loss":0.24142304483867452,"epoch":99,"test_accuracy":0.855098389982111}