{"test_accuracy":0.7257654059979641,"_runtime":3077.702059913,"_step":199,"current_lr":2.97134268651589e-08,"train_accuracy":0.8676772867420349,"train_f1":0.843963035903651,"train_precision":0.8308724832214766,"test_recall":0.6829097009539044,"train_recall":0.8574726796983223,"epoch":199,"_wandb":{"runtime":3077},"test_loss":0.6844865466395785,"train_loss":0.293460672861013,"test_precision":0.5759789404409346,"_timestamp":1.7554039580299444e+09,"test_f1":0.6249029390501861}