{"train_precision":0.9710843373493976,"test_recall":0.8229994700582935,"_step":99,"train_f1":0.9675870348139256,"_runtime":322.735211722,"train_accuracy":0.9661654135338346,"_timestamp":1.7552994888067436e+09,"test_accuracy":0.6210993415402233,"epoch":99,"test_f1":0.6376950451683547,"current_lr":6.508089575197326e-08,"test_loss":3.039788931230125,"test_precision":0.5205005027371243,"train_loss":0.09278937232654944,"_wandb":{"runtime":322},"train_recall":0.9641148325358851}