{"test_pr_auc":0.7120340879628296,"train_accuracy":0.8861386138613861,"test_roc_auc":0.6932770977605286,"train_recall":0.9347826086956522,"epoch":99,"_timestamp":1.7576682182102897e+09,"test_accuracy":0.6068435754189944,"train_roc_auc":0.9510869565217392,"_runtime":25.752758738,"test_precision":0.5796545105566219,"_step":99,"_wandb":{"runtime":25},"test_recall":0.8285322359396433,"test_loss":1.4346181796915705,"train_precision":0.9020979020979021,"train_loss":0.27527677599746403,"train_pr_auc":0.9759401580493712}