{"val_recall":0.782608695652174,"_runtime":14.425203994,"train_f1":0.8901734104046243,"epoch":99,"val_f1":0.75,"val_accuracy":0.6363636363636364,"train_precision":0.8651685393258427,"current_lr":1.3864926146190798e-08,"train_recall":0.9166666666666666,"val_loss":0.771974990948696,"val_precision":0.72,"_step":99,"_timestamp":1.7520727921978378e+09,"_wandb":{"runtime":14},"train_loss":0.32713523848366194,"train_accuracy":0.8549618320610687}