{"train_loss":0.6928266485705646,"val_loss":0.6937150176393861,"train_accuracy":0.5126637554585153,"train_f1":0.6778290993071594,"_runtime":66.387894163,"_wandb":{"runtime":66},"val_recall":1,"epoch":99,"val_accuracy":0.49477351916376305,"current_lr":9.659081261608661e-07,"train_recall":1,"_timestamp":1.7522358794500954e+09,"_step":99,"val_f1":0.662004662004662,"train_precision":0.5126637554585153,"val_precision":0.49477351916376305}