{"_wandb":{"runtime":13},"train_loss":0.652777591734442,"_timestamp":1.7552873525761209e+09,"train_precision":0.6412213740458015,"test_precision":0.696969696969697,"_runtime":13.728835855,"test_loss":0.621733953555425,"current_lr":5.017047274504395e-07,"_step":99,"train_accuracy":0.6412213740458015,"test_f1":0.8214285714285714,"test_accuracy":0.696969696969697,"train_recall":1,"train_f1":0.7813953488372093,"epoch":99,"test_recall":1}