{"_runtime":73.218688567,"_wandb":{"runtime":73},"_timestamp":1.752237626776854e+09,"val_accuracy":0.7142857142857143,"train_accuracy":0.8899563318777293,"train_recall":0.9284497444633731,"val_loss":0.7105994276468762,"train_loss":0.25867036914200764,"val_precision":0.6948051948051948,"val_f1":0.722972972972973,"current_lr":2.937596952413525e-07,"train_f1":0.8963815789473685,"val_recall":0.7535211267605634,"epoch":99,"_step":99,"train_precision":0.8664546899841018}