{"_step":99,"_timestamp":1.754572028512285e+09,"train_accuracy":0.8706698966566341,"train_f1":0.8096701397224756,"val_precision":0.8321513002364066,"val_loss":0.24444579653808224,"_runtime":9729.762040966,"current_lr":1.20000102871926e-07,"train_recall":0.8209434788958668,"val_accuracy":0.8878666275162311,"_wandb":{"runtime":9729},"train_precision":0.7987022213801923,"train_loss":0.27410517829044856,"val_f1":0.8309644420400334,"epoch":99,"val_recall":0.8297809645417935}