{"train_loss":0.24140753486368915,"epoch":99,"test_recall":0.7846364883401921,"train_roc_auc":0.9601449275362319,"_runtime":17.501329455,"test_accuracy":0.6424581005586593,"test_precision":0.6170442286947141,"train_recall":0.9637681159420289,"_step":99,"test_loss":1.4651038630048656,"train_pr_auc":0.9819594159863697,"_timestamp":1.757668862521558e+09,"train_precision":0.8986486486486487,"train_accuracy":0.900990099009901,"_wandb":{"runtime":17},"test_roc_auc":0.7094462883936568,"test_pr_auc":0.7288867238966104}