{"val_precision":0.7847669738491654,"train_precision":0.8303464755077659,"_step":99,"train_f1":0.8428712195861442,"_timestamp":1.7549742428546686e+09,"val_loss":0.35914318255729183,"_wandb":{"runtime":3789},"train_accuracy":0.8668422404933196,"_runtime":3789.416602129,"train_recall":0.8557795905802679,"epoch":99,"val_recall":0.6960380781460312,"current_lr":2.5157313554564736e-07,"val_f1":0.7377442365346841,"train_loss":0.28531576322443314,"val_accuracy":0.8344687181896484}