{"train_roc_auc":0.9292435261001507,"test_loss":0.5123777148615608,"_step":49,"test_recall":0.7605633802816901,"train_loss":0.3326916519731413,"_wandb":{"runtime":19},"epoch":49,"train_recall":0.9505962521294719,"train_precision":0.7351778656126482,"_runtime":18.999356027,"test_accuracy":0.7560975609756098,"test_precision":0.75,"test_roc_auc":0.8479358912093249,"_timestamp":1.7567157891580973e+09,"train_accuracy":0.7991266375545851}