{"val_loss":0.5503113070431487,"current_lr":3.696808106522659e-07,"_timestamp":1.752240612314282e+09,"train_precision":0.7985507246376812,"val_recall":0.8028169014084507,"_step":99,"train_loss":0.3241594324986487,"train_accuracy":0.8471615720524017,"epoch":99,"train_recall":0.938671209540034,"val_precision":0.7261146496815286,"_wandb":{"runtime":57},"val_f1":0.7625418060200669,"_runtime":57.753236229,"train_f1":0.8629600626468285,"val_accuracy":0.7526132404181185}