{"current_lr":1.80423326663612e-07,"test_precision":0.6666666666666666,"test_loss":1.230878513860234,"_wandb":{"runtime":7},"train_recall":0.9047619047619048,"test_accuracy":0.5454545454545454,"test_f1":0.6808510638297872,"_step":99,"train_accuracy":0.8625954198473282,"_runtime":7.256032287,"train_f1":0.8941176470588236,"train_precision":0.8837209302325582,"epoch":99,"_timestamp":1.7552594716747198e+09,"train_loss":0.286008448773668,"test_recall":0.6956521739130435}