{"_step":99,"val_precision":0.7894736842105263,"epoch":99,"train_f1":0.9333333333333333,"_wandb":{"runtime":10},"train_loss":0.19510986627513216,"val_f1":0.7142857142857143,"_runtime":10.943268721,"val_recall":0.6521739130434783,"val_accuracy":0.6363636363636364,"train_accuracy":0.916030534351145,"val_loss":0.8922913105043611,"current_lr":1.80423326663612e-07,"_timestamp":1.75525060554779e+09,"train_recall":0.9166666666666666,"train_precision":0.9506172839506173}