{"train_accuracy":0.6412213740458015,"current_lr":3.503772517714893e-06,"train_recall":1,"_runtime":6.819165926,"_timestamp":1.752070248078759e+09,"train_f1":0.7813953488372093,"val_f1":0.8214285714285714,"val_recall":1,"epoch":99,"_wandb":{"runtime":6},"val_precision":0.696969696969697,"val_loss":0.6182426756078546,"train_precision":0.6412213740458015,"val_accuracy":0.696969696969697,"_step":99,"train_loss":0.6529059737693262}