{"epoch":99,"train_loss":0.23481748259998667,"_step":99,"test_pr_auc":0.9303785426029672,"test_precision":0.8189655172413793,"_wandb":{"runtime":605},"train_accuracy":0.8892600205549845,"test_loss":0.460157540513248,"train_pr_auc":0.9521867990195754,"test_roc_auc":0.8726020659124447,"test_recall":0.8878504672897196,"train_recall":0.8819455133138372,"train_roc_auc":0.9644020720909036,"_runtime":604.82593557,"test_accuracy":0.7987804878048781,"_timestamp":1.7574945779795215e+09,"train_precision":0.8568864961866308}