{"_wandb":{"runtime":9},"test_recall":1,"test_f1":0.8214285714285714,"_step":99,"_timestamp":1.7552865716239212e+09,"epoch":99,"_runtime":9.591849547,"train_loss":0.6579279189801398,"train_accuracy":0.6412213740458015,"current_lr":2.3636198386087077e-07,"test_precision":0.696969696969697,"test_accuracy":0.696969696969697,"train_precision":0.6412213740458015,"train_recall":1,"test_loss":0.6390976978070808,"train_f1":0.7813953488372093}