{"train_recall":0.9485645933014354,"test_recall":0.50114820703056,"train_loss":0.142729158118778,"_wandb":{"runtime":264},"train_accuracy":0.9423558897243107,"_step":99,"test_loss":1.4361282338418526,"_timestamp":1.7553103143900049e+09,"train_precision":0.9418052256532067,"test_accuracy":0.6847981677640996,"test_f1":0.5630085334391745,"epoch":99,"_runtime":264.178707262,"train_f1":0.9451728247914184,"test_precision":0.642291147837899,"current_lr":9.310833515258486e-08}