{"train_loss":0.6527903648733183,"train_accuracy":0.6412213740458015,"_wandb":{"runtime":5},"train_precision":0.6412213740458015,"test_accuracy":0.696969696969697,"train_f1":0.7813953488372093,"test_recall":1,"test_precision":0.696969696969697,"_timestamp":1.7552849065700853e+09,"_runtime":5.808722765,"current_lr":2.627846468999764e-06,"test_f1":0.8214285714285714,"test_loss":0.621870784145413,"epoch":99,"train_recall":1,"_step":99}