{"_step":99,"train_precision":0.8461538461538461,"_runtime":54.008930621,"_timestamp":1.7551764350644732e+09,"_wandb":{"runtime":54},"epoch":99,"test_accuracy":0.8327526132404182,"test_recall":0.8450704225352113,"train_accuracy":0.856768558951965,"test_loss":0.3670333596887489,"test_precision":0.821917808219178,"train_f1":0.8631051752921536,"current_lr":2.6600602256798387e-08,"test_f1":0.8333333333333334,"train_loss":0.316418223505978,"train_recall":0.8807495741056218}