{"test_accuracy":0.696969696969697,"test_f1":0.8214285714285714,"epoch":99,"_runtime":5.858934828,"train_accuracy":0.6412213740458015,"_wandb":{"runtime":5},"test_recall":1,"_step":99,"test_precision":0.696969696969697,"train_precision":0.6412213740458015,"train_loss":0.6527304708502675,"test_loss":0.6196569240454471,"current_lr":1.3563051816449852e-06,"train_f1":0.7813953488372093,"_timestamp":1.7552848750034404e+09,"train_recall":1}