{"epoch":99,"train_recall":1,"test_precision":0.696969696969697,"_wandb":{"runtime":16},"test_recall":1,"current_lr":5.720316514248088e-07,"test_loss":0.619858960310618,"train_f1":0.7813953488372093,"train_loss":0.6527210669663116,"_timestamp":1.7552881550793083e+09,"_step":99,"_runtime":16.771346343,"test_f1":0.8214285714285714,"train_accuracy":0.6412213740458015,"test_accuracy":0.696969696969697,"train_precision":0.6412213740458015}