{"test_accuracy":0.696969696969697,"test_precision":0.7407407407407407,"test_loss":0.8750237463267915,"_timestamp":1.7552591896489582e+09,"train_f1":0.8901734104046243,"train_accuracy":0.8549618320610687,"test_f1":0.8,"epoch":99,"current_lr":1.0312218842753508e-07,"test_recall":0.8695652173913043,"train_loss":0.3306949409364744,"train_precision":0.8651685393258427,"_wandb":{"runtime":11},"_runtime":11.643340922,"train_recall":0.9166666666666666,"_step":99}