{"current_lr":1.80423326663612e-08,"_runtime":11.114711392,"_wandb":{"runtime":11},"val_precision":0.7096774193548387,"epoch":99,"train_recall":0.8333333333333334,"val_recall":0.9565217391304348,"_timestamp":1.7520745952979376e+09,"train_precision":0.6666666666666666,"train_accuracy":0.6259541984732825,"val_accuracy":0.696969696969697,"_step":99,"val_f1":0.8148148148148148,"val_loss":0.6224652036572947,"train_loss":0.6058839864403237,"train_f1":0.7407407407407407}