{"train_accuracy":0.7251908396946565,"val_accuracy":0.6666666666666666,"val_precision":0.75,"val_loss":0.5093126064448645,"val_f1":0.7659574468085106,"train_precision":0.7608695652173914,"epoch":99,"_wandb":{"runtime":13},"_runtime":13.463063912,"_timestamp":1.7512888392491708e+09,"train_recall":0.8333333333333334,"train_loss":0.5091511418346231,"val_recall":0.782608695652174,"current_lr":5.4126997999083605e-09,"_step":99,"train_f1":0.7954545454545454}