{"epoch":99,"train_loss":0.549943300148913,"_wandb":{"runtime":6},"val_accuracy":0.696969696969697,"current_lr":9.0211663331806e-09,"train_f1":0.8087431693989071,"train_precision":0.7474747474747475,"val_precision":0.7096774193548387,"_step":99,"val_recall":0.9565217391304348,"_timestamp":1.752071073344588e+09,"val_f1":0.8148148148148148,"train_accuracy":0.732824427480916,"val_loss":0.601719444899848,"train_recall":0.8809523809523809,"_runtime":6.841714992}