{"_step":99,"train_loss":0.6528416844724699,"epoch":99,"test_f1":0.8214285714285714,"train_precision":0.6412213740458015,"_timestamp":1.755260617085801e+09,"test_accuracy":0.696969696969697,"train_accuracy":0.6412213740458015,"test_recall":1,"test_loss":0.6223379373550415,"train_f1":0.7813953488372093,"test_precision":0.696969696969697,"train_recall":1,"current_lr":1.439202853492334e-06,"_runtime":7.288428885,"_wandb":{"runtime":7}}