{"train_roc_auc":0.9781931464174456,"test_loss":1.0187356964835907,"train_recall":0.9345794392523364,"test_accuracy":0.6634078212290503,"test_precision":0.6408209806157354,"epoch":99,"_timestamp":1.757521995830091e+09,"train_pr_auc":0.9886539889277774,"_step":99,"test_recall":0.7709190672153635,"_wandb":{"runtime":16},"train_accuracy":0.9146341463414634,"_runtime":16.52213263,"test_roc_auc":0.7435339823254055,"train_precision":0.9345794392523364,"train_loss":0.19425977112316503,"test_pr_auc":0.7661696949261712}