{"train_recall":0.8548560874249653,"current_lr":3.378386953649272e-07,"_step":99,"_timestamp":1.7549666810986018e+09,"_runtime":3685.884413243,"_wandb":{"runtime":3685},"val_f1":0.7392802410852952,"train_loss":0.31482416569022703,"train_f1":0.8255053507728894,"val_loss":0.35221446303506926,"train_accuracy":0.8491778006166495,"val_recall":0.701070947857129,"train_precision":0.7981031757436413,"val_accuracy":0.8345926969957977,"epoch":99,"val_precision":0.7818945261509007}