{"test_recall":0.7183098591549296,"test_precision":0.7445255474452555,"_wandb":{"runtime":132},"epoch":99,"test_accuracy":0.7386759581881533,"_runtime":132.064452169,"train_accuracy":0.9973799126637555,"_timestamp":1.7567224221023197e+09,"train_precision":0.9965986394557823,"_step":99,"train_recall":0.9982964224872232,"test_loss":1.283052904680631,"train_loss":0.010804834521038044,"train_roc_auc":0.9999603109181612,"test_roc_auc":0.8591549295774648}