{"current_lr":6.123007866680246e-08,"_runtime":52.259220404,"train_recall":0.8875638841567292,"test_accuracy":0.6515679442508711,"_step":99,"train_f1":0.8683333333333333,"test_recall":0.7887323943661971,"test_loss":0.811073865209307,"test_precision":0.6153846153846154,"_wandb":{"runtime":52},"train_loss":0.32232180349691464,"train_precision":0.8499184339314845,"test_f1":0.691358024691358,"train_accuracy":0.8620087336244542,"_timestamp":1.755259764588335e+09,"epoch":99}