{"val_recall":0,"epoch":99,"train_f1":0,"val_f1":0,"val_accuracy":0.6654986558087334,"current_lr":7.149866072979002e-07,"_timestamp":1.7549554037392921e+09,"train_recall":0,"_step":99,"val_loss":0.6518269062782763,"train_accuracy":0.582669578622816,"train_precision":0,"val_precision":0,"_runtime":3531.309193183,"_wandb":{"runtime":3531},"train_loss":0.6794161527644449}