{"train_f1":0.7813953488372093,"test_precision":0.696969696969697,"_timestamp":1.755286449764213e+09,"train_recall":1,"train_precision":0.6412213740458015,"train_loss":0.6527123282883913,"epoch":99,"test_loss":0.6202900915434866,"_step":99,"test_accuracy":0.696969696969697,"test_f1":0.8214285714285714,"current_lr":5.223805526902436e-07,"_wandb":{"runtime":13},"train_accuracy":0.6412213740458015,"test_recall":1,"_runtime":13.895033405}