{"val_loss":0.6220474739869436,"current_lr":9.0211663331806e-09,"_step":99,"val_accuracy":0.696969696969697,"train_f1":0.7853403141361257,"val_recall":0.9565217391304348,"_wandb":{"runtime":7},"train_accuracy":0.6870229007633588,"train_loss":0.5534999300050372,"epoch":99,"val_f1":0.8148148148148148,"train_precision":0.7009345794392523,"_timestamp":1.7520711858435452e+09,"val_precision":0.7096774193548387,"train_recall":0.8928571428571429,"_runtime":7.124922904}