{"_wandb":{"runtime":9},"train_recall":0.8809523809523809,"_step":99,"current_lr":9.0211663331806e-08,"train_precision":0.9024390243902439,"test_recall":0.9130434782608695,"train_loss":0.27937335048923057,"_timestamp":1.755166639423866e+09,"epoch":99,"train_accuracy":0.8625954198473282,"test_precision":0.7777777777777778,"test_loss":0.5328358823123077,"train_f1":0.891566265060241,"_runtime":9.396297086,"test_accuracy":0.7575757575757576,"test_f1":0.84}