{"train_accuracy":0.6412213740458015,"_runtime":12.912303514,"train_recall":1,"val_loss":0.619384375485507,"val_recall":1,"_step":99,"current_lr":1.868189662353469e-06,"_timestamp":1.752068301991707e+09,"val_accuracy":0.696969696969697,"train_f1":0.7813953488372093,"train_precision":0.6412213740458015,"val_precision":0.696969696969697,"epoch":99,"val_f1":0.8214285714285714,"train_loss":0.6527486693768101,"_wandb":{"runtime":12}}