{"test_loss":0.6467442485849975,"train_recall":0.8340772664306603,"train_loss":0.32574600765418416,"_wandb":{"runtime":3031},"epoch":199,"train_precision":0.8118352059925094,"test_recall":0.7040555566392915,"train_f1":0.8228059520194352,"test_accuracy":0.7233249810769191,"current_lr":1.7091810686967722e-08,"_timestamp":1.75539163623392e+09,"train_accuracy":0.850077081192189,"_step":199,"_runtime":3031.016331886,"test_f1":0.6299602914866693,"test_precision":0.569975679858501}