{"epoch":99,"test_accuracy":0.696969696969697,"train_accuracy":0.6412213740458015,"train_precision":0.6412213740458015,"_timestamp":1.7552866813184187e+09,"train_f1":0.7813953488372093,"train_recall":1,"test_recall":1,"test_f1":0.8214285714285714,"current_lr":6.358336322035704e-07,"test_precision":0.696969696969697,"test_loss":0.6206750345952583,"_step":99,"_wandb":{"runtime":25},"_runtime":25.181823407,"train_loss":0.6527162508200143}