{"train_precision":0.9438202247191011,"_timestamp":1.752068805607362e+09,"_wandb":{"runtime":7},"train_recall":1,"train_loss":0.08765607708283053,"current_lr":3.700585412864301e-07,"train_f1":0.9710982658959537,"val_recall":0.6956521739130435,"val_f1":0.6956521739130435,"val_precision":0.6956521739130435,"epoch":99,"val_accuracy":0.5757575757575758,"val_loss":1.9511288729580967,"train_accuracy":0.9618320610687023,"_step":99,"_runtime":7.877809947}