{"_timestamp":1.755314742016974e+09,"train_f1":0.9773809523809524,"test_f1":0.6210939790115495,"test_recall":0.9357004062886416,"_wandb":{"runtime":212},"test_loss":4.708838717066522,"epoch":99,"test_accuracy":0.5374320068708847,"_runtime":212.398016699,"train_accuracy":0.9761904761904762,"train_precision":0.9727488151658767,"train_loss":0.0749430179147792,"_step":99,"train_recall":0.9820574162679426,"test_precision":0.4648122148122148,"current_lr":6.166876846380426e-08}