feature,importance,mean_signed_shap
Spectral_lap_eig_1,1.5392318,-0.71911526
Spectral_lap_eig_3,0.3445689,-0.07356972
Spectral_lap_eig_2,0.3086543,-0.06269099
Spectral_lap_eig_6,0.2127754,-0.029140018
Spectral_lap_eig_7,0.20941044,-0.025415206
Spectral_lap_eig_8,0.19818266,-0.034927644
Spectral_lap_eig_4,0.1979136,-0.027557703
Spectral_lap_eig_9,0.18388256,-0.025404558
Spectral_lap_eig_5,0.10893808,-0.011326218
Spectral_lap_eig_0,0.055451892,-0.0056841616
