{"epoch":99,"train_loss":0.20102693867392657,"_timestamp":1.7552535451968105e+09,"_wandb":{"runtime":23},"current_lr":4.462431388294711e-07,"test_precision":0.6638036809815951,"train_accuracy":0.9329268292682927,"_step":99,"test_loss":1.4193267502598257,"train_recall":0.9626168224299065,"test_accuracy":0.6773743016759777,"_runtime":23.78056758,"test_f1":0.7007772020725389,"train_precision":0.9363636363636364,"train_f1":0.9493087557603687,"test_recall":0.7421124828532236}