{"test_recall":0.8229994700582935,"epoch":99,"test_f1":0.6356938190749079,"_step":99,"train_f1":0.8760233918128655,"test_loss":1.731572261154001,"train_loss":0.28386105003213524,"train_accuracy":0.8671679197994987,"_timestamp":1.755169264410341e+09,"train_precision":0.8569794050343249,"current_lr":1.611920236534853e-08,"test_precision":0.51783927975992,"_wandb":{"runtime":210},"_runtime":210.465335348,"train_recall":0.895933014354067,"test_accuracy":0.617807042656742}