{"_step":99,"epoch":99,"train_precision":0.6412213740458015,"train_loss":0.6530876751164444,"val_loss":0.6238928771380222,"val_accuracy":0.696969696969697,"train_f1":0.7813953488372093,"val_f1":0.8214285714285714,"train_accuracy":0.6412213740458015,"train_recall":1,"val_recall":1,"_wandb":{"runtime":10},"_timestamp":1.7520704758866901e+09,"_runtime":10.16406188,"val_precision":0.696969696969697,"current_lr":2.0656409001993847e-06}