{"test_loss":1.8042502749565594,"test_pr_auc":0.725379006328312,"train_roc_auc":0.9676177536231885,"train_precision":0.9225352112676056,"_wandb":{"runtime":26},"train_recall":0.9492753623188406,"test_roc_auc":0.6945337150015514,"_timestamp":1.7576685049559603e+09,"train_accuracy":0.9108910891089109,"test_precision":0.6241379310344828,"_runtime":26.820484119,"test_accuracy":0.6417597765363129,"train_pr_auc":0.9849591753129604,"train_loss":0.21133574268015304,"test_recall":0.7448559670781894,"_step":99,"epoch":99}