{"train_precision":0.7742639040348964,"test_f1":0.6586817758014775,"train_recall":0.8492822966507177,"train_loss":0.4037491292284246,"train_accuracy":0.7913533834586466,"test_recall":0.8111641052817523,"_wandb":{"runtime":191},"test_precision":0.5544554455445545,"_timestamp":1.7552498904741504e+09,"test_accuracy":0.6593902089894074,"train_f1":0.8100399315459212,"epoch":69,"_step":69,"_runtime":190.139545872,"test_loss":0.9947224616217316,"current_lr":0.0005824897487937106}