{"test_recall":1,"epoch":99,"train_accuracy":0.6412213740458015,"_runtime":11.040066225,"test_precision":0.696969696969697,"test_accuracy":0.696969696969697,"_wandb":{"runtime":11},"_timestamp":1.7552865150127327e+09,"_step":99,"train_f1":0.7813953488372093,"test_f1":0.8214285714285714,"current_lr":9.012756159961895e-07,"train_recall":1,"train_loss":0.6527213718144949,"train_precision":0.6412213740458015,"test_loss":0.6208491650494662}