{"epoch":49,"_wandb":{"runtime":18},"test_precision":0.7116564417177914,"train_loss":0.3326916519731413,"_step":49,"test_roc_auc":0.8479358912093249,"train_recall":0.9148211243611585,"_runtime":18.802197999,"test_accuracy":0.7456445993031359,"train_roc_auc":0.9292435261001507,"_timestamp":1.7567163509834313e+09,"test_loss":0.5123777148615608,"train_precision":0.7704447632711621,"train_accuracy":0.8165938864628821,"test_recall":0.8169014084507042}