{"_step":99,"epoch":99,"train_f1":0.9642857142857143,"train_accuracy":0.9541984732824428,"val_loss":1.7706396282729022,"train_loss":0.08832460596361233,"val_recall":0.7391304347826086,"train_precision":0.9642857142857143,"_runtime":7.135429792,"_timestamp":1.7515490294230156e+09,"val_f1":0.723404255319149,"_wandb":{"runtime":7},"current_lr":9.0211663331806e-08,"val_precision":0.7083333333333334,"train_recall":0.9642857142857143,"val_accuracy":0.6060606060606061}