{"test_roc_auc":0.8479358912093249,"train_accuracy":0.8445414847161572,"_wandb":{"runtime":24},"train_recall":0.8654173764906303,"test_recall":0.7605633802816901,"_runtime":24.140101809,"_timestamp":1.7567157587787936e+09,"train_loss":0.3326916519731413,"epoch":49,"test_loss":0.5123777148615608,"test_accuracy":0.7560975609756098,"train_roc_auc":0.9292435261001507,"train_precision":0.8369028006589786,"test_precision":0.75,"_step":49}