{"train_accuracy":0.7938931297709924,"test_recall":0.782608695652174,"epoch":99,"_timestamp":1.7552860119229188e+09,"_wandb":{"runtime":6},"test_precision":0.72,"current_lr":1.443386613308896e-07,"test_f1":0.75,"test_loss":0.5480957267961154,"train_recall":0.8690476190476191,"test_accuracy":0.6363636363636364,"_step":99,"train_loss":0.42796509434248653,"train_precision":0.8202247191011236,"_runtime":6.615210473,"train_f1":0.8439306358381503}