{"val_accuracy":0.6363636363636364,"val_f1":0.76,"current_lr":1.80423326663612e-08,"_wandb":{"runtime":9},"train_precision":0.7551020408163265,"train_f1":0.8131868131868132,"train_loss":0.5116816863758873,"val_loss":0.5880554456150893,"val_recall":0.8260869565217391,"_timestamp":1.7520715149016075e+09,"epoch":99,"_runtime":9.407415929999999,"val_precision":0.7037037037037037,"train_recall":0.8809523809523809,"train_accuracy":0.7404580152671756,"_step":99}