{"train_accuracy":0.5126637554585153,"_wandb":{"runtime":96},"_timestamp":1.7522403531240852e+09,"val_loss":0.6937300976145143,"train_loss":0.6928266359729017,"_runtime":96.245472906,"train_recall":1,"epoch":99,"val_precision":0.49477351916376305,"val_accuracy":0.49477351916376305,"train_f1":0.6778290993071594,"val_f1":0.662004662004662,"current_lr":8.705179287197385e-07,"_step":99,"train_precision":0.5126637554585153,"val_recall":1}