{"_step":99,"current_lr":2.986862858909234e-07,"_timestamp":1.7549335696106853e+09,"_wandb":{"runtime":3697},"val_loss":0.3499950959327453,"train_loss":0.29678671303964227,"train_precision":0.8232060615064626,"epoch":99,"train_f1":0.8377683701239794,"train_accuracy":0.862153134635149,"train_recall":0.85285516392181,"val_recall":0.709322513313696,"val_f1":0.7460631738769146,"val_accuracy":0.8384817163886932,"_runtime":3697.387529772,"val_precision":0.786817847405548}