{"train_recall": 0.8620102214650767, "_timestamp": 1755174244.9609058, "_runtime": 49.694491352, "train_loss": 0.30947465974691135, "train_precision": 0.8489932885906041, "train_f1": 0.8554522400676247, "test_f1": 0.8333333333333334, "_step": 99, "train_accuracy": 0.8506550218340612, "test_loss": 0.35150631047292036, "test_recall": 0.8098591549295775, "epoch": 99, "test_accuracy": 0.8397212543554007, "test_precision": 0.8582089552238806, "current_lr": 5.5127839589427544e-08}