{"test_loss":0.5632199244220939,"test_accuracy":0.7272727272727273,"train_accuracy":0.8091603053435115,"train_precision":0.8241758241758241,"train_f1":0.8571428571428571,"current_lr":1.7358094432488105e-07,"test_f1":0.8301886792452831,"_wandb":{"runtime":9},"test_precision":0.7333333333333333,"_runtime":9.383566348,"epoch":99,"_step":99,"test_recall":0.9565217391304348,"train_recall":0.8928571428571429,"train_loss":0.39438403926732885,"_timestamp":1.7551726741845028e+09}