{"test_roc_auc":0.9460633669186095,"train_accuracy":0.8912946228862844,"test_loss":0.2971785462393104,"train_precision":0.8592128027681661,"train_recall":0.8756887811329072,"_runtime":314.805778056,"epoch":99,"test_recall":0.8274021352313167,"_step":99,"_timestamp":1.756722940017176e+09,"train_roc_auc":0.9608778125506212,"test_accuracy":0.8694096601073346,"test_precision":0.8446866485013624,"_wandb":{"runtime":314},"train_loss":0.24833144517771255}