{"train_loss":0.36637215207262736,"epoch":99,"_timestamp":1.7575221935155485e+09,"test_roc_auc":0.7294799672967314,"test_accuracy":0.6494413407821229,"_step":99,"test_loss":0.7927917042258066,"test_precision":0.6113837095191365,"train_pr_auc":0.9532141691941498,"_wandb":{"runtime":14},"train_accuracy":0.7865853658536586,"_runtime":14.014874776,"train_roc_auc":0.9083456304312182,"train_precision":0.8050847457627118,"test_pr_auc":0.7452921337719971,"train_recall":0.8878504672897196,"test_recall":0.8545953360768176}