{"epoch":99,"test_accuracy":0.696969696969697,"test_f1":0.8214285714285714,"current_lr":1.0016475325664858e-07,"train_recall":1,"train_precision":0.6412213740458015,"_timestamp":1.755287261838358e+09,"train_accuracy":0.6412213740458015,"_runtime":17.815266843,"test_loss":0.5732560600012993,"train_loss":0.5650196974059097,"test_precision":0.696969696969697,"test_recall":1,"train_f1":0.7813953488372093,"_step":99,"_wandb":{"runtime":17}}