{"val_loss":1.7706396282729022,"_timestamp":1.7520714721606379e+09,"_step":99,"train_loss":0.08832460596361233,"current_lr":9.0211663331806e-08,"_wandb":{"runtime":9},"val_accuracy":0.6060606060606061,"val_precision":0.7083333333333334,"_runtime":9.66179461,"val_recall":0.7391304347826086,"train_recall":0.9642857142857143,"train_f1":0.9642857142857143,"train_accuracy":0.9541984732824428,"val_f1":0.723404255319149,"train_precision":0.9642857142857143,"epoch":99}