{"_runtime":24.69664992,"train_loss":0.6528560787666845,"test_recall":1,"test_accuracy":0.696969696969697,"train_recall":1,"_timestamp":1.7552882733933172e+09,"current_lr":7.038502221107341e-07,"_step":99,"epoch":99,"train_f1":0.7813953488372093,"test_precision":0.696969696969697,"_wandb":{"runtime":24},"test_f1":0.8214285714285714,"train_precision":0.6412213740458015,"test_loss":0.6224533960674749,"train_accuracy":0.6412213740458015}