{"test_roc_auc":0.7003299595892187,"test_pr_auc":0.7098204560618951,"train_roc_auc":0.9946712575832104,"epoch":99,"_runtime":64.562413215,"test_precision":0.6200440528634361,"test_recall":0.7722908093278463,"test_loss":2.2510410502303246,"_timestamp":1.7575243327548926e+09,"train_recall":0.9579439252336449,"train_pr_auc":0.9973251691287662,"train_loss":0.09138516827327449,"test_accuracy":0.6431564245810056,"train_precision":0.9715639810426541,"train_accuracy":0.9542682926829268,"_step":99,"_wandb":{"runtime":64}}