{"train_f1":0.7813953488372093,"test_f1":0.8214285714285714,"train_accuracy":0.6412213740458015,"epoch":99,"_wandb":{"runtime":5},"test_recall":1,"train_recall":1,"train_loss":0.5942535473190191,"test_precision":0.696969696969697,"train_precision":0.6412213740458015,"_timestamp":1.7552846532235482e+09,"current_lr":6.823933368383935e-07,"test_accuracy":0.696969696969697,"_runtime":5.702249609,"test_loss":0.5871261547912251,"_step":99}