{"current_lr":7.20386234406115e-07,"train_precision":0.8228404099560761,"test_loss":0.7335318214801961,"train_accuracy":0.8724890829694323,"_runtime":29.036199879,"test_precision":0.7115384615384616,"epoch":99,"_timestamp":1.7552899577994123e+09,"test_recall":0.7816901408450704,"train_f1":0.8850393700787401,"test_f1":0.7449664429530202,"train_loss":0.27538993978083914,"test_accuracy":0.735191637630662,"train_recall":0.9574105621805792,"_step":99,"_wandb":{"runtime":29}}