{"_timestamp":1.7551729789917924e+09,"train_f1":0.8654970760233918,"train_accuracy":0.8244274809160306,"_wandb":{"runtime":10},"_step":99,"test_precision":0.7586206896551724,"test_accuracy":0.7575757575757576,"epoch":99,"train_precision":0.8505747126436781,"test_loss":0.5339764348428809,"test_recall":0.9565217391304348,"_runtime":10.875604104,"test_f1":0.8461538461538461,"train_recall":0.8809523809523809,"current_lr":1.2451596528043522e-07,"train_loss":0.34062576248445586}