{"epoch":49,"_runtime":18.478771747,"train_precision":0.8369028006589786,"train_loss":0.3326916519731413,"test_roc_auc":0.8479358912093249,"test_loss":0.5123777148615608,"train_recall":0.8654173764906303,"_wandb":{"runtime":18},"_step":49,"test_recall":0.7605633802816901,"train_roc_auc":0.9292435261001507,"_timestamp":1.756716059783002e+09,"test_precision":0.75,"train_accuracy":0.8445414847161572,"test_accuracy":0.7560975609756098}