{"train_recall":0.9335604770017035,"_step":99,"train_f1":0.8719172633253779,"_timestamp":1.7522395338790433e+09,"train_loss":0.305083642437989,"val_loss":0.6587762803566165,"_wandb":{"runtime":35},"current_lr":8.789973768693587e-07,"val_recall":0.7464788732394366,"train_accuracy":0.8593886462882097,"val_f1":0.726027397260274,"val_precision":0.7066666666666667,"val_accuracy":0.7212543554006968,"_runtime":35.487779345,"train_precision":0.817910447761194,"epoch":99}