{"_runtime":39.10030982,"train_roc_auc":0.9862682406951959,"test_recall":0.7942386831275721,"test_pr_auc":0.7314681993550042,"_wandb":{"runtime":39},"train_precision":0.9626168224299065,"epoch":99,"test_loss":1.7526117366785443,"train_accuracy":0.9512195121951219,"test_accuracy":0.6543296089385475,"_timestamp":1.7575247002575858e+09,"train_recall":0.9626168224299065,"train_pr_auc":0.9927920392821866,"_step":99,"test_roc_auc":0.7186650588210042,"test_precision":0.6266233766233766,"train_loss":0.14362758470744622}