{"current_lr":2.567900589735458e-06,"_runtime":9.787533429,"_timestamp":1.7520703677616346e+09,"train_recall":1,"_wandb":{"runtime":9},"val_loss":0.6197382572925452,"val_recall":1,"val_f1":0.8214285714285714,"val_precision":0.696969696969697,"train_f1":0.7813953488372093,"val_accuracy":0.696969696969697,"train_accuracy":0.6412213740458015,"train_loss":0.6527264996339347,"epoch":99,"train_precision":0.6412213740458015,"_step":99}