{"_timestamp":1.7551681935067337e+09,"test_accuracy":0.7575757575757576,"_wandb":{"runtime":7},"train_recall":0.8809523809523809,"train_f1":0.891566265060241,"train_precision":0.9024390243902439,"current_lr":9.0211663331806e-08,"train_accuracy":0.8625954198473282,"_step":99,"epoch":99,"test_f1":0.84,"test_precision":0.7777777777777778,"_runtime":7.57929118,"test_recall":0.9130434782608695,"train_loss":0.27937335048923057,"test_loss":0.5328358823123077}