{"train_loss":0.3155519216115238,"train_f1":0.8875739644970414,"test_loss":0.9638609059550094,"_wandb":{"runtime":6},"epoch":99,"train_accuracy":0.8549618320610687,"test_accuracy":0.6060606060606061,"test_f1":0.7111111111111111,"_step":99,"test_recall":0.6956521739130435,"_runtime":6.7256799350000005,"train_recall":0.8928571428571429,"current_lr":1.4387964457657106e-07,"test_precision":0.7272727272727273,"_timestamp":1.755259169163046e+09,"train_precision":0.8823529411764706}