{"test_accuracy":0.7878787878787878,"_wandb":{"runtime":10},"_timestamp":1.7551738857937477e+09,"epoch":99,"train_f1":0.9156626506024096,"test_recall":0.9130434782608695,"current_lr":1.0808583123933723e-07,"train_precision":0.926829268292683,"test_precision":0.8076923076923077,"train_loss":0.3114020769832698,"train_accuracy":0.8931297709923665,"train_recall":0.9047619047619048,"test_f1":0.8571428571428571,"_step":99,"test_loss":0.5545577964971237,"_runtime":10.154831539}