{"test_loss":0.7760653286006863,"train_precision":0.7821011673151751,"test_pr_auc":0.7455370113351557,"_wandb":{"runtime":32},"_runtime":32.450661489,"test_recall":0.877914951989026,"_step":99,"epoch":99,"train_recall":0.9392523364485982,"test_roc_auc":0.7315131896028582,"test_accuracy":0.6452513966480447,"train_pr_auc":0.9068218058910595,"_timestamp":1.757524068907394e+09,"train_roc_auc":0.8401377274963109,"train_loss":0.43969510677384166,"train_accuracy":0.7896341463414634,"test_precision":0.6043437204910292}