{"train_precision":0.9080809618018566,"train_recall":0.9184238879482838,"epoch":199,"_runtime":2970.420850915,"test_recall":0.6985350057546379,"test_precision":0.7888139924222398,"_timestamp":1.7553521520564525e+09,"_step":199,"train_f1":0.9132231404958677,"test_loss":0.47436657543680316,"current_lr":2.2326893235544776e-08,"_wandb":{"runtime":2970},"test_accuracy":0.836602458695482,"train_loss":0.16608318668107702,"train_accuracy":0.927158273381295,"test_f1":0.7409346258496363}