{"_timestamp":1.7522393833289254e+09,"_runtime":41.716826311,"val_recall":0.7816901408450704,"val_loss":0.7835223641545099,"val_f1":0.7449664429530202,"train_accuracy":0.9196506550218341,"train_recall":0.9471890971039182,"train_f1":0.9235880398671097,"val_accuracy":0.735191637630662,"train_loss":0.18460848435564334,"current_lr":2.6215675194869536e-07,"train_precision":0.9011345218800648,"_step":99,"_wandb":{"runtime":41},"val_precision":0.7115384615384616,"epoch":99}