{"_timestamp":1.7552871416116693e+09,"_step":99,"train_accuracy":0.6412213740458015,"current_lr":5.601137512887225e-07,"train_recall":1,"test_f1":0.8214285714285714,"_runtime":7.670131741,"test_loss":0.6212096891619943,"train_precision":0.6412213740458015,"epoch":99,"train_loss":0.652738575716965,"train_f1":0.7813953488372093,"test_recall":1,"test_precision":0.696969696969697,"_wandb":{"runtime":7},"test_accuracy":0.696969696969697}