{"train_loss":0.12119540913414409,"_timestamp":1.7520744111311176e+09,"train_precision":0.9318181818181818,"train_f1":0.9534883720930233,"_runtime":13.67067827,"val_recall":0.782608695652174,"_wandb":{"runtime":13},"current_lr":6.932463073095399e-08,"val_precision":0.75,"epoch":99,"val_f1":0.7659574468085106,"train_accuracy":0.9389312977099237,"val_accuracy":0.6666666666666666,"val_loss":1.6930851286102468,"_step":99,"train_recall":0.9761904761904762}