{"train_f1":0.7813953488372093,"train_loss":0.652725333248386,"_wandb":{"runtime":14},"current_lr":5.617482819981499e-07,"_timestamp":1.755287420563454e+09,"epoch":99,"test_accuracy":0.696969696969697,"_step":99,"test_recall":1,"test_loss":0.6209488646550612,"train_precision":0.6412213740458015,"_runtime":14.131838176,"train_accuracy":0.6412213740458015,"test_f1":0.8214285714285714,"test_precision":0.696969696969697,"train_recall":1}