{"current_lr":1.0537230113206798e-06,"_timestamp":1.7520703468597598e+09,"epoch":99,"train_recall":1,"train_loss":0.6527669245505151,"val_recall":1,"train_precision":0.6412213740458015,"val_accuracy":0.696969696969697,"_step":99,"_runtime":12.120317207,"val_loss":0.619179780736114,"_wandb":{"runtime":12},"train_f1":0.7813953488372093,"val_f1":0.8214285714285714,"train_accuracy":0.6412213740458015,"val_precision":0.696969696969697}