{"_runtime":12.289841119,"current_lr":2.901531327884464e-07,"test_accuracy":0.7272727272727273,"test_recall":0.9130434782608695,"_wandb":{"runtime":12},"train_loss":0.5034099439628251,"train_precision":0.75,"epoch":99,"test_f1":0.8235294117647058,"train_recall":1,"test_precision":0.75,"test_loss":0.7168138487772509,"train_f1":0.8571428571428571,"train_accuracy":0.7862595419847328,"_timestamp":1.7552886402864513e+09,"_step":99}