{"train_precision":0.9523809523809523,"_timestamp":1.7520721936794794e+09,"train_recall":0.9523809523809523,"val_precision":0.7619047619047619,"train_f1":0.9523809523809523,"_step":99,"_wandb":{"runtime":8},"current_lr":9.0211663331806e-08,"train_loss":0.13891015343993673,"val_accuracy":0.6363636363636364,"val_recall":0.6956521739130435,"val_loss":1.335359309657785,"epoch":99,"_runtime":8.938588939,"train_accuracy":0.9389312977099237,"val_f1":0.7272727272727273}