{"val_precision":0.696969696969697,"_step":99,"train_loss":0.6530160144085192,"val_f1":0.8214285714285714,"train_recall":1,"val_recall":1,"train_f1":0.7813953488372093,"train_precision":0.6412213740458015,"val_accuracy":0.696969696969697,"_wandb":{"runtime":7},"_timestamp":1.7520693154883e+09,"train_accuracy":0.6412213740458015,"epoch":99,"current_lr":1.5923454289665908e-06,"_runtime":7.742543786,"val_loss":0.6177726676969817}