{"epoch":99,"_wandb":{"runtime":9},"current_lr":9.0211663331806e-09,"train_f1":0.776595744680851,"val_accuracy":0.696969696969697,"train_loss":0.5882092309362106,"train_accuracy":0.6793893129770993,"val_loss":0.5874029009631185,"train_precision":0.7019230769230769,"_step":99,"val_precision":0.696969696969697,"val_recall":1,"_timestamp":1.7520721519992828e+09,"train_recall":0.8690476190476191,"val_f1":0.8214285714285714,"_runtime":9.354649427}