{"train_precision":0.8112391930835735,"val_accuracy":0.7630662020905923,"train_f1":0.8790007806401249,"epoch":99,"_runtime":36.415899948,"_step":99,"train_loss":0.3079136366146621,"train_accuracy":0.8646288209606987,"val_recall":0.8028169014084507,"_timestamp":1.7522406592807605e+09,"train_recall":0.959114139693356,"_wandb":{"runtime":36},"val_loss":0.5596985129529175,"current_lr":1.1556701335700466e-06,"val_precision":0.7402597402597403,"val_f1":0.7702702702702703}