{"_wandb":{"runtime":15},"val_recall":0.6956521739130435,"_step":99,"train_precision":0.9523809523809523,"val_precision":0.7619047619047619,"train_loss":0.13891015343993673,"val_accuracy":0.6363636363636364,"epoch":99,"train_f1":0.9523809523809523,"val_f1":0.7272727272727273,"_timestamp":1.7520729053294494e+09,"val_loss":1.335359309657785,"current_lr":9.0211663331806e-08,"train_accuracy":0.9389312977099237,"_runtime":15.062118354,"train_recall":0.9523809523809523}