{"val_loss":0.34106276653747014,"train_accuracy":0.8497807998568488,"_timestamp":1.7487046296716497e+09,"val_f1":0.804837364470392,"train_loss":0.3204576514099369,"_step":99,"train_recall":0.8589376239806039,"_runtime":736.245662722,"val_precision":0.7574568288854003,"train_precision":0.7895056726094003,"val_recall":0.858540925266904,"train_f1":0.822759421513776,"current_lr":3.600369941217582e-07,"val_accuracy":0.8325581395348837,"_wandb":{"runtime":736},"epoch":99}