{"train_precision":0.5126637554585153,"epoch":99,"train_accuracy":0.5126637554585153,"_timestamp":1.7522377026981897e+09,"train_recall":1,"val_f1":0.662004662004662,"train_loss":0.6928266232711259,"val_precision":0.49477351916376305,"_step":99,"current_lr":9.328947350975503e-07,"_runtime":65.322861308,"val_recall":1,"train_f1":0.6778290993071594,"_wandb":{"runtime":65},"val_accuracy":0.49477351916376305,"val_loss":0.6937152597962356}