{"_step":99,"epoch":99,"train_precision":0.9318181818181818,"train_loss":0.1840946355848822,"train_f1":0.9534883720930233,"_runtime":17.819700631,"current_lr":1.3864926146190798e-08,"_timestamp":1.7520737336073644e+09,"val_accuracy":0.6060606060606061,"train_recall":0.9761904761904762,"_wandb":{"runtime":17},"val_loss":1.1802028112208724,"val_f1":0.7346938775510204,"val_recall":0.782608695652174,"val_precision":0.6923076923076923,"train_accuracy":0.9389312977099237}