{"test_f1":0.6048703849175177,"train_recall":0.8827751196172249,"_timestamp":1.7552933113418639e+09,"test_precision":0.6809639619721424,"_runtime":1693.429626721,"train_loss":0.3405800592481044,"test_loss":0.9333141431243824,"current_lr":1.0911518020978154e-07,"_wandb":{"runtime":1693},"epoch":99,"train_precision":0.8074398249452954,"test_accuracy":0.711995419410249,"_step":99,"train_f1":0.8434285714285714,"test_recall":0.5440734852499558,"train_accuracy":0.8283208020050126}