{"val_accuracy":0.5923344947735192,"_runtime":27.060152843,"val_precision":0.5874125874125874,"val_f1":0.5894736842105263,"_wandb":{"runtime":27},"val_recall":0.5915492957746479,"_step":99,"train_accuracy":0.7825327510917031,"val_loss":0.7088345341150769,"train_f1":0.7933609958506224,"_timestamp":1.754556009233709e+09,"train_loss":0.49486736990999447,"train_recall":0.8143100511073254,"current_lr":6.058279055286387e-08,"train_precision":0.7734627831715211,"epoch":99}