{"val_f1":0.7381703470031545,"train_f1":0.8223107569721115,"val_recall":0.823943661971831,"_step":99,"val_precision":0.6685714285714286,"train_precision":0.7724550898203593,"train_loss":0.4218276944222929,"_runtime":61.13787291,"_wandb":{"runtime":61},"train_accuracy":0.8052401746724891,"epoch":99,"current_lr":3.455293481056607e-08,"train_recall":0.879045996592845,"val_accuracy":0.710801393728223,"val_loss":0.5441927675170766,"_timestamp":1.7522404282954617e+09}