loop,colset,n_features,auc,average_precision,uniqueness_ratio,n_rows,n_unique_rows,duplicate_rows
6,all_columns,238,0.8571428571428571,0.9468967202352079,1.0,31,31,0
6,motifs_eig,96,0.75,0.9001812346443183,1.0,31,31,0
6,spectral,31,0.7380952380952381,0.9072171495248784,1.0,31,31,0
6,eig,10,0.726190476190476,0.8842564390732259,1.0,31,31,0
6,motifs,86,0.5863095238095237,0.8187832041090154,1.0,31,31,0
