loop,colset,n_features,auc,average_precision,uniqueness_ratio,n_rows,n_unique_rows,duplicate_rows
6,all_columns,238,0.8898809523809523,0.9661980785990665,1.0,31,31,0
6,motifs_eig,96,0.7440476190476191,0.888805746264831,1.0,31,31,0
6,spectral,31,0.7321428571428572,0.9020088161915452,1.0,31,31,0
6,eig,10,0.7321428571428571,0.8955590099591302,1.0,31,31,0
6,motifs,86,0.5952380952380952,0.8286214152288874,1.0,31,31,0
