loop,colset,n_features,auc,average_precision,uniqueness_ratio,n_rows,n_unique_rows,duplicate_rows
6,eig,10,0.75,0.8984803051679007,1.0,31,31,0
6,spectral,31,0.7291666666666667,0.8966124134128961,1.0,31,31,0
6,all_columns,232,0.6904761904761905,0.8791033309335123,1.0,31,31,0
6,motifs_eig,84,0.6607142857142858,0.8580101092406969,1.0,31,31,0
6,motifs,74,0.5744047619047619,0.8038138386075292,1.0,31,31,0
6,motifs_eig_centrality,98,0.47023809523809523,0.7946072173069398,1.0,31,31,0
