{"test_accuracy":0.645863154881191,"epoch":99,"train_loss":0.3071047181921794,"train_f1":0.8524203069657615,"_timestamp":1.7551856547298276e+09,"train_recall":0.8636363636363636,"test_f1":0.6489286221086987,"test_recall":0.8078078078078078,"_runtime":278.84546189,"test_precision":0.5422743981975572,"test_loss":1.4862853703225036,"_step":99,"_wandb":{"runtime":278},"current_lr":5.946731388476895e-08,"train_precision":0.8414918414918415,"train_accuracy":0.843358395989975}