{"train_loss":0.32898420550441015,"train_precision":0.8522727272727273,"test_accuracy":0.696969696969697,"train_f1":0.872093023255814,"_wandb":{"runtime":11},"current_lr":1.7475291212928558e-07,"_timestamp":1.755173977754919e+09,"test_f1":0.8076923076923077,"train_accuracy":0.8320610687022901,"test_recall":0.9130434782608695,"test_loss":0.5298271174833644,"test_precision":0.7241379310344828,"_runtime":11.38604332,"epoch":99,"_step":99,"train_recall":0.8928571428571429}