{"epoch":99,"train_precision":0.6412213740458015,"train_loss":0.6527127423359238,"train_accuracy":0.6412213740458015,"test_recall":1,"test_f1":0.8214285714285714,"train_f1":0.7813953488372093,"_runtime":5.776199309,"train_recall":1,"_timestamp":1.7552847482243361e+09,"current_lr":1.7224403205502076e-06,"_step":99,"test_precision":0.696969696969697,"test_loss":0.6202261014418169,"_wandb":{"runtime":5},"test_accuracy":0.696969696969697}