{"train_loss":0.2594031866981473,"train_recall":0.9369676320272572,"val_accuracy":0.7247386759581882,"epoch":99,"current_lr":4.52543451589806e-07,"val_loss":0.6268525578419091,"train_accuracy":0.874235807860262,"_step":99,"val_f1":0.740983606557377,"train_precision":0.837138508371385,"train_f1":0.8842443729903537,"_runtime":72.294788059,"_timestamp":1.752237898017473e+09,"_wandb":{"runtime":72},"val_recall":0.795774647887324,"val_precision":0.6932515337423313}