{"_timestamp":1.7522391767362309e+09,"train_recall":0.9420783645655877,"val_accuracy":0.7317073170731707,"val_recall":0.704225352112676,"val_f1":0.7220216606498195,"train_accuracy":0.9467248908296944,"val_precision":0.7407407407407407,"_step":99,"train_precision":0.9534482758620689,"_runtime":39.310691779,"val_loss":0.930164718046421,"epoch":99,"train_f1":0.9477292202227935,"_wandb":{"runtime":39},"current_lr":5.043296591947438e-07,"train_loss":0.1417704749445728}