{"val_loss":0.6192686557769775,"val_accuracy":0.696969696969697,"_timestamp":1.7520693978170657e+09,"_step":99,"train_precision":0.6412213740458015,"train_accuracy":0.6412213740458015,"epoch":99,"_runtime":10.9069396,"train_recall":1,"_wandb":{"runtime":10},"val_recall":1,"train_loss":0.6527584577334746,"current_lr":1.3283869341555117e-06,"train_f1":0.7813953488372093,"val_precision":0.696969696969697,"val_f1":0.8214285714285714}