{"val_loss":0.6198977674498702,"val_accuracy":0.696969696969697,"val_recall":1,"train_f1":0.7813953488372093,"_step":99,"current_lr":2.1902561501750732e-06,"val_precision":0.696969696969697,"epoch":99,"train_precision":0.6412213740458015,"_timestamp":1.7520692466468003e+09,"_runtime":7.234562665,"train_loss":0.652719710619395,"train_accuracy":0.6412213740458015,"train_recall":1,"val_f1":0.8214285714285714,"_wandb":{"runtime":7}}