{"val_precision":0.6896551724137931,"current_lr":6.932463073095399e-09,"val_accuracy":0.6363636363636364,"val_recall":0.8695652173913043,"_wandb":{"runtime":14},"_step":99,"_runtime":14.898786416,"val_loss":0.710737006174344,"train_accuracy":0.7404580152671756,"val_f1":0.7692307692307693,"train_precision":0.7659574468085106,"train_recall":0.8571428571428571,"train_f1":0.8089887640449438,"epoch":99,"_timestamp":1.752072515002084e+09,"train_loss":0.5528748035430908}