{"current_lr":1.3864926146190798e-08,"_timestamp":1.752071977448893e+09,"val_recall":0.7391304347826086,"_runtime":12.622908075,"val_f1":0.723404255319149,"train_recall":0.8571428571428571,"train_f1":0.8421052631578947,"val_accuracy":0.6060606060606061,"epoch":99,"train_loss":0.41713080105890754,"_step":99,"_wandb":{"runtime":12},"val_precision":0.7083333333333334,"train_accuracy":0.7938931297709924,"train_precision":0.8275862068965517,"val_loss":0.6942445291700123}