{"_timestamp":1.752236201203575e+09,"train_accuracy":0.5126637554585153,"current_lr":7.214089997343693e-07,"val_recall":1,"_step":99,"val_loss":0.6937168558300164,"train_recall":1,"_wandb":{"runtime":67},"train_f1":0.6778290993071594,"val_accuracy":0.49477351916376305,"val_f1":0.662004662004662,"_runtime":67.934558759,"val_precision":0.49477351916376305,"train_loss":0.6928265878206777,"epoch":99,"train_precision":0.5126637554585153}