{"_step":99,"train_precision":0.8305084745762712,"test_precision":0.5538086532602072,"test_loss":1.6255978794565051,"current_lr":2.8725083911516905e-08,"test_recall":0.8026850379791556,"_wandb":{"runtime":307},"train_accuracy":0.8427318295739349,"_runtime":307.8391443,"train_f1":0.8541545613015689,"test_accuracy":0.6580303464070999,"epoch":99,"train_recall":0.8791866028708134,"_timestamp":1.7552469871514816e+09,"test_f1":0.6554161257752776,"train_loss":0.3184447601474915}