{"test_accuracy":0.7575757575757576,"_timestamp":1.7551739298411896e+09,"train_accuracy":0.8702290076335878,"test_precision":0.7586206896551724,"_runtime":10.9684297,"test_f1":0.8461538461538461,"train_precision":0.8602150537634409,"train_f1":0.903954802259887,"_step":99,"epoch":99,"current_lr":1.379035498164485e-07,"train_loss":0.3235239104460214,"test_recall":0.9565217391304348,"test_loss":0.6094744741408662,"_wandb":{"runtime":10},"train_recall":0.9523809523809523}