{"train_loss":0.13891015343993673,"val_f1":0.7272727272727273,"val_accuracy":0.6363636363636364,"_runtime":6.524624131,"train_f1":0.9523809523809523,"val_loss":1.335359309657785,"_step":99,"val_precision":0.7619047619047619,"train_precision":0.9523809523809523,"val_recall":0.6956521739130435,"_timestamp":1.752071253581448e+09,"current_lr":9.0211663331806e-08,"train_recall":0.9523809523809523,"_wandb":{"runtime":6},"train_accuracy":0.9389312977099237,"epoch":99}