{"_timestamp":1.7489731106602733e+09,"_runtime":5.55462139,"val_loss":1.6887486826938887,"train_precision":0.9882352941176471,"current_lr":1.80423326663612e-07,"train_f1":0.9940828402366864,"train_loss":0.05633858693692521,"val_f1":0.6818181818181818,"epoch":99,"val_accuracy":0.5757575757575758,"val_precision":0.7142857142857143,"_step":99,"train_accuracy":0.9923664122137404,"_wandb":{"runtime":5},"val_recall":0.6521739130434783,"train_recall":1}