{"epoch":99,"test_f1":0.8214285714285714,"test_loss":0.6193501877062249,"train_loss":0.6527513875306108,"test_accuracy":0.696969696969697,"test_precision":0.696969696969697,"train_accuracy":0.6412213740458015,"test_recall":1,"train_recall":1,"_step":99,"_wandb":{"runtime":5},"train_f1":0.7813953488372093,"train_precision":0.6412213740458015,"_runtime":5.760144898,"_timestamp":1.7552846218435502e+09,"current_lr":1.1233440060324376e-06}