{
  "loop": 6,
  "timestamp": "20251102-083039",
  "n_calls": 20,
  "n_splits": 5,
  "n_workers": 4,
  "random_state": 42,
  "feature_count": 232,
  "best_params": {
    "n_estimators": 50,
    "max_depth": 4,
    "learning_rate": 0.021216936553980995,
    "subsample": 0.7872988997965189,
    "colsample_bytree": 0.8081995958669876,
    "reg_alpha": 0.5886323924096977,
    "reg_lambda": 9.125399852391661
  },
  "best_cv_score": 0.85,
  "cv_auc_mean": 0.85,
  "cv_auc_std": 0.15491933384829668,
  "paths": {
    "run_dir": "/home/ec2-user/ML-correlator/bayes_results/loop6_20251102-083039",
    "history_csv": "/home/ec2-user/ML-correlator/bayes_results/loop6_20251102-083039/history.csv",
    "thresholds_csv": "/home/ec2-user/ML-correlator/bayes_results/loop6_20251102-083039/thresholds.csv",
    "plot_png": "/home/ec2-user/ML-correlator/bayes_results/loop6_20251102-083039/metrics.png"
  }
}