{"train_accuracy":0.5126637554585153,"train_recall":1,"_wandb":{"runtime":42},"val_precision":0.49477351916376305,"val_f1":0.662004662004662,"train_f1":0.6778290993071594,"train_loss":0.6928269147872925,"val_accuracy":0.49477351916376305,"epoch":99,"_step":99,"_timestamp":1.7522407121988575e+09,"val_loss":0.6936988251134494,"_runtime":42.12621155,"train_precision":0.5126637554585153,"val_recall":1,"current_lr":9.83038298259658e-07}