{"train_recall":0.9880952380952381,"current_lr":1.3864926146190798e-07,"_runtime":8.990851357,"epoch":99,"train_loss":0.09037987796859887,"test_f1":0.8085106382978723,"test_accuracy":0.7272727272727273,"test_recall":0.8260869565217391,"train_precision":0.9764705882352941,"train_accuracy":0.9770992366412213,"test_loss":1.63603435862878,"test_precision":0.7916666666666666,"train_f1":0.9822485207100592,"_step":99,"_timestamp":1.7552596004533849e+09,"_wandb":{"runtime":8}}