{"val_loss":1.9648185173663975,"val_accuracy":0.5757575757575758,"_runtime":7.87587242,"train_accuracy":0.9923664122137404,"_step":99,"val_recall":0.6521739130434783,"train_loss":0.04631525733088719,"train_f1":0.9940119760479041,"_wandb":{"runtime":7},"val_precision":0.7142857142857143,"_timestamp":1.7520690160895202e+09,"current_lr":2.7230557018037144e-07,"val_f1":0.6818181818181818,"train_recall":0.9880952380952381,"train_precision":1,"epoch":99}