{"_step":99,"train_recall":0.9285714285714286,"epoch":99,"_runtime":17.57132233,"train_f1":0.9397590361445783,"_timestamp":1.7520731208698308e+09,"val_accuracy":0.6363636363636364,"train_accuracy":0.9236641221374046,"val_loss":1.0983490959254347,"_wandb":{"runtime":17},"train_precision":0.9512195121951219,"current_lr":1.3864926146190798e-08,"val_recall":0.6956521739130435,"val_f1":0.7272727272727273,"val_precision":0.7619047619047619,"train_loss":0.2261065153675225}