{
  "loop": 6,
  "timestamp": "20251101-223129",
  "n_calls": 20,
  "n_splits": 5,
  "n_workers": 4,
  "random_state": 42,
  "feature_count": 86,
  "best_params": {
    "n_estimators": 1000,
    "max_depth": 17,
    "learning_rate": 0.2306773751202036,
    "subsample": 0.851927201178237,
    "colsample_bytree": 0.943184279948206,
    "reg_alpha": 0.9554192321925191,
    "reg_lambda": 0.12705043093218468
  },
  "best_cv_score": 0.8300000000000001,
  "cv_auc_mean": 0.8300000000000001,
  "cv_auc_std": 0.15362291495737218,
  "paths": {
    "run_dir": "/home/ec2-user/ML-correlator/bayes_results/loop6_20251101-223129",
    "history_csv": "/home/ec2-user/ML-correlator/bayes_results/loop6_20251101-223129/history.csv",
    "thresholds_csv": "/home/ec2-user/ML-correlator/bayes_results/loop6_20251101-223129/thresholds.csv",
    "plot_png": "/home/ec2-user/ML-correlator/bayes_results/loop6_20251101-223129/metrics.png"
  }
}