{"_timestamp":1.7520714318088937e+09,"val_accuracy":0.696969696969697,"val_f1":0.8076923076923077,"current_lr":6.932463073095399e-09,"epoch":99,"train_loss":0.3709854251555814,"train_f1":0.872093023255814,"val_recall":0.9130434782608695,"train_recall":0.8928571428571429,"train_precision":0.8522727272727273,"_runtime":10.525182307,"train_accuracy":0.8320610687022901,"val_precision":0.7241379310344828,"_step":99,"val_loss":0.6726706618386687,"_wandb":{"runtime":10}}