{"train_accuracy":0.8,"val_recall":0.823943661971831,"train_precision":0.7814465408805031,"val_loss":0.5562111195371542,"_step":99,"current_lr":2.2090000365120402e-08,"_runtime":49.034332396,"train_loss":0.416677019065124,"train_recall":0.8466780238500852,"_wandb":{"runtime":49},"val_f1":0.73125,"epoch":99,"_timestamp":1.7522372932724435e+09,"val_precision":0.6573033707865169,"val_accuracy":0.7003484320557491,"train_f1":0.812755519215045}