{"_step":69,"train_loss":0.6929933945337932,"_wandb":{"runtime":38},"train_accuracy":0.5090782122905028,"epoch":69,"train_f1":0.6746876446089773,"_timestamp":1.7486211745784614e+09,"train_precision":0.5090782122905028,"_runtime":37.944785972,"train_recall":1}