{"_runtime":6.205796022,"test_loss":0.6156051881385572,"test_f1":0.8214285714285714,"test_accuracy":0.696969696969697,"_timestamp":1.7552855263914707e+09,"epoch":99,"_wandb":{"runtime":6},"train_precision":0.6412213740458015,"train_recall":1,"test_recall":1,"current_lr":2.6092874314003734e-06,"train_accuracy":0.6412213740458015,"_step":99,"test_precision":0.696969696969697,"train_f1":0.7813953488372093,"train_loss":0.6540737684446437}