{"train_accuracy":0.6412213740458015,"test_precision":0.696969696969697,"_step":99,"test_recall":1,"test_loss":0.6203295516245293,"test_f1":0.8214285714285714,"train_f1":0.7813953488372093,"current_lr":1.7786774917618242e-06,"train_recall":1,"_runtime":5.934165374,"train_loss":0.6527122322839635,"_timestamp":1.7552848115640965e+09,"train_precision":0.6412213740458015,"test_accuracy":0.696969696969697,"_wandb":{"runtime":5},"epoch":99}