{"train_accuracy":0.9729257641921397,"val_precision":0.6590909090909091,"_timestamp":1.7522415516220598e+09,"val_f1":0.7295597484276729,"val_recall":0.8169014084507042,"train_recall":0.9812606473594548,"_wandb":{"runtime":52},"current_lr":8.110499908924918e-08,"train_loss":0.08020363527850358,"_step":99,"train_precision":0.9664429530201343,"val_accuracy":0.7003484320557491,"val_loss":1.336832058554327,"_runtime":52.508831588,"train_f1":0.9737954353338969,"epoch":99}