{"_step":99,"_runtime":8.067848513,"train_accuracy":0.8778625954198473,"test_loss":0.5688484352448899,"epoch":99,"_wandb":{"runtime":8},"train_recall":0.8809523809523809,"train_loss":0.26763686651491936,"test_f1":0.8333333333333334,"test_recall":0.8695652173913043,"test_accuracy":0.7575757575757576,"current_lr":8.294438562810571e-08,"_timestamp":1.755173073772416e+09,"train_f1":0.9024390243902439,"train_precision":0.925,"test_precision":0.8}