{"train_pr_auc":0.9967495219714447,"_timestamp":1.757668834449591e+09,"train_accuracy":0.9554455445544554,"train_recall":0.9855072463768116,"_runtime":44.235643139,"epoch":99,"train_precision":0.951048951048951,"test_pr_auc":0.7325141493850624,"_wandb":{"runtime":44},"test_precision":0.6529492455418381,"test_roc_auc":0.7154971735868422,"test_accuracy":0.6466480446927374,"_step":99,"test_recall":0.6529492455418381,"train_roc_auc":0.9929800724637681,"test_loss":1.533858894968832,"train_loss":0.11287123960728693}