{"_wandb":{"runtime":6},"val_recall":0.6521739130434783,"current_lr":7.470455411567194e-07,"val_f1":0.6818181818181818,"val_loss":2.14269486699689,"_timestamp":1.7520692308327413e+09,"_runtime":6.8841768309999996,"epoch":99,"_step":99,"train_precision":0.9325842696629213,"train_recall":0.9880952380952381,"val_precision":0.7142857142857143,"train_accuracy":0.9465648854961832,"train_f1":0.9595375722543352,"train_loss":0.13946445343148617,"val_accuracy":0.5757575757575758}