{"train_loss":0.17283328043451476,"epoch":99,"val_recall":0.7253521126760564,"train_recall":0.9301533219761499,"_runtime":35.201556923,"train_f1":0.9277824978759558,"_timestamp":1.7551614670801e+09,"val_loss":0.6548835979936846,"val_precision":0.7744360902255639,"val_f1":0.7490909090909091,"_step":99,"val_accuracy":0.759581881533101,"train_accuracy":0.925764192139738,"current_lr":6.058279055286387e-08,"_wandb":{"runtime":35},"train_precision":0.9254237288135593}