{"train_accuracy":0.9210734017363852,"_timestamp":1.7576054455298214e+09,"test_loss":1.244225344479067,"train_roc_auc":0.9785572805139187,"_step":90,"train_precision":0.9278728606356969,"test_roc_auc":0.8052116821996571,"test_accuracy":0.7153592900085886,"test_precision":0.6197383390216155,"test_pr_auc":0.7169115724925944,"train_pr_auc":0.9871008328465519,"test_recall":0.7698286521815934,"train_loss":0.18028966915494546,"_runtime":205.048976088,"train_recall":0.94875,"_wandb":{"runtime":206},"epoch":90}