{"_timestamp":1.7522392446791983e+09,"_step":99,"train_precision":0.934819897084048,"val_f1":0.6905537459283387,"val_precision":0.6424242424242425,"current_lr":1.3362679616026063e-07,"train_loss":0.17105660982527587,"val_recall":0.7464788732394366,"train_f1":0.9316239316239316,"epoch":99,"val_accuracy":0.6689895470383276,"train_accuracy":0.9301310043668122,"_runtime":54.820863422,"val_loss":0.9119335585354927,"_wandb":{"runtime":54},"train_recall":0.9284497444633731}