{"_wandb":{"runtime":8},"train/example_ct":605,"_step":109,"val/val_accuracy":0.6666666666666666,"train/epoch":55,"_timestamp":1.7485140908887308e+09,"_runtime":3.322531365,"val/val_loss":1.1569881439208984,"train/train_loss":4.464625895023346}