{"_wandb":{"runtime":44},"epoch":99,"train_precision":0.9183673469387755,"current_lr":3.6164468583450353e-07,"_step":99,"val_accuracy":0.7142857142857143,"val_precision":0.7419354838709677,"val_f1":0.6917293233082706,"train_recall":0.8432708688245315,"train_f1":0.8792184724689165,"_timestamp":1.7522394856309838e+09,"train_loss":0.2910398173930864,"val_recall":0.647887323943662,"_runtime":44.791187104,"val_loss":0.5795121131666031,"train_accuracy":0.8812227074235808}