{"test_accuracy":0.6452513966480447,"_wandb":{"runtime":34},"_step":99,"_runtime":33.045881855,"train_accuracy":0.8445121951219512,"train_precision":0.8687782805429864,"train_loss":0.31710217638713556,"test_roc_auc":0.7224397887165919,"test_loss":1.2852882548084472,"train_pr_auc":0.9636313737084337,"test_recall":0.8093278463648834,"test_pr_auc":0.7422898314797501,"epoch":99,"train_recall":0.897196261682243,"test_precision":0.6152241918665277,"train_roc_auc":0.9287178225938678,"_timestamp":1.757512746395451e+09}