{"val_f1":0.7692307692307693,"train_f1":0.8444444444444444,"_timestamp":1.752072876966195e+09,"epoch":99,"val_loss":0.6322986622425643,"current_lr":6.932463073095399e-09,"_step":99,"train_recall":0.9047619047619048,"_runtime":19.95995698,"train_precision":0.7916666666666666,"val_accuracy":0.6363636363636364,"val_precision":0.6896551724137931,"_wandb":{"runtime":19},"val_recall":0.8695652173913043,"train_accuracy":0.7862595419847328,"train_loss":0.46435458014029585}