{"_timestamp":1.7552885179000976e+09,"test_loss":0.6331956025325891,"current_lr":1.4216824943658948e-07,"train_f1":0.7813953488372093,"test_f1":0.8214285714285714,"_wandb":{"runtime":22},"train_loss":0.6560392279661339,"test_precision":0.696969696969697,"test_recall":1,"_runtime":22.721328167,"test_accuracy":0.696969696969697,"epoch":99,"train_accuracy":0.6412213740458015,"train_precision":0.6412213740458015,"train_recall":1,"_step":99}