{"_runtime":48.012303756,"test_loss":1.0370991664558815,"test_precision":0.5954128440366973,"train_precision":0.78125,"test_accuracy":0.6361731843575419,"epoch":99,"_timestamp":1.7575242155433416e+09,"test_roc_auc":0.7176796679720656,"train_recall":0.9345794392523364,"train_pr_auc":0.9272605700768459,"test_recall":0.8902606310013718,"train_roc_auc":0.8742006886374816,"_wandb":{"runtime":48},"train_loss":0.40754865146264796,"test_pr_auc":0.7280358167891021,"train_accuracy":0.7865853658536586,"_step":99}