{"test_accuracy":0.6724738675958188,"train_precision":0.6586270871985158,"_runtime":54.392989083,"epoch":99,"train_recall":0.6047700170357752,"train_loss":0.6365310077583946,"_wandb":{"runtime":54},"_step":99,"train_f1":0.6305506216696269,"test_loss":0.6145263613308763,"train_accuracy":0.6366812227074236,"test_f1":0.6356589147286822,"_timestamp":1.7552818077797043e+09,"test_precision":0.7068965517241379,"current_lr":7.30077901708309e-08,"test_recall":0.5774647887323944}