{"test_precision":0.48354454321921697,"test_recall":0.9031973149620208,"current_lr":6.673245139265005e-08,"train_precision":0.9681227863046045,"test_f1":0.6298737295965506,"_timestamp":1.7553020998583386e+09,"train_f1":0.9744503862150921,"_runtime":1020.296652295,"test_loss":4.945154066229835,"train_loss":0.07076511061505268,"_wandb":{"runtime":1020},"epoch":99,"train_accuracy":0.9730576441102757,"_step":99,"test_accuracy":0.5699255654165474,"train_recall":0.9808612440191388}