{"train_precision":0.8953488372093024,"train_recall":0.9166666666666666,"val_f1":0.7391304347826086,"_timestamp":1.7520719558940027e+09,"train_f1":0.9058823529411765,"val_accuracy":0.6363636363636364,"current_lr":6.932463073095399e-09,"train_loss":0.29135559669887745,"epoch":99,"_step":99,"val_recall":0.7391304347826086,"val_precision":0.7391304347826086,"train_accuracy":0.8778625954198473,"_wandb":{"runtime":12},"_runtime":12.271052587,"val_loss":0.7958264005525658}