{"train_f1":0.7101449275362319,"train_accuracy":0.6946564885496184,"test_precision":0.8125,"train_recall":0.5833333333333334,"_runtime":12.183016884,"train_precision":0.9074074074074074,"test_loss":0.6838844001970508,"test_accuracy":0.6060606060606061,"_wandb":{"runtime":12},"test_f1":0.6666666666666666,"train_loss":0.4946411290696559,"_step":99,"epoch":99,"_timestamp":1.7552889250132344e+09,"current_lr":3.566862531618223e-07,"test_recall":0.5652173913043478}