{"train_accuracy":0.6412213740458015,"test_recall":1,"test_f1":0.8214285714285714,"test_loss":0.6206900802525607,"_runtime":11.774080932,"train_f1":0.7813953488372093,"_wandb":{"runtime":11},"test_precision":0.696969696969697,"_step":99,"train_loss":0.6527166207328098,"train_precision":0.6412213740458015,"current_lr":2.9733479109490183e-07,"_timestamp":1.755286994572901e+09,"epoch":99,"train_recall":1,"test_accuracy":0.696969696969697}