{"val_accuracy":0.696969696969697,"val_recall":1,"_step":99,"train_loss":0.6527134591841516,"val_precision":0.696969696969697,"val_f1":0.8214285714285714,"_runtime":11.55100307,"train_accuracy":0.6412213740458015,"train_f1":0.7813953488372093,"train_precision":0.6412213740458015,"epoch":99,"train_recall":1,"val_loss":0.6205291079752373,"current_lr":1.8159808355408031e-06,"_wandb":{"runtime":11},"_timestamp":1.7520694828118918e+09}