{"epoch":99,"val_f1":0.7866666666666666,"train_loss":0.3660290648843524,"train_recall":0.8620102214650767,"_timestamp":1.7513702734970322e+09,"train_accuracy":0.8200873362445414,"_step":99,"val_accuracy":0.7770034843205574,"_runtime":33.233424763,"val_loss":0.4920152606449061,"train_f1":0.8308702791461412,"val_precision":0.7468354430379747,"current_lr":3.634967433171831e-08,"train_precision":0.8019017432646592,"val_recall":0.8309859154929577,"_wandb":{"runtime":33}}