{"val_loss":0.6168735081499274,"epoch":99,"train_f1":0.8131868131868132,"val_f1":0.7450980392156863,"_wandb":{"runtime":8},"train_loss":0.49863626210744144,"val_precision":0.6785714285714286,"train_recall":0.8809523809523809,"_timestamp":1.7520716914347544e+09,"current_lr":9.0211663331806e-09,"val_accuracy":0.6060606060606061,"_step":99,"train_precision":0.7551020408163265,"train_accuracy":0.7404580152671756,"val_recall":0.8260869565217391,"_runtime":8.600549239}