{
  "n_estimators": 963,
  "max_depth": 11,
  "learning_rate": 0.05341824079679383,
  "subsample": 0.8584777523170201,
  "colsample_bytree": 0.6174240220196057,
  "reg_alpha": 0.10360892613344276,
  "reg_lambda": 6.487442758107002
}