{"train_accuracy":0.7926829268292683,"train_precision":0.7786259541984732,"test_accuracy":0.6578212290502793,"epoch":99,"_wandb":{"runtime":22},"test_recall":0.8930041152263375,"current_lr":3.877964617100514e-07,"train_f1":0.8571428571428571,"_runtime":22.52033136,"train_recall":0.9532710280373832,"_timestamp":1.755253695488876e+09,"test_f1":0.7265625,"test_precision":0.6124176857949201,"_step":99,"train_loss":0.4182298815831905,"test_loss":1.044749641218665}