feature,importance,mean_signed_shap
Spectral_lap_eig_1,0.4135985,0.036173776
Spectral_lap_eig_5,0.07495902,0.007891201
Spectral_lap_eig_2,0.07030161,0.0010869513
Spectral_lap_eig_6,0.06336338,0.0057183984
Spectral_lap_eig_3,0.02689661,-0.0011093103
Spectral_lap_eig_7,0.025678327,0.0015167902
Spectral_lap_eig_9,0.021793377,-0.0018911122
Spectral_lap_eig_0,0.020562192,0.0019676657
Spectral_lap_eig_8,0.016397724,0.002570345
Spectral_lap_eig_4,0.00914612,0.00084680226
