feature,importance,mean_signed_shap
Spectral_lap_eig_1,0.41638085,0.038385957
Spectral_lap_eig_2,0.19613391,0.0056261146
Spectral_lap_eig_5,0.16145515,0.0013044458
Spectral_lap_eig_6,0.12191001,0.0048595374
Spectral_lap_eig_7,0.08682818,0.015674733
Spectral_lap_eig_0,0.061433315,0.002014719
Spectral_lap_eig_9,0.055592578,-0.0006784591
Spectral_lap_eig_3,0.043046407,-0.0016858741
Spectral_lap_eig_4,0.029756935,0.0016012299
Spectral_lap_eig_8,0.01735736,0.0012330214
