{
  "n_estimators": 50,
  "max_depth": 4,
  "learning_rate": 0.22191771675458866,
  "subsample": 0.6,
  "colsample_bytree": 0.8061724197010375,
  "reg_alpha": 5.0,
  "reg_lambda": 8.757074700809842
}