feature,importance,mean_signed_shap
Spectral_lap_eig_1,0.40029243,0.037899528
Spectral_lap_eig_5,0.1322933,0.02665156
Spectral_lap_eig_2,0.11498018,0.005403871
Spectral_lap_eig_6,0.09077016,0.0019630252
Spectral_lap_eig_0,0.041829016,0.008042971
Spectral_lap_eig_9,0.041112036,-0.006300594
Spectral_lap_eig_7,0.03982199,0.0016176504
Spectral_lap_eig_3,0.027897011,-0.003951765
Spectral_lap_eig_4,0.010673215,-0.0012165842
Spectral_lap_eig_8,0.0067798635,0.00010043933
