{"epoch":99,"val_loss":1.1899372937371921,"train_f1":0.9795918367346939,"train_precision":0.9779286926994907,"train_recall":0.9812606473594548,"val_precision":0.689873417721519,"_runtime":53.031413384,"_wandb":{"runtime":53},"val_recall":0.7676056338028169,"current_lr":3.839356945585717e-07,"train_loss":0.06346952376813998,"train_accuracy":0.9790393013100437,"_timestamp":1.7522399492526183e+09,"_step":99,"val_accuracy":0.7142857142857143,"val_f1":0.7266666666666667}