{"_runtime":229.465072712,"_step":99,"_wandb":{"runtime":229},"current_lr":4.988998004917433e-08,"_timestamp":1.7551851102283173e+09,"train_loss":0.3088759267539309,"test_recall":0.81063416357534,"epoch":99,"train_precision":0.8342728297632469,"test_accuracy":0.6521614657887203,"test_loss":1.5144719333289793,"train_f1":0.8589669181659896,"train_recall":0.8851674641148325,"test_precision":0.5478094783335323,"test_f1":0.6537968371562901,"train_accuracy":0.8477443609022557}