{"val_recall":0.795774647887324,"val_f1":0.7609427609427609,"_step":99,"_timestamp":1.7522389746533968e+09,"train_loss":0.22472940199239805,"_runtime":88.726057644,"_wandb":{"runtime":88},"val_precision":0.7290322580645161,"val_loss":0.6474268889177967,"train_f1":0.9083191850594228,"train_recall":0.9114139693356048,"epoch":99,"current_lr":1.338371442465672e-07,"val_accuracy":0.7526132404181185,"train_precision":0.9052453468697124,"train_accuracy":0.9056768558951965}