{
  "n_estimators": 459,
  "max_depth": 6,
  "learning_rate": 0.08885217287643322,
  "subsample": 0.989246674403753,
  "colsample_bytree": 0.6812944879180575,
  "reg_alpha": 3.9376413255388556,
  "reg_lambda": 0.019844484585710424
}