{"val_recall":0.8802816901408451,"train_recall":0.899488926746167,"train_f1":0.8380952380952381,"_runtime":55.251095988,"val_f1":0.8305647840531561,"epoch":69,"_wandb":{"runtime":55},"train_loss":0.3459077891564265,"_step":69,"val_loss":0.40349631805868513,"train_accuracy":0.8218340611353712,"current_lr":1.2237873662995165e-07,"_timestamp":1.7489580671336865e+09,"val_accuracy":0.8222996515679443,"train_precision":0.7845468053491828,"val_precision":0.7861635220125787}