{"_wandb":{"runtime":6},"val_loss":0.6205410532879106,"current_lr":2.6175442372599326e-06,"_step":99,"_runtime":6.711607785,"val_precision":0.696969696969697,"_timestamp":1.7520689303991542e+09,"val_f1":0.8214285714285714,"val_accuracy":0.696969696969697,"train_loss":0.6527136809953297,"val_recall":1,"epoch":99,"train_precision":0.6412213740458015,"train_f1":0.7813953488372093,"train_recall":1,"train_accuracy":0.6412213740458015}