{"train_recall":0.9045996592844975,"val_precision":0.8226950354609929,"current_lr":5e-05,"val_accuracy":0.8222996515679443,"val_f1":0.8197879858657244,"train_accuracy":0.8524017467248908,"train_loss":0.3352629809920965,"epoch":69,"_timestamp":1.7488541325746007e+09,"_runtime":24.728828971,"train_precision":0.8245341614906833,"_wandb":{"runtime":24},"val_recall":0.8169014084507042,"_step":69,"train_f1":0.8627132412672623,"val_loss":0.4209329352976969}