{"train_precision":0.6412213740458015,"train_f1":0.7813953488372093,"_wandb":{"runtime":6},"test_loss":0.6164274495659452,"train_loss":0.6535363088127311,"epoch":99,"_step":99,"test_accuracy":0.696969696969697,"test_recall":1,"_runtime":6.250044945,"current_lr":1.806452048921619e-06,"train_recall":1,"_timestamp":1.7552851539013531e+09,"test_f1":0.8214285714285714,"train_accuracy":0.6412213740458015,"test_precision":0.696969696969697}