{"epoch":199,"test_accuracy":0.7280753269125362,"test_precision":0.5846784162752092,"train_f1":0.8513225904530253,"current_lr":5.805179625598873e-08,"train_precision":0.8409671121790059,"_step":199,"_wandb":{"runtime":3013},"test_recall":0.6458459317636502,"train_accuracy":0.8743576567317575,"test_f1":0.6137419013986597,"test_loss":0.7130823389357991,"train_recall":0.8619362782822841,"_runtime":3013.326844959,"train_loss":0.2831220039973401,"_timestamp":1.755397777193877e+09}