{"_wandb":{"runtime":10},"epoch":99,"test_loss":0.6206202705701193,"train_loss":0.6527149822875744,"test_recall":1,"test_f1":0.8214285714285714,"train_recall":1,"train_precision":0.6412213740458015,"_timestamp":1.755288026809791e+09,"_runtime":10.156234039,"_step":99,"train_f1":0.7813953488372093,"test_precision":0.696969696969697,"test_accuracy":0.696969696969697,"train_accuracy":0.6412213740458015,"current_lr":5.757786637307537e-07}