{"train_precision":0.6412213740458015,"_step":99,"current_lr":1.533170447347528e-06,"test_loss":0.616759532328808,"train_f1":0.7813953488372093,"test_accuracy":0.696969696969697,"test_recall":1,"_wandb":{"runtime":6},"test_f1":0.8214285714285714,"epoch":99,"test_precision":0.696969696969697,"_timestamp":1.7552856681448257e+09,"train_loss":0.6533737987962388,"_runtime":6.02507773,"train_recall":1,"train_accuracy":0.6412213740458015}