{"_runtime":39.926082486,"train_loss":0.19775345507667574,"train_recall":0.9233390119250426,"val_loss":0.7688463654252294,"val_precision":0.7074829931972789,"val_recall":0.7323943661971831,"train_f1":0.9202037351443124,"_timestamp":1.7522383327427955e+09,"current_lr":2.7965122270121165e-07,"epoch":99,"_step":99,"_wandb":{"runtime":39},"train_precision":0.9170896785109983,"val_f1":0.7197231833910035,"val_accuracy":0.7177700348432056,"train_accuracy":0.9179039301310044}