{"test_recall":0.8169014084507042,"train_recall":0.8841567291311755,"train_accuracy":0.8620087336244542,"train_precision":0.8522167487684729,"test_f1":0.8197879858657244,"test_accuracy":0.8222996515679443,"test_loss":0.35957342490086575,"_timestamp":1.7551751586461482e+09,"test_precision":0.8226950354609929,"train_f1":0.8678929765886287,"_step":99,"_runtime":47.18929138,"current_lr":4.6426377457493836e-08,"_wandb":{"runtime":47},"epoch":99,"train_loss":0.31095714043321565}