{"epoch":99,"val_f1":0.8,"val_recall":0.9565217391304348,"_step":99,"_wandb":{"runtime":5},"train_precision":0.7522935779816514,"train_recall":0.9761904761904762,"_runtime":5.460077959,"val_loss":0.8101123688798962,"val_accuracy":0.6666666666666666,"train_loss":0.49485426822691475,"train_accuracy":0.7786259541984732,"val_precision":0.6875,"_timestamp":1.749395074566439e+09,"train_f1":0.8497409326424871,"current_lr":5.412699799908361e-07}