{
  "loop": 6,
  "timestamp": "20251101-155024",
  "n_calls": 20,
  "n_splits": 5,
  "n_workers": 8,
  "random_state": 42,
  "feature_count": 238,
  "best_params": {
    "n_estimators": 1000,
    "max_depth": 3,
    "learning_rate": 0.25006193096578594,
    "subsample": 0.8954086734828723,
    "colsample_bytree": 0.7011469169849077,
    "reg_alpha": 1.1255485124875506,
    "reg_lambda": 0.0
  },
  "best_cv_score": 0.9349999999999999,
  "cv_auc_mean": 0.9349999999999999,
  "cv_auc_std": 0.05385164807134503,
  "paths": {
    "run_dir": "/home/ec2-user/ML-correlator/bayes_results/loop6_20251101-155024",
    "history_csv": "/home/ec2-user/ML-correlator/bayes_results/loop6_20251101-155024/history.csv",
    "thresholds_csv": "/home/ec2-user/ML-correlator/bayes_results/loop6_20251101-155024/thresholds.csv",
    "plot_png": "/home/ec2-user/ML-correlator/bayes_results/loop6_20251101-155024/metrics.png"
  }
}