{"val_f1":0.8214285714285714,"_wandb":{"runtime":6},"val_precision":0.696969696969697,"epoch":99,"current_lr":2.385188330344815e-06,"train_loss":0.6529095759828583,"_runtime":6.480478453,"val_accuracy":0.696969696969697,"_step":99,"val_recall":1,"_timestamp":1.7520705743996918e+09,"train_recall":1,"train_accuracy":0.6412213740458015,"train_precision":0.6412213740458015,"val_loss":0.6182245205749165,"train_f1":0.7813953488372093}