{"val_loss":0.693716993730658,"train_recall":1,"epoch":99,"_timestamp":1.7522372339529173e+09,"current_lr":5.497143935300536e-07,"_step":99,"val_accuracy":0.49477351916376305,"train_f1":0.6778290993071594,"_wandb":{"runtime":63},"train_precision":0.5126637554585153,"val_f1":0.662004662004662,"train_accuracy":0.5126637554585153,"val_precision":0.49477351916376305,"val_recall":1,"train_loss":0.6928265597101902,"_runtime":63.047269251}