{"_wandb":{"runtime":7},"current_lr":3.2750109673806385e-06,"val_f1":0.8214285714285714,"val_loss":0.6179739327141733,"_timestamp":1.752069683021264e+09,"train_accuracy":0.6412213740458015,"train_loss":0.6529651821114635,"val_precision":0.696969696969697,"train_f1":0.7813953488372093,"_runtime":7.335136231,"train_recall":1,"val_recall":1,"val_accuracy":0.696969696969697,"epoch":99,"train_precision":0.6412213740458015,"_step":99}