{"train_accuracy":0.6412213740458015,"_timestamp":1.7552880721219845e+09,"_runtime":12.972556906,"train_f1":0.7813953488372093,"current_lr":4.746812539110251e-07,"test_loss":0.6188547349337375,"test_f1":0.8214285714285714,"train_recall":1,"train_loss":0.6528041103413997,"epoch":99,"test_accuracy":0.696969696969697,"_step":99,"train_precision":0.6412213740458015,"_wandb":{"runtime":12},"test_precision":0.696969696969697,"test_recall":1}