{"train_recall":0.9047619047619048,"val_f1":0.6363636363636364,"train_precision":0.987012987012987,"epoch":99,"_step":99,"val_loss":1.1842224304423188,"train_f1":0.9440993788819876,"current_lr":7.687928296771099e-07,"val_recall":0.6086956521739131,"_timestamp":1.752070704781312e+09,"train_loss":0.1726365660295914,"train_accuracy":0.9312977099236641,"_wandb":{"runtime":10},"val_precision":0.6666666666666666,"_runtime":10.398320235,"val_accuracy":0.5151515151515151}