{"test_loss":1.6726755371145028,"train_f1":0.847953216374269,"test_f1":0.6352042654369912,"train_precision":0.8295194508009154,"_runtime":200.259485616,"_timestamp":1.7551668650388966e+09,"current_lr":6.0302118641458e-08,"_wandb":{"runtime":200},"_step":99,"train_loss":0.31822175332776886,"train_accuracy":0.8370927318295739,"epoch":99,"test_precision":0.5363835483085909,"test_recall":0.7786610139551317,"test_accuracy":0.6376324076724879,"train_recall":0.8672248803827751}