{"test_pr_auc":0.7331087523377058,"train_pr_auc":0.99687222924079,"test_accuracy":0.6571229050279329,"test_roc_auc":0.7254769389272313,"epoch":99,"_timestamp":1.757521969921787e+09,"train_roc_auc":0.9944253156255124,"_runtime":46.567304743,"test_loss":1.9901757559962778,"_step":99,"train_accuracy":0.9634146341463414,"test_recall":0.7489711934156379,"_wandb":{"runtime":46},"train_recall":0.9813084112149533,"train_loss":0.08517318745938743,"train_precision":0.963302752293578,"test_precision":0.639344262295082}