{"_timestamp":1.7553024982864215e+09,"test_loss":1.9906928849473464,"_runtime":215.223092174,"test_accuracy":0.6682651016318351,"train_f1":0.8715542521994135,"epoch":99,"test_recall":0.7555202261084614,"_wandb":{"runtime":215},"test_f1":0.6485707786792023,"train_recall":0.888755980861244,"train_precision":0.8550057537399309,"train_loss":0.2963535907423885,"current_lr":3.6622903620814536e-08,"test_precision":0.5681455897980872,"train_accuracy":0.8627819548872181,"_step":99}