{"val_f1":0.7921739130434783,"epoch":99,"val_loss":0.34149573254457316,"_timestamp":1.748708956446389e+09,"train_precision":0.8031594263146955,"_step":99,"train_loss":0.30647583657133565,"val_precision":0.7746598639455783,"val_accuracy":0.8289803220035779,"current_lr":3.600369941217582e-07,"val_recall":0.8104982206405694,"_runtime":4325.676903808,"train_recall":0.8516640952171038,"_wandb":{"runtime":4325},"train_accuracy":0.8550594971817125,"train_f1":0.8267008985879333}