{"train_loss":0.13681787457174927,"train_f1":0.9759036144578314,"train_accuracy":0.9694656488549618,"val_recall":0.8260869565217391,"_step":99,"_wandb":{"runtime":7},"val_accuracy":0.7272727272727273,"val_precision":0.7916666666666666,"val_f1":0.8085106382978723,"val_loss":0.6197657348644553,"epoch":99,"train_recall":0.9642857142857143,"current_lr":9.0211663331806e-08,"_timestamp":1.7513705304044852e+09,"train_precision":0.9878048780487805,"_runtime":7.9829214870000005}