{"train_loss":0.6528609781774856,"epoch":99,"current_lr":4.894854012846694e-07,"train_recall":1,"_timestamp":1.755285637000582e+09,"train_accuracy":0.6412213740458015,"test_accuracy":0.696969696969697,"train_precision":0.6412213740458015,"test_precision":0.696969696969697,"_step":99,"_wandb":{"runtime":6},"test_f1":0.8214285714285714,"test_recall":1,"train_f1":0.7813953488372093,"test_loss":0.6184818383419153,"_runtime":6.321807998}