{"val_precision":0.696969696969697,"_step":99,"train_loss":0.6532877749614133,"val_recall":1,"val_f1":0.8214285714285714,"train_accuracy":0.6412213740458015,"current_lr":3.181089275980073e-06,"train_precision":0.6412213740458015,"val_accuracy":0.696969696969697,"val_loss":0.6248475376403693,"train_recall":1,"_timestamp":1.7520682583269606e+09,"_wandb":{"runtime":10},"_runtime":10.853907741,"epoch":99,"train_f1":0.7813953488372093}