{"epoch":99,"train_precision":0.7890295358649789,"test_f1":0.6702605570530099,"train_f1":0.8385650224215246,"_runtime":210.593152879,"train_loss":0.38095641898033317,"_step":99,"_timestamp":1.7551694874356089e+09,"train_accuracy":0.8195488721804511,"train_recall":0.8947368421052632,"test_precision":0.5816764132553606,"current_lr":3.0974252103602993e-07,"test_accuracy":0.6847981677640996,"test_loss":1.2472619737420874,"test_recall":0.7906730259671436,"_wandb":{"runtime":210}}