{"val_accuracy":0.696969696969697,"val_f1":0.8214285714285714,"_runtime":11.615142468,"train_recall":1,"_wandb":{"runtime":11},"epoch":99,"val_loss":0.6179529256892927,"train_precision":0.6412213740458015,"train_loss":0.6529703947878976,"train_accuracy":0.6412213740458015,"current_lr":3.0669296688284256e-06,"_timestamp":1.7520686582763991e+09,"_step":99,"train_f1":0.7813953488372093,"val_precision":0.696969696969697,"val_recall":1}