{"_runtime":11.047832926,"train_precision":1,"train_recall":1,"epoch":99,"train_f1":1,"_timestamp":1.7520695441400466e+09,"train_accuracy":1,"val_precision":0.7272727272727273,"val_loss":2.3371999480507557,"val_accuracy":0.6060606060606061,"train_loss":0.017900682417036014,"current_lr":1.2157389642161133e-07,"val_recall":0.6956521739130435,"val_f1":0.7111111111111111,"_step":99,"_wandb":{"runtime":11}}