{"_runtime":19.922342508,"train_loss":0.5186563125093475,"_wandb":{"runtime":19},"val_accuracy":0.6363636363636364,"train_f1":0.8181818181818182,"_timestamp":1.7520729787282884e+09,"epoch":99,"_step":99,"train_precision":0.782608695652174,"val_loss":0.7407907250929963,"val_precision":0.6896551724137931,"val_recall":0.8695652173913043,"current_lr":1.80423326663612e-08,"train_accuracy":0.7557251908396947,"val_f1":0.7692307692307693,"train_recall":0.8571428571428571}