{
  "loop": 7,
  "timestamp": "20251102-082225",
  "n_calls": 20,
  "n_splits": 5,
  "n_workers": 4,
  "random_state": 42,
  "feature_count": 84,
  "best_params": {
    "n_estimators": 416,
    "max_depth": 3,
    "learning_rate": 0.07695920943042321,
    "subsample": 0.6964101864104046,
    "colsample_bytree": 0.8733054075301834,
    "reg_alpha": 3.049983288913105,
    "reg_lambda": 8.331949117361646
  },
  "best_cv_score": 0.7845270890725435,
  "cv_auc_mean": 0.7845270890725435,
  "cv_auc_std": 0.07159407489830388,
  "paths": {
    "run_dir": "/home/ec2-user/ML-correlator/bayes_results/loop7_20251102-082225",
    "history_csv": "/home/ec2-user/ML-correlator/bayes_results/loop7_20251102-082225/history.csv",
    "thresholds_csv": "/home/ec2-user/ML-correlator/bayes_results/loop7_20251102-082225/thresholds.csv",
    "plot_png": "/home/ec2-user/ML-correlator/bayes_results/loop7_20251102-082225/metrics.png"
  }
}