{"test_recall":0.7668393782383419,"train_recall":0.9492753623188406,"train_loss":0.16357340995628056,"train_precision":0.9562043795620438,"test_precision":0.7036450079239303,"epoch":99,"train_roc_auc":0.9827898550724637,"_timestamp":1.7576692751108272e+09,"test_loss":1.147347602338126,"test_roc_auc":0.7236072303755346,"_runtime":21.951542347,"test_accuracy":0.6649323621227887,"train_pr_auc":0.9922714967143414,"_wandb":{"runtime":21},"test_pr_auc":0.8073020709229485,"_step":99,"train_accuracy":0.9356435643564357}