{"train_accuracy":0.8244274809160306,"test_precision":0.8076923076923077,"train_precision":0.8765432098765432,"test_f1":0.8571428571428571,"test_loss":0.6410120200986663,"train_f1":0.8606060606060606,"current_lr":1.3919953867344365e-07,"test_recall":0.9130434782608695,"_wandb":{"runtime":11},"epoch":99,"train_loss":0.3105831987985218,"test_accuracy":0.7878787878787878,"_runtime":11.577349931,"_step":99,"train_recall":0.8452380952380952,"_timestamp":1.755173525734988e+09}