{"val_accuracy":0.696969696969697,"train_accuracy":0.6412213740458015,"val_loss":0.5833795648632627,"_timestamp":1.7520663461042953e+09,"_runtime":11.097170367,"current_lr":9.0211663331806e-08,"train_precision":0.6412213740458015,"train_f1":0.7813953488372093,"train_recall":1,"_step":99,"val_f1":0.8214285714285714,"train_loss":0.5906841695763683,"epoch":99,"_wandb":{"runtime":11},"val_precision":0.696969696969697,"val_recall":1}