{"_step":49,"epoch":49,"_runtime":180.898162874,"test_accuracy":0.8432915921288014,"test_loss":0.3097289763750885,"train_roc_auc":0.956859380435562,"train_precision":0.7678793256433007,"train_loss":0.25858065690200316,"_timestamp":1.7567191526774654e+09,"test_recall":0.9181494661921709,"train_recall":0.9537139078686356,"_wandb":{"runtime":180},"test_roc_auc":0.9397136839235781,"test_precision":0.7489114658925979,"train_accuracy":0.8641853806924935}