{"_wandb":{"runtime":37},"test_recall":0.8641975308641975,"train_roc_auc":0.7664576160026234,"train_pr_auc":0.8441873964295503,"epoch":99,"_timestamp":1.7575247464383533e+09,"test_accuracy":0.6494413407821229,"test_loss":0.7303928418199443,"test_pr_auc":0.7501658239996141,"train_accuracy":0.7225609756097561,"train_recall":0.9065420560747663,"_step":99,"train_loss":0.5424428116984483,"_runtime":37.610982236,"train_precision":0.7320754716981132,"test_roc_auc":0.7342117946406446,"test_precision":0.6098741529525653}