{"_runtime":51.273340633,"train_precision":0.8317241379310345,"current_lr":6.047206035944414e-08,"_timestamp":1.755168755864225e+09,"test_loss":0.45830647349357606,"test_precision":0.8198757763975155,"train_recall":0.8920118343195266,"test_recall":0.825,"train_accuracy":0.8471786833855799,"test_accuracy":0.821875,"_wandb":{"runtime":51},"_step":99,"epoch":99,"train_f1":0.860813704496788,"train_loss":0.3252425845887594,"test_f1":0.822429906542056}