{"test_recall":1,"train_precision":0.6412213740458015,"_runtime":5.775446485,"train_f1":0.7813953488372093,"test_precision":0.696969696969697,"test_loss":0.6200687758850328,"train_loss":0.6527150136823873,"current_lr":1.6546495565050188e-06,"_timestamp":1.7552848431505375e+09,"train_recall":1,"test_accuracy":0.696969696969697,"epoch":99,"test_f1":0.8214285714285714,"train_accuracy":0.6412213740458015,"_wandb":{"runtime":5},"_step":99}