{"_step":99,"train_precision":0.7716131907308378,"test_f1":0.7579418344519016,"train_f1":0.7674238227146815,"_wandb":{"runtime":865},"train_loss":0.38380527569130535,"test_precision":0.7623762376237624,"_runtime":865.529319336,"train_recall":0.763279700242451,"current_lr":1.172606655047603e-07,"test_accuracy":0.8064400715563507,"test_recall":0.75355871886121,"epoch":99,"test_loss":0.3909948940353871,"train_accuracy":0.8122036324595151,"_timestamp":1.755177862599087e+09}