{"test_precision":0.8175182481751825,"train_recall":0.8671209540034072,"test_recall":0.7887323943661971,"train_precision":0.8399339933993399,"_step":99,"current_lr":9.79557735512121e-08,"_timestamp":1.7551744317358086e+09,"_runtime":54.546558066,"_wandb":{"runtime":54},"train_accuracy":0.8471615720524017,"test_accuracy":0.8083623693379791,"train_f1":0.8533109807208717,"train_loss":0.3048112848960677,"test_loss":0.3902014541709049,"epoch":99,"test_f1":0.8028673835125448}