{"current_lr":5.471042552677346e-07,"train_recall":0.9505962521294719,"val_precision":0.75,"_wandb":{"runtime":48},"train_f1":0.9417721518987342,"train_accuracy":0.9397379912663756,"_timestamp":1.7522359401435602e+09,"epoch":99,"train_precision":0.9331103678929766,"val_recall":0.6971830985915493,"_step":99,"val_accuracy":0.735191637630662,"val_f1":0.7226277372262774,"train_loss":0.14934312064835079,"val_loss":0.9027959380415674,"_runtime":48.641106921}