{"train_precision":0.6412213740458015,"test_precision":0.696969696969697,"test_accuracy":0.696969696969697,"_step":99,"train_loss":0.6527455412704526,"_wandb":{"runtime":5},"_runtime":5.678149577,"test_f1":0.8214285714285714,"test_loss":0.6194246266827439,"train_f1":0.7813953488372093,"epoch":99,"train_recall":1,"test_recall":1,"train_accuracy":0.6412213740458015,"current_lr":1.1779424665031762e-06,"_timestamp":1.7552845271425185e+09}