{"current_lr":1.0657470703041514e-06,"test_recall":1,"test_accuracy":0.49477351916376305,"epoch":99,"_timestamp":1.7552831343314207e+09,"test_f1":0.662004662004662,"test_loss":0.6937736129511524,"train_loss":0.6928274265543343,"train_accuracy":0.5126637554585153,"_step":99,"train_f1":0.6778290993071594,"train_recall":1,"_runtime":25.650941652,"test_precision":0.49477351916376305,"train_precision":0.5126637554585153,"_wandb":{"runtime":25}}