{"_runtime":26.477058252,"current_lr":1.2147054719922187e-07,"_wandb":{"runtime":26},"train_loss":0.3597066402435303,"train_accuracy":0.8414634146341463,"epoch":99,"_timestamp":1.7552524313112638e+09,"test_accuracy":0.6508379888268156,"test_f1":0.7282608695652174,"test_precision":0.603060306030603,"train_precision":0.8188976377952756,"test_recall":0.9190672153635117,"_step":99,"train_f1":0.8888888888888888,"train_recall":0.9719626168224299,"test_loss":1.5596977783647996}