{
  "n_estimators": 50,
  "max_depth": 4,
  "learning_rate": 0.021216936553980995,
  "subsample": 0.7872988997965189,
  "colsample_bytree": 0.8081995958669876,
  "reg_alpha": 0.5886323924096977,
  "reg_lambda": 9.125399852391661
}