{
  "n_estimators": 1000,
  "max_depth": 3,
  "learning_rate": 0.25006193096578594,
  "subsample": 0.8954086734828723,
  "colsample_bytree": 0.7011469169849077,
  "reg_alpha": 1.1255485124875506,
  "reg_lambda": 0.0
}