{
  "loop": 6,
  "timestamp": "20251102-082110",
  "n_calls": 20,
  "n_splits": 5,
  "n_workers": 4,
  "random_state": 42,
  "feature_count": 84,
  "best_params": {
    "n_estimators": 1000,
    "max_depth": 11,
    "learning_rate": 0.26161484949267144,
    "subsample": 0.8527646725941671,
    "colsample_bytree": 0.7919641355253467,
    "reg_alpha": 2.7598515004699182,
    "reg_lambda": 1.0110239593918193
  },
  "best_cv_score": 0.8375,
  "cv_auc_mean": 0.8375,
  "cv_auc_std": 0.16469669092000605,
  "paths": {
    "run_dir": "/home/ec2-user/ML-correlator/bayes_results/loop6_20251102-082110",
    "history_csv": "/home/ec2-user/ML-correlator/bayes_results/loop6_20251102-082110/history.csv",
    "thresholds_csv": "/home/ec2-user/ML-correlator/bayes_results/loop6_20251102-082110/thresholds.csv",
    "plot_png": "/home/ec2-user/ML-correlator/bayes_results/loop6_20251102-082110/metrics.png"
  }
}