{"train_recall":0.8320476085519065,"_wandb":{"runtime":257},"val_recall":0.8514234875444839,"current_lr":0.0014666620373195362,"val_precision":0.7656,"train_loss":0.33268069659803956,"train_accuracy":0.8473651248098775,"_runtime":254.641501324,"epoch":54,"val_accuracy":0.8354203935599285,"train_precision":0.7999576181394363,"_step":54,"train_f1":0.8156871218668972,"val_loss":0.3471602581694642,"_timestamp":1.7515457121356895e+09,"val_f1":0.806234203875316}