{"train_accuracy":0.7266375545851529,"_runtime":32.906178558,"test_accuracy":0.686411149825784,"epoch":99,"train_recall":0.7410562180579217,"test_f1":0.6538461538461539,"current_lr":1.0301755735637279e-07,"train_precision":0.7298657718120806,"_wandb":{"runtime":32},"train_f1":0.73541842772612,"train_loss":0.5393563646416477,"_timestamp":1.7552818492639675e+09,"test_loss":0.5687233182611365,"test_recall":0.5985915492957746,"_step":99,"test_precision":0.7203389830508474}