{"epoch":99,"train_accuracy":0.9554585152838428,"val_accuracy":0.7212543554006968,"_timestamp":1.7522421135192192e+09,"current_lr":2.9113478610393675e-07,"_runtime":36.962287249,"_step":99,"train_loss":0.11466322564011577,"train_recall":0.9540034071550255,"val_precision":0.7094594594594594,"train_f1":0.9564474807856533,"val_loss":0.8856922278005487,"val_f1":0.7241379310344828,"train_precision":0.958904109589041,"_wandb":{"runtime":36},"val_recall":0.7394366197183099}