{
  "n_estimators": 716,
  "max_depth": 9,
  "learning_rate": 0.024909076026095472,
  "subsample": 0.9993540598502976,
  "colsample_bytree": 0.9509377913296055,
  "reg_alpha": 0.309796434680576,
  "reg_lambda": 2.2149810363146045
}