{"test_precision":0.7307692307692307,"test_loss":1.6358693838119507,"train_f1":0.9940828402366864,"_step":99,"train_precision":0.9882352941176471,"train_loss":0.06464358006838623,"_runtime":6.158288795,"_wandb":{"runtime":6},"test_accuracy":0.6666666666666666,"current_lr":2.4519403400374035e-07,"train_accuracy":0.9923664122137404,"_timestamp":1.7552593101158426e+09,"test_recall":0.8260869565217391,"train_recall":1,"epoch":99,"test_f1":0.7755102040816326}