{"test_f1":0.8214285714285714,"train_loss":0.6538485129370945,"_timestamp":1.7552856211722424e+09,"train_precision":0.6412213740458015,"_wandb":{"runtime":6},"test_loss":0.6159099457841931,"test_accuracy":0.696969696969697,"_runtime":6.126558343,"_step":99,"test_recall":1,"train_recall":1,"test_precision":0.696969696969697,"epoch":99,"train_accuracy":0.6412213740458015,"train_f1":0.7813953488372093,"current_lr":2.276786077760284e-06}