{"_wandb":{"runtime":62},"test_loss":0.5520645126648481,"train_accuracy":0.8838427947598253,"threshold_curves":{"width":640,"height":480,"_type":"image-file","sha256":"8b61f537a38c1c91404a091f54eb8212fdcc0c2c8e3bdc780b70a11d03e0e484","size":37172,"path":"media/images/threshold_curves_100_8b61f537a38c1c91404a.png","format":"png"},"_runtime":62.282814138,"test_accuracy":0.7979094076655052,"_step":100,"train_precision":0.8808724832214765,"epoch":99,"test_precision":0.8387096774193549,"train_recall":0.8943781942078365,"test_recall":0.7323943661971831,"test_roc_auc":0.8739679456046625,"_timestamp":1.7569028579940062e+09,"train_roc_auc":0.9595293485495167,"train_loss":0.2564400451802791}