{"_timestamp":1.755286867991977e+09,"test_loss":0.530362909490412,"_step":99,"epoch":99,"train_precision":0.6902654867256637,"train_recall":0.9285714285714286,"test_precision":0.7857142857142857,"train_loss":0.6045584169052939,"_runtime":22.310856291,"test_accuracy":0.7878787878787878,"test_recall":0.9565217391304348,"test_f1":0.8627450980392157,"_wandb":{"runtime":22},"train_f1":0.7918781725888325,"current_lr":5.574016361984715e-08,"train_accuracy":0.6870229007633588}