{"_wandb":{"runtime":13},"current_lr":6.932463073095399e-09,"train_f1":0.9028571428571428,"_timestamp":1.7520723453567348e+09,"val_precision":0.7083333333333334,"epoch":99,"train_recall":0.9404761904761905,"val_recall":0.7391304347826086,"val_accuracy":0.6060606060606061,"train_accuracy":0.8702290076335878,"_runtime":13.135614933,"val_f1":0.723404255319149,"train_loss":0.29997492200545683,"train_precision":0.8681318681318682,"val_loss":0.8374209040493676,"_step":99}