{"train_recall":1,"train_loss":0.6530318901739047,"train_f1":0.7813953488372093,"val_accuracy":0.696969696969697,"val_f1":0.8214285714285714,"current_lr":1.1931973211190742e-06,"val_precision":0.696969696969697,"_runtime":7.7569808049999995,"val_loss":0.6177141702536381,"_timestamp":1.7520701374798982e+09,"_wandb":{"runtime":7},"train_accuracy":0.6412213740458015,"_step":99,"train_precision":0.6412213740458015,"epoch":99,"val_recall":1}