{"train_recall":0.8214285714285714,"_runtime":10.714711661,"test_recall":0.9130434782608695,"_timestamp":1.7551737488831773e+09,"_wandb":{"runtime":10},"test_accuracy":0.8181818181818182,"test_loss":0.5089700573660207,"current_lr":8.327859368257574e-08,"test_f1":0.875,"train_f1":0.8518518518518519,"train_precision":0.8846153846153846,"test_precision":0.84,"train_loss":0.32049340601185805,"epoch":99,"train_accuracy":0.816793893129771,"_step":99}