{"train_precision":0.9465648854961832,"train_accuracy":0.8960396039603961,"test_accuracy":0.6867845993756504,"test_recall":0.8013816925734024,"test_roc_auc":0.749025671630994,"_step":99,"test_loss":0.9218422354942306,"_runtime":23.324802575,"epoch":99,"train_loss":0.22755496307174758,"test_precision":0.7138461538461538,"_timestamp":1.757669308024016e+09,"train_pr_auc":0.9860459078310406,"train_roc_auc":0.9694293478260869,"train_recall":0.8985507246376812,"test_pr_auc":0.8193481575372907,"_wandb":{"runtime":23}}