{"train_accuracy":0.6412213740458015,"_step":99,"_wandb":{"runtime":9},"train_precision":0.6412213740458015,"val_f1":0.8214285714285714,"val_recall":1,"epoch":99,"train_loss":0.6528893722832658,"val_loss":0.618326260284944,"val_accuracy":0.696969696969697,"train_f1":0.7813953488372093,"current_lr":1.9628308500959447e-06,"_runtime":9.43300416,"val_precision":0.696969696969697,"train_recall":1,"_timestamp":1.752068848845713e+09}