{"test_recall":0.4859154929577465,"_timestamp":1.7567164392930362e+09,"test_precision":0.8518518518518519,"test_loss":0.5123777148615608,"_step":49,"_runtime":18.230059193,"train_precision":0.9559228650137741,"train_accuracy":0.7764192139737991,"train_loss":0.3326916519731413,"test_accuracy":0.7038327526132404,"_wandb":{"runtime":18},"train_recall":0.5911413969335605,"epoch":49,"train_roc_auc":0.9292435261001507,"test_roc_auc":0.8479358912093249}