{"train_accuracy":0.6793893129770993,"_wandb":{"runtime":10},"val_loss":0.5806960167758393,"train_precision":0.7142857142857143,"epoch":99,"val_f1":0.8,"val_recall":0.9565217391304348,"_step":99,"val_precision":0.6875,"train_recall":0.8333333333333334,"train_loss":0.6134129553350783,"_runtime":10.827347038,"val_accuracy":0.6666666666666666,"_timestamp":1.7520715835213356e+09,"train_f1":0.7692307692307693,"current_lr":9.0211663331806e-09}