{
  "loop": 7,
  "timestamp": "20251101-223336",
  "n_calls": 20,
  "n_splits": 5,
  "n_workers": 4,
  "random_state": 42,
  "feature_count": 96,
  "best_params": {
    "n_estimators": 309,
    "max_depth": 5,
    "learning_rate": 0.10737441719316096,
    "subsample": 0.9977663554090734,
    "colsample_bytree": 0.6140401042390277,
    "reg_alpha": 1.0890594427813307,
    "reg_lambda": 0.25265355301562714
  },
  "best_cv_score": 0.8020005247277975,
  "cv_auc_mean": 0.8020005247277975,
  "cv_auc_std": 0.04678368217494264,
  "paths": {
    "run_dir": "/home/ec2-user/ML-correlator/bayes_results/loop7_20251101-223336",
    "history_csv": "/home/ec2-user/ML-correlator/bayes_results/loop7_20251101-223336/history.csv",
    "thresholds_csv": "/home/ec2-user/ML-correlator/bayes_results/loop7_20251101-223336/thresholds.csv",
    "plot_png": "/home/ec2-user/ML-correlator/bayes_results/loop7_20251101-223336/metrics.png"
  }
}