{"val_loss":0.7911221992337343,"epoch":99,"val_precision":0.7083333333333334,"train_precision":0.8735632183908046,"train_loss":0.3371998553967658,"current_lr":9.0211663331806e-09,"_runtime":9.965087522,"_step":99,"val_accuracy":0.6060606060606061,"train_f1":0.8888888888888888,"train_recall":0.9047619047619048,"_timestamp":1.7520747347228372e+09,"train_accuracy":0.8549618320610687,"val_recall":0.7391304347826086,"val_f1":0.723404255319149,"_wandb":{"runtime":9}}