{"epoch":199,"test_precision":0.5677880677880678,"train_loss":0.300885178416753,"test_f1":0.6282950633959304,"train_accuracy":0.8625385405960946,"train_f1":0.8376574116219087,"train_recall":0.8497768200708019,"_wandb":{"runtime":3096},"train_precision":0.8258788332086762,"_timestamp":1.7554101914017172e+09,"current_lr":2.6740938310194137e-08,"_runtime":3096.207650895,"test_loss":0.6879190536237652,"_step":199,"test_accuracy":0.721667580194712,"test_recall":0.7032362522677175}