{"test_loss":0.5049473102492433,"train_precision":0.9324862216778934,"test_recall":0.7057526871232663,"test_accuracy":0.845548508339206,"_timestamp":1.7553642877331014e+09,"train_accuracy":0.9455935251798561,"train_f1":0.9349911735359583,"current_lr":4.315325214162809e-08,"_wandb":{"runtime":2943},"train_loss":0.12990011541289637,"train_recall":0.9375096198245344,"_step":199,"test_precision":0.8081983692617,"test_f1":0.753509393093681,"epoch":199,"_runtime":2943.727557152}