{"train_precision":0.782608695652174,"train_accuracy":0.7557251908396947,"_timestamp":1.7520711325513005e+09,"val_precision":0.6896551724137931,"val_recall":0.8695652173913043,"current_lr":1.80423326663612e-08,"train_loss":0.5186563125093475,"train_recall":0.8571428571428571,"_wandb":{"runtime":7},"_runtime":7.841402133,"val_accuracy":0.6363636363636364,"epoch":99,"train_f1":0.8181818181818182,"val_loss":0.7407907250929963,"val_f1":0.7692307692307693,"_step":99}