{"test_f1":0.5718921111336442,"train_recall":0.8576555023923444,"train_accuracy":0.8327067669172933,"epoch":99,"test_loss":1.3715239537931034,"test_accuracy":0.697824219868308,"test_recall":0.49814520402755696,"_timestamp":1.755297092138655e+09,"_wandb":{"runtime":167},"train_precision":0.8289017341040462,"train_loss":0.3356262047338605,"_step":99,"test_precision":0.671268745536777,"train_f1":0.8430335097001763,"_runtime":167.753199827,"current_lr":2.5145922197693106e-08}