{"_timestamp":1.7552850950490205e+09,"_step":99,"test_f1":0.8214285714285714,"train_accuracy":0.6412213740458015,"train_f1":0.7813953488372093,"test_recall":1,"train_precision":0.6412213740458015,"_runtime":6.176606361,"current_lr":1.0542776544005139e-06,"_wandb":{"runtime":6},"test_accuracy":0.696969696969697,"train_recall":1,"test_loss":0.6233415522358634,"test_precision":0.696969696969697,"train_loss":0.6529883351034791,"epoch":99}