{"val_precision":0.6896551724137931,"val_recall":0.8695652173913043,"val_accuracy":0.6363636363636364,"train_recall":0.8571428571428571,"train_precision":0.782608695652174,"current_lr":1.80423326663612e-08,"train_accuracy":0.7557251908396947,"val_loss":0.7407907250929963,"train_loss":0.5186563125093475,"val_f1":0.7692307692307693,"_timestamp":1.7520713533555698e+09,"train_f1":0.8181818181818182,"_step":99,"_wandb":{"runtime":13},"epoch":99,"_runtime":13.889675272}