{"test_recall":0.8260869565217391,"epoch":99,"current_lr":1.2319802350853705e-07,"_step":99,"train_f1":0.8502994011976048,"_wandb":{"runtime":13},"test_f1":0.8085106382978723,"train_accuracy":0.8091603053435115,"_timestamp":1.755176117059615e+09,"train_precision":0.8554216867469879,"test_accuracy":0.7272727272727273,"train_loss":0.38255192168796337,"test_precision":0.7916666666666666,"test_loss":0.5391611452355529,"_runtime":13.178203983,"train_recall":0.8452380952380952}