{"train_f1":0.7619047619047619,"val_recall":0.8260869565217391,"train_precision":0.7619047619047619,"val_accuracy":0.6363636363636364,"_runtime":6.787779584,"_step":99,"train_recall":0.7619047619047619,"current_lr":5.4126997999083605e-09,"val_f1":0.76,"_timestamp":1.7513702027578647e+09,"_wandb":{"runtime":6},"train_accuracy":0.6946564885496184,"val_loss":0.5873972373929891,"epoch":99,"val_precision":0.7037037037037037,"train_loss":0.5407680409555217}