{"_step":99,"test_f1":0.6916266506602641,"train_recall":0.7990430622009569,"_wandb":{"runtime":151},"train_precision":0.7740440324449595,"_timestamp":1.7552546885968797e+09,"current_lr":8.489037295519164e-08,"test_recall":0.8141671082847554,"test_accuracy":0.7058402519324363,"train_accuracy":0.7725563909774437,"train_loss":0.4493479365692999,"test_precision":0.6011477761836442,"test_loss":0.8504881391084718,"_runtime":151.277849802,"epoch":99,"train_f1":0.7863449087698646}