{"test_roc_auc":0.8479358912093249,"epoch":49,"_runtime":20.083616933,"test_precision":0.75,"_wandb":{"runtime":20},"train_recall":0.8654173764906303,"_step":49,"test_accuracy":0.7560975609756098,"train_loss":0.3326916519731413,"train_accuracy":0.8445414847161572,"train_roc_auc":0.9292435261001507,"_timestamp":1.7567158537147093e+09,"train_precision":0.8369028006589786,"test_loss":0.5123777148615608,"test_recall":0.7605633802816901}