{"train_accuracy":0.6412213740458015,"train_loss":0.6527297574145193,"_wandb":{"runtime":5},"_timestamp":1.7552848274678864e+09,"test_accuracy":0.696969696969697,"test_recall":1,"train_recall":1,"test_precision":0.696969696969697,"_runtime":5.862453017,"_step":99,"train_precision":0.6412213740458015,"train_f1":0.7813953488372093,"test_f1":0.8214285714285714,"epoch":99,"current_lr":2.2195036469851065e-06,"test_loss":0.6210452851020929}