{"val_accuracy":0.6363636363636364,"val_precision":0.7619047619047619,"train_loss":0.2987434968693566,"epoch":99,"train_recall":0.8928571428571429,"val_f1":0.7272727272727273,"_step":99,"val_recall":0.6956521739130435,"_timestamp":1.7520745714193938e+09,"train_precision":0.9146341463414634,"train_accuracy":0.8778625954198473,"train_f1":0.9036144578313253,"current_lr":1.3864926146190798e-08,"_wandb":{"runtime":13},"_runtime":13.119218296,"val_loss":0.8042548377151516}