{"train_accuracy":0.6412213740458015,"_step":99,"epoch":99,"train_precision":0.6412213740458015,"val_recall":1,"val_loss":0.6174383759498596,"train_f1":0.7813953488372093,"train_recall":1,"val_precision":0.696969696969697,"_timestamp":1.7520683188895278e+09,"val_accuracy":0.696969696969697,"_wandb":{"runtime":8},"_runtime":8.507590639,"current_lr":5.618876201021192e-06,"train_loss":0.6531145047140485,"val_f1":0.8214285714285714}