{"test_accuracy":0.8257839721254355,"train_precision":0.8056801195814649,"_step":99,"test_recall":0.8591549295774648,"test_f1":0.8299319727891157,"current_lr":6.59146365498691e-07,"train_accuracy":0.8445414847161572,"_runtime":30.232098716,"epoch":99,"test_precision":0.8026315789473685,"train_loss":0.32734351197184436,"test_loss":0.38952175208500456,"train_f1":0.85828025477707,"_timestamp":1.7552838889829526e+09,"train_recall":0.9182282793867121,"_wandb":{"runtime":30}}