{"test_accuracy":0.7575757575757576,"train_precision":0.8571428571428571,"_timestamp":1.755173952952062e+09,"train_f1":0.8914285714285715,"_runtime":12.057209859,"train_loss":0.2938599813985461,"train_recall":0.9285714285714286,"_wandb":{"runtime":12},"train_accuracy":0.8549618320610687,"test_loss":0.5789875192567706,"current_lr":1.2841219975782614e-07,"test_recall":0.9565217391304348,"test_f1":0.8461538461538461,"epoch":99,"test_precision":0.7586206896551724,"_step":99}