{"_wandb":{"runtime":17},"train_f1":0.8089887640449438,"_timestamp":1.7520732557655203e+09,"val_recall":0.8695652173913043,"train_accuracy":0.7404580152671756,"train_precision":0.7659574468085106,"val_accuracy":0.6363636363636364,"val_loss":0.710737006174344,"_step":99,"epoch":99,"train_loss":0.5528748035430908,"val_f1":0.7692307692307693,"_runtime":17.825127818,"val_precision":0.6896551724137931,"current_lr":6.932463073095399e-09,"train_recall":0.8571428571428571}