feature,importance,mean_signed_shap
Spectral_lap_eig_1,0.8462983,0.3408359
Spectral_lap_eig_2,0.59088683,0.1129015
Spectral_lap_eig_3,0.48272866,0.12926778
Spectral_lap_eig_0,0.3544155,0.055612165
Spectral_lap_eig_6,0.33805093,0.13082753
Spectral_lap_eig_9,0.24094431,0.04144332
Spectral_lap_eig_7,0.19645071,0.0299124
Spectral_lap_eig_5,0.10750437,-0.0007936493
Spectral_lap_eig_8,0.030194867,0.0045462293
Spectral_lap_eig_4,0.0,0.0
