feature,importance,mean_signed_shap
Spectral_lap_eig_1,1.044592,0.44487834
Spectral_lap_eig_2,0.7356275,0.1869912
Spectral_lap_eig_3,0.57437766,0.13254641
Spectral_lap_eig_7,0.496846,0.12220131
Spectral_lap_eig_6,0.45373508,0.18394358
Spectral_lap_eig_0,0.39712116,0.11758038
Spectral_lap_eig_9,0.2594572,0.051614698
Spectral_lap_eig_8,0.14470413,0.040623587
Spectral_lap_eig_5,0.090679005,-0.0063189776
Spectral_lap_eig_4,0.0,0.0
