{
  "n_estimators": 273,
  "max_depth": 3,
  "learning_rate": 0.058639256860240185,
  "subsample": 0.6679396368494919,
  "colsample_bytree": 0.6949007566194371,
  "reg_alpha": 0.0017551452384201307,
  "reg_lambda": 7.633003666646565
}