feature,importance,mean_signed_shap
Spectral_lap_eig_1,0.019227602,0.0021469088
Spectral_lap_eig_6,0.012418058,0.001713703
Spectral_lap_eig_5,0.008938141,-0.00079334585
Spectral_lap_eig_0,0.008730035,-0.00014103958
Spectral_lap_eig_2,0.007542207,4.9653852e-05
Spectral_lap_eig_9,0.005880273,-0.000979822
Spectral_lap_eig_3,0.0048778057,0.00026566937
Spectral_lap_eig_7,0.0043304376,0.0007180102
Spectral_lap_eig_4,0.0,0.0
Spectral_lap_eig_8,0.0,0.0
