{
  "n_estimators": 50,
  "max_depth": 11,
  "learning_rate": 0.01,
  "subsample": 0.6,
  "colsample_bytree": 0.6,
  "reg_alpha": 0.5965913437506196,
  "reg_lambda": 6.639959500232969
}