feature,importance,mean_signed_shap
Spectral_lap_eig_1,0.5832364,0.20719448
Spectral_lap_eig_2,0.3073933,0.059337925
Spectral_lap_eig_6,0.27064282,0.087296456
Spectral_lap_eig_9,0.23013654,0.053398516
Spectral_lap_eig_0,0.20742518,0.028435577
Spectral_lap_eig_3,0.19099669,0.032520205
Spectral_lap_eig_5,0.07721345,0.002210348
Spectral_lap_eig_7,0.04605953,0.020740047
Spectral_lap_eig_8,0.014386498,0.001956688
Spectral_lap_eig_4,0.0,0.0
