{"val_loss":0.6206233817519564,"val_recall":1,"train_accuracy":0.6412213740458015,"train_recall":1,"val_f1":0.8214285714285714,"train_f1":0.7813953488372093,"epoch":99,"val_precision":0.696969696969697,"_runtime":7.442844679,"current_lr":2.6622934387100974e-06,"_timestamp":1.752070436398261e+09,"train_precision":0.6412213740458015,"_wandb":{"runtime":7},"val_accuracy":0.696969696969697,"train_loss":0.6527151115068043,"_step":99}