{"train_recall":0.4735945485519591,"_step":49,"_timestamp":1.7567168706415007e+09,"_wandb":{"runtime":16},"test_loss":0.5123777148615608,"_runtime":16.493768072,"train_loss":0.3326916519731413,"train_accuracy":0.7248908296943232,"test_recall":0.4014084507042254,"train_roc_auc":0.9292435261001507,"train_precision":0.9788732394366197,"epoch":49,"test_roc_auc":0.8479358912093249,"test_precision":0.9344262295081968,"test_accuracy":0.6898954703832753}