{"train_recall":0.8214285714285714,"train_f1":0.7840909090909091,"epoch":99,"_runtime":8.942477375,"test_loss":0.58267786688256,"train_loss":0.527589455815672,"train_precision":0.75,"_step":99,"current_lr":9.586531832043718e-08,"train_accuracy":0.7099236641221374,"_timestamp":1.7552872948829424e+09,"test_accuracy":0.6060606060606061,"test_precision":0.8125,"test_f1":0.6666666666666666,"test_recall":0.5652173913043478,"_wandb":{"runtime":8}}