{"test_recall":1,"test_accuracy":0.696969696969697,"train_loss":0.6528894123230272,"_runtime":6.060596942,"train_recall":1,"train_precision":0.6412213740458015,"train_f1":0.7813953488372093,"test_f1":0.8214285714285714,"_step":99,"test_loss":0.6183259983857473,"epoch":99,"train_accuracy":0.6412213740458015,"test_precision":0.696969696969697,"_timestamp":1.7552854161670976e+09,"_wandb":{"runtime":6},"current_lr":5.976755910931538e-07}