{"train_precision":0.8783269961977186,"_timestamp":1.7567161143199878e+09,"train_recall":0.787052810902896,"train_loss":0.3326916519731413,"train_roc_auc":0.9292435261001507,"_step":49,"_runtime":17.93124534,"test_loss":0.5123777148615608,"epoch":49,"test_recall":0.6619718309859155,"train_accuracy":0.8349344978165939,"test_accuracy":0.7421602787456446,"_wandb":{"runtime":17},"test_roc_auc":0.8479358912093249,"test_precision":0.7833333333333333}