{"_timestamp":1.7552895978294706e+09,"_runtime":8.585072311,"test_recall":1,"_step":99,"test_loss":0.6203149647423716,"_wandb":{"runtime":8},"test_precision":0.696969696969697,"current_lr":6.799904614613571e-07,"train_precision":0.6412213740458015,"train_loss":0.6527122104440937,"test_accuracy":0.696969696969697,"epoch":99,"train_recall":1,"test_f1":0.8214285714285714,"train_accuracy":0.6412213740458015,"train_f1":0.7813953488372093}