{"train_recall":0.8928571428571429,"current_lr":1.3864926146190798e-08,"epoch":99,"_wandb":{"runtime":15},"train_precision":0.9146341463414634,"val_recall":0.6956521739130435,"val_accuracy":0.6363636363636364,"train_loss":0.2987434968693566,"val_precision":0.7619047619047619,"_step":99,"val_loss":0.8042548377151516,"val_f1":0.7272727272727273,"train_accuracy":0.8778625954198473,"train_f1":0.9036144578313253,"_timestamp":1.7520735039473696e+09,"_runtime":15.316246222}