{"current_lr":2.55952097089237e-08,"train_loss":0.3185175867320148,"test_recall":0.8098591549295775,"train_precision":0.8459016393442623,"test_f1":0.8156028368794326,"_runtime":50.819025944,"train_accuracy":0.8558951965065502,"_step":99,"train_recall":0.879045996592845,"_timestamp":1.755174307022808e+09,"epoch":99,"test_accuracy":0.818815331010453,"test_precision":0.8214285714285714,"_wandb":{"runtime":50},"test_loss":0.3795780944491928,"train_f1":0.8621553884711779}