{"epoch":99,"current_lr":6.932463073095399e-09,"_step":99,"train_f1":0.8690476190476191,"train_loss":0.36662103929592454,"train_recall":0.8690476190476191,"val_f1":0.7391304347826086,"val_loss":0.6633331114144037,"_runtime":15.089789315,"val_precision":0.7391304347826086,"_timestamp":1.75207359001877e+09,"val_accuracy":0.6363636363636364,"train_accuracy":0.8320610687022901,"val_recall":0.7391304347826086,"train_precision":0.8690476190476191,"_wandb":{"runtime":15}}