{"test_accuracy":0.7878787878787878,"_timestamp":1.7551735701048672e+09,"train_accuracy":0.8473282442748091,"test_f1":0.8627450980392157,"epoch":99,"_wandb":{"runtime":13},"train_recall":0.9404761904761905,"train_loss":0.338437539930562,"test_precision":0.7857142857142857,"current_lr":9.718950169132548e-08,"test_loss":0.5228048056138285,"train_precision":0.8404255319148937,"_runtime":13.362140376,"train_f1":0.8876404494382022,"test_recall":0.9565217391304348,"_step":99}