{"train_recall":1,"val_loss":0.6193953788641727,"val_recall":1,"train_precision":0.6412213740458015,"current_lr":1.9032782374829153e-06,"train_accuracy":0.6412213740458015,"_timestamp":1.75206988818526e+09,"_runtime":7.106240673,"val_f1":0.8214285714285714,"train_loss":0.6527477803121087,"_step":99,"train_f1":0.7813953488372093,"val_precision":0.696969696969697,"_wandb":{"runtime":7},"val_accuracy":0.696969696969697,"epoch":99}