{"test_f1":0.8627450980392157,"_runtime":10.33180353,"_wandb":{"runtime":10},"test_loss":0.4746929313705275,"epoch":99,"train_accuracy":0.8396946564885496,"test_accuracy":0.7878787878787878,"train_precision":0.8315789473684211,"train_f1":0.88268156424581,"_step":99,"train_recall":0.9404761904761905,"current_lr":1.3569326503430222e-07,"_timestamp":1.7551727894121556e+09,"train_loss":0.33408270446398786,"test_recall":0.9565217391304348,"test_precision":0.7857142857142857}