{"train_recall":1,"train_accuracy":0.6412213740458015,"_runtime":9.907992247,"train_loss":0.44514725044483444,"val_precision":0.696969696969697,"val_loss":1.0537683143559138,"val_recall":1,"val_accuracy":0.696969696969697,"epoch":99,"val_f1":0.8214285714285714,"_wandb":{"runtime":9},"_step":99,"train_precision":0.6412213740458015,"_timestamp":1.7520701930999026e+09,"train_f1":0.7813953488372093,"current_lr":9.9097935396353e-07}