{"test_recall":0.6806663675555469,"_wandb":{"runtime":3085},"test_loss":0.6749275947729523,"_timestamp":1.7554008732851877e+09,"test_precision":0.5767152042047502,"current_lr":2.698827471040509e-08,"train_precision":0.8278185357089385,"test_f1":0.6243938228083675,"_runtime":3085.182098033,"train_accuracy":0.8639516957862282,"train_loss":0.30280700620007295,"test_accuracy":0.7260720904131757,"_step":199,"train_recall":0.8510081576112052,"train_f1":0.8392531876138434,"epoch":199}