{"val_loss":0.693706748169889,"_wandb":{"runtime":54},"train_accuracy":0.5126637554585153,"val_recall":1,"train_recall":1,"train_loss":0.6928270898011053,"_runtime":54.477218574,"val_f1":0.662004662004662,"val_accuracy":0.49477351916376305,"_timestamp":1.7522386371909783e+09,"current_lr":6.95210630832207e-07,"epoch":99,"train_f1":0.6778290993071594,"train_precision":0.5126637554585153,"val_precision":0.49477351916376305,"_step":99}