{"epoch":99,"_wandb":{"runtime":11},"train_precision":0.8222222222222222,"_timestamp":1.7551726024225812e+09,"train_loss":0.29465075576578387,"test_accuracy":0.8181818181818182,"current_lr":1.138613607963371e-07,"test_loss":0.6226931013163377,"train_accuracy":0.8015267175572519,"train_recall":0.8809523809523809,"train_f1":0.8505747126436781,"test_recall":0.9130434782608695,"_runtime":11.045154693,"test_precision":0.84,"_step":99,"test_f1":0.875}