{"train_accuracy":0.5441048034934498,"_timestamp":1.755281351443317e+09,"train_recall":0.2776831345826235,"test_precision":0.5789473684210527,"_wandb":{"runtime":47},"current_lr":1.1396020480942242e-07,"_step":99,"train_precision":0.6245210727969349,"test_recall":0.30985915492957744,"train_f1":0.38443396226415094,"test_accuracy":0.5470383275261324,"test_f1":0.4036697247706422,"_runtime":47.886416192,"epoch":99,"train_loss":0.6713415748687811,"test_loss":0.6832312193897128}