{"test_accuracy":0.6256983240223464,"test_loss":0.6498649413359232,"current_lr":1.0261882883147603e-06,"test_precision":0.5832614322691976,"_runtime":5.163025632,"_step":9,"train_recall":0.8598130841121495,"train_f1":0.7863247863247863,"test_recall":0.9272976680384087,"test_f1":0.7161016949152542,"train_precision":0.7244094488188977,"epoch":9,"train_loss":0.5557974751402692,"_wandb":{"runtime":5},"train_accuracy":0.6951219512195121,"_timestamp":1.7552521469285455e+09}