{"_wandb":{"runtime":9},"val_recall":1,"val_precision":0.696969696969697,"train_recall":1,"epoch":99,"_step":99,"val_f1":0.8214285714285714,"train_loss":0.6535740080680555,"train_accuracy":0.6412213740458015,"val_loss":0.6260093567949353,"_runtime":9.452416545,"_timestamp":1.7520701718002634e+09,"current_lr":3.1784429147364206e-06,"train_f1":0.7813953488372093,"train_precision":0.6412213740458015,"val_accuracy":0.696969696969697}