{"_step":49,"epoch":49,"_timestamp":1.7567156306960862e+09,"test_precision":0.75,"train_precision":0.7704447632711621,"train_roc_auc":0.9292435261001507,"test_loss":0.5123777148615608,"test_accuracy":0.7560975609756098,"_runtime":12.207002732,"test_roc_auc":0.8479358912093249,"_wandb":{"runtime":12},"train_loss":0.3326916519731413,"train_recall":0.9148211243611585,"train_accuracy":0.8165938864628821,"test_recall":0.7605633802816901}