{"test_accuracy":0.7272727272727273,"train_precision":0.8369565217391305,"epoch":99,"test_loss":0.5340181818147275,"_step":99,"train_accuracy":0.8320610687022901,"test_precision":0.7333333333333333,"test_recall":0.9565217391304348,"_runtime":11.116101136,"train_loss":0.32518731956263536,"train_recall":0.9166666666666666,"train_f1":0.875,"_wandb":{"runtime":11},"test_f1":0.8301886792452831,"_timestamp":1.755172958352764e+09,"current_lr":1.5701992289293194e-07}