{"train_accuracy":0.6412213740458015,"train_recall":1,"_runtime":5.141601035,"current_lr":1.072701337360893e-06,"_wandb":{"runtime":5},"val_f1":0.8214285714285714,"epoch":99,"train_f1":0.7813953488372093,"train_precision":0.6412213740458015,"val_loss":0.6174062743331447,"train_loss":0.6531243792926992,"_step":99,"val_recall":1,"_timestamp":1.7545565357783213e+09,"val_precision":0.696969696969697,"val_accuracy":0.696969696969697}