{"_wandb":{"runtime":42},"train_f1":0.860738255033557,"test_accuracy":0.8432055749128919,"epoch":99,"_runtime":42.505643576,"train_accuracy":0.8550218340611354,"train_recall":0.8739352640545145,"test_precision":0.8391608391608392,"train_precision":0.8479338842975207,"test_f1":0.8421052631578947,"test_loss":0.35828056433059613,"_step":99,"current_lr":1.1088574961332758e-07,"test_recall":0.8450704225352113,"_timestamp":1.755176719971551e+09,"train_loss":0.31057501541995586}