{"train_recall":0.8928571428571429,"current_lr":6.932463073095399e-08,"train_accuracy":0.8854961832061069,"_runtime":15.457969215,"_wandb":{"runtime":15},"val_f1":0.7111111111111111,"val_loss":1.4770592523343462,"epoch":99,"train_loss":0.23229669387103946,"val_recall":0.6956521739130435,"val_precision":0.7272727272727273,"train_f1":0.9090909090909091,"val_accuracy":0.6060606060606061,"_step":99,"_timestamp":1.7520747609842415e+09,"train_precision":0.9259259259259259}