{"train_accuracy":0.6412213740458015,"test_accuracy":0.696969696969697,"test_precision":0.696969696969697,"train_recall":1,"epoch":99,"train_f1":0.7813953488372093,"current_lr":5.796764223266538e-07,"_timestamp":1.755287010768098e+09,"_runtime":7.797790113,"train_precision":0.6412213740458015,"test_loss":0.621103253328439,"_step":99,"_wandb":{"runtime":7},"test_f1":0.8214285714285714,"train_loss":0.6527325579228292,"test_recall":1}