{"train_f1":0.8604651162790697,"_wandb":{"runtime":16},"val_accuracy":0.6060606060606061,"train_recall":0.8809523809523809,"val_precision":0.7083333333333334,"epoch":99,"train_loss":0.4610659452795072,"val_loss":0.5900676873597231,"train_precision":0.8409090909090909,"_step":99,"val_recall":0.7391304347826086,"_timestamp":1.7520739468491302e+09,"val_f1":0.723404255319149,"_runtime":16.397111021,"train_accuracy":0.816793893129771,"current_lr":6.932463073095399e-09}