{"current_lr":1.0365976644090813e-06,"_runtime":8.80379598,"val_loss":0.6195618609587351,"epoch":99,"_wandb":{"runtime":8},"_step":99,"train_accuracy":0.6412213740458015,"val_precision":0.696969696969697,"train_recall":1,"train_precision":0.6412213740458015,"val_recall":1,"train_f1":0.7813953488372093,"train_loss":0.6527360238646733,"val_f1":0.8214285714285714,"_timestamp":1.7520681346638532e+09,"val_accuracy":0.696969696969697}