{"_runtime":15.231240918,"train_precision":0.6756756756756757,"val_precision":0.696969696969697,"train_loss":0.5673991914923865,"train_recall":0.8928571428571429,"train_accuracy":0.6564885496183206,"val_recall":1,"_timestamp":1.752073419766847e+09,"train_f1":0.7692307692307693,"val_f1":0.8214285714285714,"_wandb":{"runtime":15},"current_lr":6.932463073095399e-09,"val_loss":0.609157347317898,"_step":99,"val_accuracy":0.696969696969697,"epoch":99}