{"train_f1":0.8994082840236687,"_step":99,"test_accuracy":0.7878787878787878,"test_loss":0.5410979684683932,"_timestamp":1.7551725368242369e+09,"train_precision":0.8941176470588236,"train_loss":0.2912528382912847,"_wandb":{"runtime":8},"epoch":99,"test_precision":0.7857142857142857,"train_accuracy":0.8702290076335878,"_runtime":8.117952643,"train_recall":0.9047619047619048,"current_lr":3.8432898086822596e-08,"test_recall":0.9565217391304348,"test_f1":0.8627450980392157}