{"val_accuracy":0.49477351916376305,"_wandb":{"runtime":56},"train_f1":0.6778290993071594,"train_accuracy":0.5126637554585153,"train_recall":1,"_step":99,"epoch":99,"_runtime":56.807643055,"val_precision":0.49477351916376305,"train_loss":0.6928270840228384,"val_recall":1,"train_precision":0.5126637554585153,"current_lr":6.171690168347313e-07,"val_f1":0.662004662004662,"val_loss":0.6937052657379922,"_timestamp":1.7522410997697785e+09}