{"val_loss":0.6168735081499274,"train_precision":0.7551020408163265,"val_accuracy":0.6060606060606061,"train_accuracy":0.7404580152671756,"val_recall":0.8260869565217391,"epoch":99,"train_recall":0.8809523809523809,"_step":99,"val_precision":0.6785714285714286,"current_lr":9.0211663331806e-09,"val_f1":0.7450980392156863,"_runtime":10.445262652,"train_loss":0.49863626210744144,"train_f1":0.8131868131868132,"_wandb":{"runtime":10},"_timestamp":1.7520746934791389e+09}