{"train_recall":0.9522998296422487,"val_loss":0.6222765481015116,"train_f1":0.87548942834769,"val_recall":0.7605633802816901,"epoch":99,"train_loss":0.33096031135346693,"current_lr":1.1536834754925197e-06,"val_precision":0.6967741935483871,"train_precision":0.8101449275362319,"_runtime":35.396642448,"_timestamp":1.7522388742188594e+09,"val_accuracy":0.7177700348432056,"_wandb":{"runtime":35},"val_f1":0.7272727272727273,"_step":99,"train_accuracy":0.8611353711790393}