loop,colset,n_features,auc,average_precision,uniqueness_ratio,n_rows,n_unique_rows,duplicate_rows
10,motifs_eig_centrality,98,0.9451532224032777,0.8943763274539946,1.0,153252,153252,0
10,motifs_eig,84,0.9168787876150755,0.8466653053512436,0.9918891759977031,153252,152009,1243
10,spectral,31,0.8989730314414017,0.8202679250868067,0.9918891759977031,153252,152009,1243
10,motifs,74,0.8841688573361343,0.8018315331541701,0.9918891759977031,153252,152009,1243
10,eig,10,0.8714147809078081,0.7733455361401491,0.9918891759977031,153252,152009,1243
