{
  "loop": 10,
  "timestamp": "20251102-133538",
  "n_calls": 20,
  "n_splits": 5,
  "n_workers": 4,
  "random_state": 42,
  "feature_count": 84,
  "best_params": {
    "n_estimators": 965,
    "max_depth": 8,
    "learning_rate": 0.06680638507244592,
    "subsample": 0.8085844358612326,
    "colsample_bytree": 0.7728845173203626,
    "reg_alpha": 4.898117539066972,
    "reg_lambda": 9.253356434486522
  },
  "best_cv_score": 0.9168842538009884,
  "cv_auc_mean": 0.9168842538009884,
  "cv_auc_std": 0.0015610757130380452,
  "paths": {
    "run_dir": "/home/ec2-user/ML-correlator/bayes_results/loop10_20251102-133538",
    "history_csv": "/home/ec2-user/ML-correlator/bayes_results/loop10_20251102-133538/history.csv",
    "thresholds_csv": "/home/ec2-user/ML-correlator/bayes_results/loop10_20251102-133538/thresholds.csv",
    "plot_png": "/home/ec2-user/ML-correlator/bayes_results/loop10_20251102-133538/metrics.png"
  }
}