{"val_precision":0.7727272727272727,"train_accuracy":0.9541984732824428,"train_loss":0.09345266023892483,"_timestamp":1.7520741215709321e+09,"train_f1":0.963855421686747,"_step":99,"val_loss":1.637405807297138,"train_recall":0.9523809523809523,"train_precision":0.975609756097561,"epoch":99,"val_recall":0.7391304347826086,"_runtime":15.87660718,"current_lr":6.932463073095399e-08,"_wandb":{"runtime":15},"val_f1":0.7555555555555555,"val_accuracy":0.6666666666666666}