{"val_recall":1,"_wandb":{"runtime":9},"train_f1":0.7813953488372093,"val_precision":0.696969696969697,"train_recall":1,"val_accuracy":0.696969696969697,"val_f1":0.8214285714285714,"train_accuracy":0.6412213740458015,"_timestamp":1.7520691189751415e+09,"train_precision":0.6412213740458015,"_step":99,"train_loss":0.6527617146040647,"val_loss":0.6215447467384916,"epoch":99,"_runtime":9.506589262,"current_lr":1.6638194828940897e-06}