{"_step":99,"val_loss":0.5736940185367438,"val_accuracy":0.7282229965156795,"val_precision":0.7105263157894737,"train_loss":0.3369010354233621,"train_accuracy":0.8384279475982532,"_wandb":{"runtime":58},"val_recall":0.7605633802816901,"_runtime":58.103728458,"val_f1":0.7346938775510204,"train_f1":0.8516439454691259,"current_lr":4.585913937822933e-07,"_timestamp":1.7522400850923648e+09,"epoch":99,"train_precision":0.8045454545454546,"train_recall":0.9045996592844975}