{"train_precision":0.6412213740458015,"train_recall":1,"_runtime":7.6992783970000005,"_step":99,"val_accuracy":0.696969696969697,"_timestamp":1.7520689150045683e+09,"train_f1":0.7813953488372093,"epoch":99,"val_precision":0.696969696969697,"val_f1":0.8214285714285714,"val_recall":1,"train_accuracy":0.6412213740458015,"train_loss":0.6527141808098509,"current_lr":1.5641498981145976e-06,"_wandb":{"runtime":7},"val_loss":0.6205752708695151}