{"val_f1":0.782608695652174,"_step":99,"val_accuracy":0.696969696969697,"train_f1":0.9822485207100592,"epoch":99,"train_recall":0.9880952380952381,"train_accuracy":0.9770992366412213,"_timestamp":1.755250739939575e+09,"val_loss":0.5631078302747372,"val_precision":0.782608695652174,"train_precision":0.9764705882352941,"_runtime":11.044397646,"_wandb":{"runtime":11},"train_loss":0.1071846155833652,"val_recall":0.782608695652174,"current_lr":1.80423326663612e-07}