{"train_recall":1,"train_f1":0.7813953488372093,"current_lr":1.5838517449507973e-06,"test_loss":0.6199823103167794,"_timestamp":1.7552846851877005e+09,"train_accuracy":0.6412213740458015,"test_accuracy":0.696969696969697,"_wandb":{"runtime":6},"test_recall":1,"test_f1":0.8214285714285714,"test_precision":0.696969696969697,"epoch":99,"train_loss":0.6527171075799083,"_runtime":6.02261976,"train_precision":0.6412213740458015,"_step":99}