{"train_precision":0.8026706231454006,"_runtime":26.930728127,"train_f1":0.8580491673275178,"_timestamp":1.7552841129794116e+09,"train_recall":0.9216354344122658,"train_loss":0.31656485949541285,"test_precision":0.7972972972972973,"test_recall":0.8309859154929577,"epoch":99,"test_f1":0.8137931034482758,"test_accuracy":0.8118466898954704,"train_accuracy":0.8436681222707424,"_wandb":{"runtime":26},"test_loss":0.40891971259997695,"current_lr":4.0521507232515884e-07,"_step":99}