{"train_recall":0.8928571428571429,"train_f1":0.9036144578313253,"train_precision":0.9146341463414634,"val_accuracy":0.6363636363636364,"train_accuracy":0.8778625954198473,"_step":99,"val_recall":0.6956521739130435,"epoch":99,"current_lr":1.3864926146190798e-08,"val_loss":0.8042548377151516,"_runtime":13.828166938,"_wandb":{"runtime":13},"train_loss":0.2987434968693566,"val_f1":0.7272727272727273,"val_precision":0.7619047619047619,"_timestamp":1.7520740933637083e+09}