{"test_precision":0.696969696969697,"_runtime":16.496275257,"_wandb":{"runtime":16},"current_lr":2.420459299584632e-07,"train_precision":0.6412213740458015,"train_f1":0.7813953488372093,"test_recall":1,"_timestamp":1.7552865994156303e+09,"test_accuracy":0.696969696969697,"test_f1":0.8214285714285714,"train_accuracy":0.6412213740458015,"_step":99,"train_recall":1,"train_loss":0.6337578583309669,"test_loss":0.5951167634039214,"epoch":99}