{"train_loss":0.6527462492462333,"_wandb":{"runtime":10},"_runtime":10.280919573,"val_precision":0.696969696969697,"val_accuracy":0.696969696969697,"val_recall":1,"train_precision":0.6412213740458015,"_timestamp":1.7520703870088177e+09,"train_recall":1,"_step":99,"epoch":99,"train_accuracy":0.6412213740458015,"val_loss":0.6194171192068042,"current_lr":2.701859751529413e-06,"train_f1":0.7813953488372093,"val_f1":0.8214285714285714}