{"current_lr":7.008871939433247e-07,"test_precision":0.696969696969697,"train_recall":1,"test_recall":1,"train_loss":0.6527205746592456,"_step":99,"_runtime":25.578347496,"train_f1":0.7813953488372093,"test_f1":0.8214285714285714,"_timestamp":1.7552873274593637e+09,"test_loss":0.6208254713000674,"train_accuracy":0.6412213740458015,"test_accuracy":0.696969696969697,"train_precision":0.6412213740458015,"epoch":99,"_wandb":{"runtime":25}}