{"epoch":99,"test_recall":0.9636106694930224,"test_loss":7.55848561205565,"train_precision":0.8949880668257757,"train_f1":0.8960573476702509,"test_f1":0.6110675478884283,"test_precision":0.4473878454851144,"current_lr":3.8342508799340714e-08,"train_recall":0.8971291866028708,"train_loss":0.2530471506274135,"_timestamp":1.755327674661415e+09,"test_accuracy":0.503006012024048,"_runtime":144.06017851,"train_accuracy":0.8909774436090225,"_step":99,"_wandb":{"runtime":144}}