{"train_loss":0.6928269054691865,"train_accuracy":0.5126637554585153,"test_loss":0.6937136378022436,"epoch":99,"test_accuracy":0.49477351916376305,"test_precision":0.49477351916376305,"train_precision":0.5126637554585153,"_step":99,"_runtime":27.492489829,"_timestamp":1.755284074523325e+09,"train_f1":0.6778290993071594,"_wandb":{"runtime":27},"train_recall":1,"test_recall":1,"test_f1":0.662004662004662,"current_lr":1.1528503693991466e-06}