{"train_accuracy":0.8791267782052429,"_runtime":176.60919445,"train_precision":0.8063461538461538,"test_loss":0.3097289763750885,"train_recall":0.9241789728895746,"train_loss":0.25858065690200316,"test_roc_auc":0.9397136839235781,"_timestamp":1.7567176424916892e+09,"train_roc_auc":0.956859380435562,"test_accuracy":0.8525939177101968,"epoch":49,"test_recall":0.8798932384341637,"_wandb":{"runtime":176},"test_precision":0.7812006319115324,"_step":49}