{"train_precision":0.8637236084452975,"train_loss":0.3647222493933798,"val_f1":0.6666666666666666,"current_lr":6.023149597347844e-07,"train_accuracy":0.8183406113537118,"val_loss":0.5795069797944524,"_runtime":64.886837618,"_step":99,"epoch":99,"_timestamp":1.7522361194107828e+09,"val_precision":0.712,"_wandb":{"runtime":64},"val_accuracy":0.6898954703832753,"train_f1":0.8122743682310469,"val_recall":0.6267605633802817,"train_recall":0.7666098807495741}