{"_wandb":{"runtime":11},"_timestamp":1.7552864737861614e+09,"test_loss":0.6205398458423037,"test_recall":1,"epoch":99,"train_recall":1,"train_loss":0.6527136746253676,"test_precision":0.696969696969697,"train_f1":0.7813953488372093,"train_precision":0.6412213740458015,"test_accuracy":0.696969696969697,"test_f1":0.8214285714285714,"_runtime":11.906255193,"_step":99,"train_accuracy":0.6412213740458015,"current_lr":2.9771299712364193e-07}