{"val_precision":0.7142857142857143,"_timestamp":1.7520742635827382e+09,"train_recall":0.8928571428571429,"_wandb":{"runtime":12},"val_accuracy":0.6666666666666666,"_runtime":12.633375692,"val_f1":0.7843137254901961,"current_lr":1.3864926146190798e-08,"val_recall":0.8695652173913043,"train_loss":0.4980153882776508,"_step":99,"epoch":99,"train_precision":0.75,"train_f1":0.8152173913043478,"val_loss":0.615687407553196,"train_accuracy":0.7404580152671756}