{"_runtime":6.806280092,"train_loss":0.6527233617451355,"_step":99,"test_recall":1,"_timestamp":1.7552894442897549e+09,"test_loss":0.6209002263618238,"test_precision":0.696969696969697,"test_f1":0.8214285714285714,"train_accuracy":0.6412213740458015,"epoch":99,"train_recall":1,"test_accuracy":0.696969696969697,"train_f1":0.7813953488372093,"train_precision":0.6412213740458015,"current_lr":1.072701337360893e-06,"_wandb":{"runtime":6}}