{"test_recall":0.9130434782608695,"train_recall":0.9047619047619048,"test_accuracy":0.7575757575757576,"train_f1":0.8786127167630058,"test_f1":0.84,"epoch":99,"_timestamp":1.755175977840319e+09,"train_precision":0.8539325842696629,"train_accuracy":0.8396946564885496,"current_lr":1.1884485228791806e-07,"_step":99,"test_loss":0.5521708710796454,"_wandb":{"runtime":13},"_runtime":13.073896416,"train_loss":0.3121584808553448,"test_precision":0.7777777777777778}