{"test_recall":0.6338028169014085,"epoch":99,"_timestamp":1.7552812369092307e+09,"train_recall":0.6831345826235093,"test_precision":0.7086614173228346,"train_precision":0.7109929078014184,"train_f1":0.6967854039965248,"_runtime":58.676500274,"test_accuracy":0.6898954703832753,"_wandb":{"runtime":58},"train_loss":0.5668883165938365,"_step":99,"test_loss":0.5580764419110394,"train_accuracy":0.6951965065502184,"test_f1":0.6691449814126395,"current_lr":8.989641723464789e-08}