{"val_recall":1,"train_accuracy":0.6412213740458015,"current_lr":1.8293912098855789e-06,"val_precision":0.696969696969697,"_runtime":13.989874812,"_timestamp":1.7520698706221054e+09,"train_loss":0.6527832202783977,"train_recall":1,"train_f1":0.7813953488372093,"_wandb":{"runtime":13},"_step":99,"val_accuracy":0.696969696969697,"val_f1":0.8214285714285714,"val_loss":0.6190265760277257,"train_precision":0.6412213740458015,"epoch":99}