{"_wandb":{"runtime":47},"train_accuracy":0.8506550218340612,"train_precision":0.8466666666666667,"train_loss":0.2999065972051246,"train_f1":0.8559393428812131,"test_precision":0.8455882352941176,"_runtime":47.713049193,"test_recall":0.8098591549295775,"_timestamp":1.7551763712882197e+09,"_step":99,"test_loss":0.37275332253984456,"test_accuracy":0.8327526132404182,"current_lr":6.229412924987593e-08,"epoch":99,"test_f1":0.8273381294964028,"train_recall":0.8654173764906303}