{"_runtime":39.922164806,"val_f1":0.7508771929824561,"train_f1":0.9081718618365627,"val_recall":0.7535211267605634,"val_accuracy":0.7526132404181185,"train_accuracy":0.9048034934497816,"train_loss":0.22982129842433346,"train_precision":0.8983333333333333,"current_lr":6.860370497126612e-07,"val_loss":0.7025592391499244,"epoch":99,"val_precision":0.7482517482517482,"_step":99,"train_recall":0.9182282793867121,"_timestamp":1.7522364772546499e+09,"_wandb":{"runtime":39}}