{"train_f1":0.7378486055776893,"test_f1":0.6744868035190615,"_step":99,"train_loss":0.5538231491001412,"_runtime":34.844739975,"test_loss":0.6717781767197187,"train_precision":0.6931137724550899,"train_accuracy":0.7126637554585152,"epoch":99,"test_recall":0.8098591549295775,"_wandb":{"runtime":34},"test_precision":0.5778894472361809,"current_lr":9.00916547872325e-08,"_timestamp":1.7552600920643413e+09,"test_accuracy":0.6132404181184669,"train_recall":0.7887563884156729}