{
  "loop": 8,
  "timestamp": "20251102-083620",
  "n_calls": 20,
  "n_splits": 5,
  "n_workers": 4,
  "random_state": 42,
  "feature_count": 31,
  "best_params": {
    "n_estimators": 215,
    "max_depth": 7,
    "learning_rate": 0.06284846545853807,
    "subsample": 0.9021445641270611,
    "colsample_bytree": 0.7700623497964979,
    "reg_alpha": 1.0397083143409445,
    "reg_lambda": 5.677003278199916
  },
  "best_cv_score": 0.848255950406776,
  "cv_auc_mean": 0.848255950406776,
  "cv_auc_std": 0.004723065016629634,
  "paths": {
    "run_dir": "/home/ec2-user/ML-correlator/bayes_results/loop8_20251102-083620",
    "history_csv": "/home/ec2-user/ML-correlator/bayes_results/loop8_20251102-083620/history.csv",
    "thresholds_csv": "/home/ec2-user/ML-correlator/bayes_results/loop8_20251102-083620/thresholds.csv",
    "plot_png": "/home/ec2-user/ML-correlator/bayes_results/loop8_20251102-083620/metrics.png"
  }
}