{"current_lr":6.090949342774801e-08,"_step":199,"_wandb":{"runtime":100},"_runtime":100.410905469,"_timestamp":1.7561269435482826e+09,"test_loss":0.763538142945293,"test_recall":0.7887323943661971,"epoch":199,"train_roc_auc":0.4917706215310216,"train_loss":0.14700041264946284,"train_recall":0.9880749574105622,"train_f1":0.9570957095709571,"test_precision":0.7671232876712328,"train_precision":0.928,"test_roc_auc":0.8875182127246236,"test_f1":0.7777777777777778}