{"test_recall":1,"test_loss":0.6209272904829546,"test_f1":0.8214285714285714,"train_loss":0.6527244771709879,"_wandb":{"runtime":14},"current_lr":5.874312442845401e-07,"test_accuracy":0.696969696969697,"test_precision":0.696969696969697,"train_accuracy":0.6412213740458015,"train_precision":0.6412213740458015,"_timestamp":1.755286912016539e+09,"_runtime":14.107494915,"epoch":99,"train_f1":0.7813953488372093,"_step":99,"train_recall":1}