{"train_accuracy":0.8719512195121951,"train_roc_auc":0.9413018527627479,"test_precision":0.6283482142857143,"test_loss":1.0834189622595323,"_wandb":{"runtime":79},"test_pr_auc":0.7545149542276449,"train_pr_auc":0.9665629191042266,"test_recall":0.7722908093278463,"train_recall":0.9158878504672897,"train_loss":0.29735743817759724,"_runtime":79.481625956,"epoch":99,"_step":99,"train_precision":0.8909090909090909,"test_accuracy":0.651536312849162,"test_roc_auc":0.7394548544646011,"_timestamp":1.757524158127171e+09}