{"_runtime":22.328937581,"test_recall":1,"train_loss":0.6528111300395645,"_timestamp":1.7552883341068926e+09,"test_accuracy":0.696969696969697,"train_precision":0.6412213740458015,"_step":99,"test_precision":0.696969696969697,"test_f1":0.8214285714285714,"train_f1":0.7813953488372093,"test_loss":0.6220720193602822,"epoch":99,"_wandb":{"runtime":22},"train_accuracy":0.6412213740458015,"current_lr":8.695146409387745e-07,"train_recall":1}