{"epoch":99,"train_precision":0.8564705882352941,"test_f1":0.40815796310730057,"test_precision":0.771232204221895,"_runtime":252.579709443,"_step":99,"test_recall":0.27751280692457164,"train_recall":0.8708133971291866,"train_f1":0.863582443653618,"test_accuracy":0.6739192671056399,"_timestamp":1.7553279390310545e+09,"train_loss":0.2842862404005271,"_wandb":{"runtime":252},"test_loss":2.1628683318581943,"train_accuracy":0.8558897243107769,"current_lr":6.064554959853797e-08}