{"train_f1":0.7570621468926554,"test_recall":0.6086956521739131,"test_accuracy":0.5454545454545454,"_runtime":22.36914529,"_timestamp":1.755288739865639e+09,"test_precision":0.7,"test_loss":0.6283274944942219,"_wandb":{"runtime":22},"train_precision":0.7204301075268817,"train_recall":0.7976190476190477,"train_loss":0.49369322810009236,"current_lr":1.3584586799477024e-07,"_step":99,"test_f1":0.6511627906976745,"epoch":99,"train_accuracy":0.6717557251908397}