{"test_recall":0.6690140845070423,"test_accuracy":0.6968641114982579,"_wandb":{"runtime":58},"epoch":99,"_runtime":58.677561054,"train_f1":0.6646106399383191,"current_lr":1.1313950044379634e-07,"train_loss":0.6264923092579737,"train_recall":0.7342419080068143,"train_accuracy":0.6200873362445415,"train_precision":0.6070422535211267,"_timestamp":1.7552815556599746e+09,"test_loss":0.6065006532320162,"_step":99,"test_precision":0.7037037037037037,"test_f1":0.6859205776173285}