{"_runtime":255.046729102,"epoch":99,"test_precision":0.5185894547093285,"train_accuracy":0.8508771929824561,"_wandb":{"runtime":255},"test_f1":0.6332805943454634,"test_recall":0.8131072248719308,"test_loss":1.583801530161859,"current_lr":8.898932381897446e-08,"test_accuracy":0.6184511880904666,"train_recall":0.881578947368421,"_step":99,"train_f1":0.860981308411215,"train_loss":0.30677690444733563,"train_precision":0.841324200913242,"_timestamp":1.7552451845458968e+09}