{"_step":99,"train_f1":0.6778290993071594,"val_precision":0.49477351916376305,"train_loss":0.6928271514880084,"epoch":99,"_timestamp":1.7522354751496942e+09,"val_f1":0.662004662004662,"val_loss":0.6937097799071867,"val_recall":1,"train_precision":0.5126637554585153,"val_accuracy":0.49477351916376305,"current_lr":8.753037620413419e-07,"_wandb":{"runtime":68},"_runtime":68.370457404,"train_accuracy":0.5126637554585153,"train_recall":1}