{"val_recall":0.9565217391304348,"_wandb":{"runtime":7},"train_loss":0.49485426822691475,"train_precision":0.7522935779816514,"_runtime":7.168300709,"train_accuracy":0.7786259541984732,"_step":99,"epoch":99,"val_accuracy":0.6666666666666666,"val_f1":0.8,"_timestamp":1.7512873587209332e+09,"train_f1":0.8497409326424871,"val_loss":0.8101123688798962,"val_precision":0.6875,"train_recall":0.9761904761904762,"current_lr":5.412699799908361e-07}