{"_wandb":{"runtime":9},"epoch":99,"val_loss":0.7560536861419678,"current_lr":7.19383905489516e-07,"train_recall":0.9642857142857143,"val_recall":0.9565217391304348,"train_loss":0.5181928422614819,"val_accuracy":0.6666666666666666,"train_f1":0.84375,"_timestamp":1.75206827828864e+09,"train_precision":0.75,"_runtime":9.887763794,"val_f1":0.8,"_step":99,"train_accuracy":0.7709923664122137,"val_precision":0.6875}