{"epoch":99,"_step":99,"train_accuracy":0.9847328244274809,"train_f1":0.9880952380952381,"val_precision":0.7272727272727273,"train_precision":0.9880952380952381,"current_lr":3.347888686208285e-07,"_wandb":{"runtime":6},"val_recall":0.6956521739130435,"train_recall":0.9880952380952381,"val_accuracy":0.6060606060606061,"val_f1":0.7111111111111111,"train_loss":0.08088854342016555,"_runtime":6.65842471,"_timestamp":1.7520701529709437e+09,"val_loss":1.8000550952318448}