{"val_f1":0.76,"val_accuracy":0.6363636363636364,"_runtime":13.647084676,"train_f1":0.8850574712643678,"train_recall":0.9166666666666666,"val_recall":0.8260869565217391,"train_accuracy":0.8473282442748091,"_step":99,"_wandb":{"runtime":13},"val_loss":0.8674939282125596,"epoch":99,"train_loss":0.2857356230721219,"val_precision":0.7037037037037037,"train_precision":0.8555555555555555,"_timestamp":1.7520731745460947e+09,"current_lr":1.3864926146190798e-08}