{"_runtime":390.765091315,"test_precision":0.6355255070682237,"train_loss":0.4158495262750707,"_timestamp":1.7552569577990196e+09,"test_accuracy":0.7210850271972516,"epoch":99,"current_lr":7.360318010502e-08,"test_recall":0.7306129659070836,"train_accuracy":0.7781954887218046,"train_precision":0.7547568710359408,"_step":99,"test_loss":0.5688444010767453,"train_f1":0.8013468013468014,"test_f1":0.6797600460185718,"_wandb":{"runtime":390},"train_recall":0.854066985645933}