{"_runtime":7.037900634,"_timestamp":1.752069215324159e+09,"val_recall":1,"_wandb":{"runtime":7},"current_lr":3.125818254141386e-06,"train_f1":0.7813953488372093,"val_precision":0.696969696969697,"train_recall":1,"train_loss":0.6527401832223848,"val_accuracy":0.696969696969697,"train_accuracy":0.6412213740458015,"val_f1":0.8214285714285714,"_step":99,"val_loss":0.6212384763992194,"train_precision":0.6412213740458015,"epoch":99}