{"train_loss":0.06627193925999854,"_step":99,"_runtime":53.477022491,"_wandb":{"runtime":53},"val_accuracy":0.735191637630662,"val_precision":0.6987951807228916,"train_f1":0.9779286926994907,"val_loss":1.3894320078427784,"train_precision":0.9746192893401016,"val_recall":0.8169014084507042,"val_f1":0.7532467532467533,"_timestamp":1.7522414890111477e+09,"epoch":99,"current_lr":6.17745001571845e-08,"train_recall":0.9812606473594548,"train_accuracy":0.977292576419214}