{"_wandb":{"runtime":15},"val_recall":0.6956521739130435,"val_f1":0.6956521739130435,"val_loss":2.5096065549490354,"epoch":99,"train_precision":1,"val_precision":0.6956521739130435,"val_accuracy":0.5757575757575758,"_step":99,"train_f1":1,"_runtime":15.311246765,"train_accuracy":1,"train_recall":1,"_timestamp":1.7520685440802479e+09,"train_loss":0.024334675255622572,"current_lr":4.1389432855767684e-07}