{"val_loss":0.8101123688798962,"val_recall":0.9565217391304348,"train_loss":0.49485426822691475,"_runtime":5.258490056,"epoch":99,"val_f1":0.8,"train_accuracy":0.7786259541984732,"val_accuracy":0.6666666666666666,"_timestamp":1.7493963861240275e+09,"val_precision":0.6875,"train_precision":0.7522935779816514,"current_lr":5.412699799908361e-07,"train_recall":0.9761904761904762,"_wandb":{"runtime":5},"_step":99,"train_f1":0.8497409326424871}