{"current_lr":9.021166333180599e-07,"test_f1":0.8214285714285714,"train_f1":0.7813953488372093,"_timestamp":1.7552891333495026e+09,"train_accuracy":0.6412213740458015,"train_loss":0.6527831263214577,"_step":99,"test_accuracy":0.696969696969697,"train_precision":0.6412213740458015,"_runtime":7.5770179330000005,"test_recall":1,"train_recall":1,"_wandb":{"runtime":7},"test_loss":0.6190263773455764,"epoch":99,"test_precision":0.696969696969697}