{"val_precision":0.6785714285714286,"_runtime":10.043020371,"val_recall":0.8260869565217391,"val_accuracy":0.6060606060606061,"train_recall":0.8928571428571429,"train_f1":0.8241758241758241,"_wandb":{"runtime":10},"_step":99,"epoch":99,"train_loss":0.43830702641538083,"val_f1":0.7450980392156863,"train_accuracy":0.7557251908396947,"val_loss":0.7614262218050885,"train_precision":0.7653061224489796,"current_lr":9.0211663331806e-09,"_timestamp":1.7520716295677032e+09}