{"current_lr":1.2116558110572771e-08,"val_accuracy":0.7177700348432056,"_wandb":{"runtime":34},"train_f1":0.7930174563591023,"val_precision":0.7019867549668874,"train_loss":0.47647713245783313,"val_f1":0.7235494880546075,"train_precision":0.7743506493506493,"train_accuracy":0.7825327510917031,"train_recall":0.8126064735945485,"val_recall":0.7464788732394366,"epoch":99,"_timestamp":1.7530943909349291e+09,"val_loss":0.5390131652147513,"_runtime":34.926536403,"_step":99}