{"train_loss":0.692826598856647,"_timestamp":1.7522402482493005e+09,"val_accuracy":0.49477351916376305,"val_precision":0.49477351916376305,"_runtime":74.976835451,"_wandb":{"runtime":74},"val_f1":0.662004662004662,"_step":99,"epoch":99,"val_recall":1,"current_lr":9.5900609683195e-07,"train_recall":1,"train_precision":0.5126637554585153,"val_loss":0.6937189889286454,"train_accuracy":0.5126637554585153,"train_f1":0.6778290993071594}