{
  "loop": 9,
  "timestamp": "20251101-234842",
  "n_calls": 20,
  "n_splits": 5,
  "n_workers": 4,
  "random_state": 42,
  "feature_count": 31,
  "best_params": {
    "n_estimators": 921,
    "max_depth": 16,
    "learning_rate": 0.029012712518855087,
    "subsample": 0.9852912765419871,
    "colsample_bytree": 0.6051933918413337,
    "reg_alpha": 1.2830965862925594,
    "reg_lambda": 9.773494740953282
  },
  "best_cv_score": 0.8830496061586037,
  "cv_auc_mean": 0.8830496061586037,
  "cv_auc_std": 0.0035311010409313287,
  "paths": {
    "run_dir": "/home/ec2-user/ML-correlator/bayes_results/loop9_20251101-234842",
    "history_csv": "/home/ec2-user/ML-correlator/bayes_results/loop9_20251101-234842/history.csv",
    "thresholds_csv": "/home/ec2-user/ML-correlator/bayes_results/loop9_20251101-234842/thresholds.csv",
    "plot_png": "/home/ec2-user/ML-correlator/bayes_results/loop9_20251101-234842/metrics.png"
  }
}