{"train_loss":0.6536499685003557,"train_precision":0.6412213740458015,"current_lr":1.9725510297620617e-06,"test_recall":1,"train_recall":1,"_wandb":{"runtime":6},"_timestamp":1.755285589633225e+09,"test_loss":0.6162232675335624,"train_accuracy":0.6412213740458015,"test_accuracy":0.696969696969697,"epoch":99,"_runtime":6.1629926,"test_f1":0.8214285714285714,"train_f1":0.7813953488372093,"_step":99,"test_precision":0.696969696969697}