{"epoch":99,"_step":99,"_timestamp":1.7520745229199991e+09,"train_loss":0.6415080086875508,"train_f1":0.751269035532995,"train_precision":0.6548672566371682,"val_accuracy":0.696969696969697,"val_recall":1,"val_loss":0.6198886348442598,"train_accuracy":0.6259541984732825,"val_precision":0.696969696969697,"val_f1":0.8214285714285714,"_wandb":{"runtime":11},"_runtime":11.430991838,"train_recall":0.8809523809523809,"current_lr":9.0211663331806e-09}