{"epoch":99,"_step":99,"test_accuracy":0.6564245810055865,"test_recall":0.8861454046639232,"train_accuracy":0.7621951219512195,"train_recall":0.9065420560747663,"_timestamp":1.7552516287973511e+09,"train_f1":0.8326180257510729,"train_loss":0.46158733019014686,"current_lr":1.6196072959896247e-08,"_runtime":27.092780249,"_wandb":{"runtime":27},"train_precision":0.7698412698412699,"test_f1":0.7242152466367713,"test_loss":0.8502410558681914,"test_precision":0.6123222748815166}