{"epoch":99,"train_loss":0.6527129880344594,"test_precision":0.696969696969697,"train_precision":0.6412213740458015,"train_f1":0.7813953488372093,"test_loss":0.6204873567277734,"_runtime":5.566227418,"train_accuracy":0.6412213740458015,"current_lr":1.7258955180688141e-06,"_step":99,"_wandb":{"runtime":5},"train_recall":1,"test_f1":0.8214285714285714,"test_accuracy":0.696969696969697,"_timestamp":1.7552846058793066e+09,"test_recall":1}