{"val_f1":0.8214285714285714,"val_precision":0.696969696969697,"current_lr":1.072701337360893e-06,"train_precision":0.6412213740458015,"_wandb":{"runtime":5},"epoch":99,"val_recall":1,"train_loss":0.6528228084549649,"train_f1":0.7813953488372093,"val_accuracy":0.696969696969697,"val_loss":0.6221778266357653,"train_recall":1,"_step":99,"_timestamp":1.754555025887327e+09,"_runtime":5.058451216,"train_accuracy":0.6412213740458015}