{"_timestamp":1.7552595065583794e+09,"_step":99,"current_lr":1.80423326663612e-07,"train_loss":0.12046797903439471,"test_loss":1.4962933930483722,"_runtime":8.964139182,"train_precision":1,"train_f1":0.9818181818181818,"test_f1":0.8,"test_accuracy":0.7272727272727273,"_wandb":{"runtime":8},"train_recall":0.9642857142857143,"train_accuracy":0.9770992366412213,"test_recall":0.782608695652174,"epoch":99,"test_precision":0.8181818181818182}