{"epoch":99,"_runtime":48.07438623,"test_loss":0.7993039291494815,"_step":99,"train_loss":0.24817982308208683,"test_f1":0.7232704402515723,"train_precision":0.8934707903780069,"_wandb":{"runtime":48},"test_accuracy":0.6933797909407665,"_timestamp":1.7552897933537314e+09,"test_recall":0.8098591549295775,"train_f1":0.8896492728828058,"current_lr":9.614944354341793e-08,"train_accuracy":0.8873362445414847,"test_precision":0.6534090909090909,"train_recall":0.8858603066439523}