{"train_precision":0.8092761161681837,"train_recall":0.823010800088164,"test_loss":0.3363885680976622,"_timestamp":1.755179850695196e+09,"train_f1":0.8160856736968637,"current_lr":1.4109330668565958e-08,"train_accuracy":0.8494229220721123,"test_recall":0.7927046263345195,"_wandb":{"runtime":488},"epoch":99,"test_accuracy":0.8425760286225402,"_runtime":488.789342212,"test_f1":0.801980198019802,"_step":99,"train_loss":0.32560296881558315,"test_precision":0.8114754098360656}