{"train_f1":0.7813953488372093,"test_accuracy":0.696969696969697,"_timestamp":1.7552871028121638e+09,"train_precision":0.6412213740458015,"_step":99,"train_accuracy":0.6412213740458015,"test_recall":1,"_runtime":10.954907514,"test_f1":0.8214285714285714,"_wandb":{"runtime":10},"test_precision":0.696969696969697,"current_lr":4.0821194451162197e-07,"epoch":99,"test_loss":0.6212371154264971,"train_loss":0.6527400867629597,"train_recall":1}