{"current_lr":1.6196072959896247e-08,"test_f1":0.7171052631578947,"train_loss":0.45396506713657847,"epoch":99,"_timestamp":1.755251676798805e+09,"train_f1":0.853448275862069,"_wandb":{"runtime":31},"train_accuracy":0.7926829268292683,"test_recall":0.897119341563786,"_runtime":31.05131492,"train_precision":0.792,"train_recall":0.9252336448598131,"test_precision":0.5972602739726027,"test_loss":0.8756259793009837,"_step":99,"test_accuracy":0.6396648044692738}