{"test_accuracy":0.696969696969697,"_wandb":{"runtime":6},"test_precision":0.696969696969697,"train_loss":0.6530983388878917,"test_loss":0.6174885179057266,"_timestamp":1.755285652653012e+09,"epoch":99,"current_lr":1.127461209475466e-06,"train_accuracy":0.6412213740458015,"train_precision":0.6412213740458015,"test_f1":0.8214285714285714,"_step":99,"_runtime":6.202904603,"test_recall":1,"train_f1":0.7813953488372093,"train_recall":1}