{"test_loss":0.7561657765424697,"train_precision":0.7352320675105485,"test_precision":0.7407809110629068,"_wandb":{"runtime":200},"train_accuracy":0.7556390977443609,"_runtime":200.347914071,"train_recall":0.833732057416268,"epoch":99,"test_f1":0.4862940548237807,"test_recall":0.36195018547959723,"_timestamp":1.7553070586235344e+09,"test_accuracy":0.6901660463784712,"train_f1":0.781390134529148,"current_lr":1.4384185604192265e-08,"train_loss":0.47923177062419425,"_step":99}