{"_step":99,"test_f1":0.8214285714285714,"epoch":99,"train_recall":1,"test_loss":0.6243953352624719,"test_recall":1,"train_precision":0.6412213740458015,"_runtime":9.449305781,"_wandb":{"runtime":9},"_timestamp":1.7552881951699076e+09,"current_lr":8.619894141666866e-07,"train_accuracy":0.6412213740458015,"test_precision":0.696969696969697,"train_loss":0.6531887634564902,"test_accuracy":0.696969696969697,"train_f1":0.7813953488372093}