{"epoch":99,"train_loss":0.6127439778269702,"train_recall":0.9047619047619048,"_timestamp":1.7520742135849593e+09,"val_accuracy":0.696969696969697,"val_recall":1,"val_f1":0.8214285714285714,"current_lr":6.932463073095399e-09,"_step":99,"train_f1":0.7875647668393783,"train_precision":0.6972477064220184,"val_loss":0.6091258011081002,"_runtime":14.35816508,"train_accuracy":0.6870229007633588,"_wandb":{"runtime":14},"val_precision":0.696969696969697}