{"test_f1":0.8214285714285714,"train_loss":0.6527126185766613,"epoch":99,"current_lr":6.314790426766634e-07,"_runtime":10.273845187,"_timestamp":1.7552888114315097e+09,"test_accuracy":0.696969696969697,"test_loss":0.6204498744372166,"train_precision":0.6412213740458015,"train_f1":0.7813953488372093,"_wandb":{"runtime":10},"train_recall":1,"test_recall":1,"_step":99,"test_precision":0.696969696969697,"train_accuracy":0.6412213740458015}