{"_timestamp":1.7552867124004605e+09,"_runtime":19.091859089,"train_loss":0.6528270858844728,"train_recall":1,"train_precision":0.6412213740458015,"test_f1":0.8214285714285714,"test_precision":0.696969696969697,"current_lr":4.62518127927187e-07,"train_f1":0.7813953488372093,"_wandb":{"runtime":19},"test_accuracy":0.696969696969697,"train_accuracy":0.6412213740458015,"test_loss":0.6186916746876456,"epoch":99,"test_recall":1,"_step":99}