{"train_accuracy":0.975609756097561,"epoch":99,"_wandb":{"runtime":31},"train_pr_auc":0.9994758214224184,"test_precision":0.6675094816687737,"test_roc_auc":0.7527673872703112,"train_precision":0.9904761904761905,"test_accuracy":0.6759776536312849,"_timestamp":1.7575222893482924e+09,"_step":99,"train_roc_auc":0.9990162321692081,"test_recall":0.7242798353909465,"train_recall":0.9719626168224299,"_runtime":31.199932996,"test_loss":1.920743993020424,"test_pr_auc":0.76083822386827,"train_loss":0.04636079200157305}