{"test_recall":0.9130434782608695,"_timestamp":1.7551758886933143e+09,"train_f1":0.8864864864864865,"test_loss":0.6259502375949965,"train_recall":0.9761904761904762,"train_loss":0.3382781812252889,"current_lr":1.454269786340707e-07,"_wandb":{"runtime":9},"_runtime":9.219745085,"test_f1":0.8076923076923077,"test_accuracy":0.696969696969697,"test_precision":0.7241379310344828,"epoch":99,"train_precision":0.8118811881188119,"_step":99,"train_accuracy":0.8396946564885496}