{"test_loss":1.6015259461023337,"_wandb":{"runtime":267},"test_accuracy":0.6319066704838248,"train_recall":0.8767942583732058,"test_f1":0.644353779130074,"_timestamp":1.7552464038877678e+09,"test_precision":0.5294318181818182,"epoch":99,"train_loss":0.31658477659213513,"test_recall":0.8229994700582935,"train_precision":0.8425287356321839,"_step":99,"train_accuracy":0.849624060150376,"current_lr":1.1165610301159392e-07,"_runtime":267.199318369,"train_f1":0.8593200468933178}