{"fold_2/test_loss":0.5110835483840978,"fold_3/lr":0.00613844645174684,"fold_1/lr":0.004743579517902663,"fold_0/test_accuracy":0.7681564245810056,"fold":3,"fold_1/val_accuracy":0.7374301675977654,"epoch":67,"fold_1/val_loss":0.49205950150887173,"_wandb":{"runtime":69},"std_accuracy":0.014294336236353865,"fold_2/val_loss":0.5110835483840978,"fold_2/test_accuracy":0.7681564245810056,"_timestamp":1.7486171542257063e+09,"fold_2/train_loss":0.32575614224461946,"fold_1/test_loss":0.49205950150887173,"_runtime":69.428300564,"fold_3/test_accuracy":0.7737430167597765,"fold_accuracies":[0.7681564245810056,0.7374301675977654,0.7681564245810056,0.7737430167597765],"fold_3/val_loss":0.45164382788734275,"mean_accuracy":0.7618715083798884,"fold_0/val_accuracy":0.7681564245810056,"fold_2/val_accuracy":0.7681564245810056,"fold_0/test_loss":0.48780510139962036,"fold_3/train_loss":0.3467163014061311,"fold_3/test_loss":0.45164382788734275,"feature_importance":{"path":"media/images/feature_importance_199_915a2c60b163196bf063.png","format":"png","width":1000,"height":600,"_type":"image-file","sha256":"915a2c60b163196bf063c12383081439fda02cc71951261a22bb306680f128a8","size":39692},"fold_3/val_accuracy":0.7737430167597765,"fold_0/val_loss":0.48780510139962036,"fold_0/lr":0.004506517568494309,"fold_1/train_loss":0.4200144002542776,"fold_2/lr":0.0053028940313573775,"_step":199,"fold_0/train_loss":0.4329158348195693,"fold_1/test_accuracy":0.7374301675977654}