{"_wandb":{"runtime":14},"val_accuracy":0.696969696969697,"train_precision":0.6666666666666666,"val_precision":0.7096774193548387,"train_loss":0.6058839864403237,"epoch":99,"train_f1":0.7407407407407407,"val_recall":0.9565217391304348,"val_f1":0.8148148148148148,"train_recall":0.8333333333333334,"train_accuracy":0.6259541984732825,"_runtime":14.65494995,"current_lr":1.80423326663612e-08,"val_loss":0.6224652036572947,"_step":99,"_timestamp":1.7520731482884696e+09}