{"current_lr":5.679593496599183e-07,"test_accuracy":0.696969696969697,"_wandb":{"runtime":9},"train_loss":0.6583470183474417,"_step":99,"train_precision":0.6412213740458015,"test_precision":0.696969696969697,"train_f1":0.7813953488372093,"test_f1":0.8214285714285714,"epoch":99,"train_recall":1,"test_loss":0.6381985220042142,"_runtime":9.264887023,"train_accuracy":0.6412213740458015,"_timestamp":1.7552879837266512e+09,"test_recall":1}