{"train_loss":0.29771626862069417,"test_precision":0.5273391468300731,"epoch":99,"test_loss":1.4767440270814878,"train_recall":0.8779904306220095,"train_f1":0.8665879574970484,"_timestamp":1.7552476151704197e+09,"current_lr":1.09073451802427e-07,"test_recall":0.7904963787316729,"_step":99,"_runtime":334.865405231,"train_accuracy":0.8583959899749374,"test_f1":0.6326429631724041,"_wandb":{"runtime":334},"test_accuracy":0.6280417978814773,"train_precision":0.8554778554778555}