{"epoch":99,"test_precision":0.7142857142857143,"test_loss":0.5100058701002237,"_wandb":{"runtime":8},"current_lr":8.219834638691421e-08,"test_recall":0.8695652173913043,"train_f1":0.7958115183246073,"train_accuracy":0.7022900763358778,"train_recall":0.9047619047619048,"_runtime":8.876394868,"test_accuracy":0.6666666666666666,"test_f1":0.7843137254901961,"_step":99,"train_loss":0.5403543305761032,"train_precision":0.7102803738317757,"_timestamp":1.755260366530826e+09}