{"val_precision":0.7037037037037037,"epoch":99,"train_f1":0.8131868131868132,"train_loss":0.5116816863758873,"_timestamp":1.752074433772143e+09,"train_recall":0.8809523809523809,"train_accuracy":0.7404580152671756,"current_lr":1.80423326663612e-08,"_step":99,"_runtime":10.64300617,"train_precision":0.7551020408163265,"val_f1":0.76,"val_loss":0.5880554456150893,"val_recall":0.8260869565217391,"_wandb":{"runtime":10},"val_accuracy":0.6363636363636364}