{"val_recall":0.704225352112676,"val_precision":0.7142857142857143,"_timestamp":1.752240759727614e+09,"val_f1":0.7092198581560284,"val_loss":0.8076424445009398,"current_lr":5.054772179733798e-07,"_step":99,"train_recall":0.9301533219761499,"_wandb":{"runtime":37},"train_f1":0.9254237288135593,"_runtime":37.224886348,"epoch":99,"train_accuracy":0.9231441048034934,"train_precision":0.9207419898819561,"train_loss":0.18931351629407125,"val_accuracy":0.7142857142857143}