{"current_lr":1.3864926146190798e-08,"val_accuracy":0.6666666666666666,"train_loss":0.2518253064792575,"_step":99,"_timestamp":1.7520710355660899e+09,"val_loss":0.7451176896239772,"val_recall":0.782608695652174,"train_precision":0.9302325581395349,"val_precision":0.75,"train_accuracy":0.9236641221374046,"_runtime":15.895015831,"_wandb":{"runtime":15},"epoch":99,"train_recall":0.9523809523809523,"train_f1":0.9411764705882353,"val_f1":0.7659574468085106}