{"train_accuracy":0.6412213740458015,"test_accuracy":0.696969696969697,"_runtime":9.573507898,"test_precision":0.696969696969697,"train_precision":0.6412213740458015,"current_lr":6.936807313771935e-07,"test_recall":1,"test_f1":0.8214285714285714,"train_recall":1,"_wandb":{"runtime":9},"_step":99,"train_loss":0.6530347343619544,"_timestamp":1.7552881267873151e+09,"train_f1":0.7813953488372093,"test_loss":0.6236083290793679,"epoch":99}