{"val_precision":0.7083333333333334,"current_lr":1.80423326663612e-08,"epoch":99,"val_accuracy":0.6060606060606061,"_runtime":10.724708343,"train_loss":0.3908270037811221,"train_precision":0.8333333333333334,"_wandb":{"runtime":10},"_timestamp":1.7520744565179307e+09,"val_loss":0.616667164997621,"_step":99,"train_f1":0.8620689655172413,"train_recall":0.8928571428571429,"val_f1":0.723404255319149,"train_accuracy":0.816793893129771,"val_recall":0.7391304347826086}