{"_wandb":{"runtime":71},"_timestamp":1.757671720802515e+09,"train_pr_auc":0.9953200578032116,"_runtime":71.747129004,"test_precision":0.7102832512315271,"test_recall":0.668695652173913,"test_pr_auc":0.7758848065546107,"epoch":99,"test_loss":1.3719465614335884,"train_recall":0.9420289855072463,"_step":99,"train_loss":0.13715632746715356,"test_roc_auc":0.705186592701992,"train_precision":0.9923664122137404,"train_roc_auc":0.990036231884058,"test_accuracy":0.6446111869031378,"train_accuracy":0.9554455445544554}