{"fold_2/test_accuracy":0.770949720670391,"_wandb":{"runtime":56},"fold_3/val_loss":0.48820853310947615,"fold_accuracies":[0.7849162011173184,0.7513966480446927,0.770949720670391,0.7597765363128491],"_runtime":56.30658769,"fold_3/lr":0.0004636463156647095,"fold_1/train_loss":0.3464274542296634,"fold_0/test_loss":0.5502782166004181,"fold_0/val_accuracy":0.7849162011173184,"fold_0/train_loss":0.37739667647025166,"fold_3/test_accuracy":0.7597765363128491,"fold":3,"fold_3/test_loss":0.48820853310947615,"mean_accuracy":0.7667597765363129,"fold_3/train_loss":0.32514264171614365,"fold_0/val_loss":0.5502782166004181,"std_accuracy":0.012569832402234624,"feature_importance":{"width":1000,"height":600,"_type":"image-file","sha256":"ceccdb22bbcabfc154821c65c47b3365e43a366560acc147ca56b9ec5a207973","size":40540,"path":"media/images/feature_importance_158_ceccdb22bbcabfc15482.png","format":"png"},"fold_2/val_loss":0.5525579981816312,"fold_1/val_loss":0.5033785838168114,"fold_0/test_accuracy":0.7849162011173184,"fold_2/test_loss":0.5525579981816312,"fold_0/lr":0.00043392713457687804,"_step":158,"fold_2/lr":0.0005160151382612756,"fold_1/test_loss":0.5033785838168114,"fold_1/test_accuracy":0.7513966480446927,"fold_2/val_accuracy":0.770949720670391,"epoch":36,"fold_1/lr":0.0004706955675440917,"_timestamp":1.7486130420545766e+09,"fold_1/val_accuracy":0.7513966480446927,"fold_2/train_loss":0.28060950820936875,"fold_3/val_accuracy":0.7597765363128491}