{"train_loss":0.5902128831267878,"train_precision":0.662557781201849,"train_accuracy":0.6716157205240174,"_runtime":25.387243529,"test_precision":0.7094017094017094,"_step":99,"test_loss":0.5974501049477049,"test_recall":0.5845070422535211,"test_accuracy":0.6759581881533101,"train_f1":0.6957928802588996,"test_f1":0.640926640926641,"_timestamp":1.7552813864880385e+09,"epoch":99,"current_lr":1.090763420741896e-07,"train_recall":0.7325383304940375,"_wandb":{"runtime":25}}