{"val_loss":0.6144391038652622,"val_recall":0.8695652173913043,"train_loss":0.5046017106252773,"_wandb":{"runtime":16},"epoch":99,"val_f1":0.7843137254901961,"val_accuracy":0.6666666666666666,"current_lr":6.932463073095399e-09,"train_accuracy":0.7709923664122137,"train_f1":0.8351648351648352,"train_precision":0.7755102040816326,"_runtime":16.35927028,"_timestamp":1.7520732012885678e+09,"_step":99,"val_precision":0.7142857142857143,"train_recall":0.9047619047619048}