{"test_f1":0.7980383415069104,"train_accuracy":0.848438758164087,"train_precision":0.8107103825136612,"train_recall":0.8175005510249064,"test_accuracy":0.8379248658318426,"train_f1":0.814091308165057,"_wandb":{"runtime":389},"test_loss":0.3335534207296286,"_step":99,"_timestamp":1.7551835470259426e+09,"epoch":99,"test_precision":0.7998212689901698,"_runtime":389.812141182,"train_loss":0.32223755001243204,"current_lr":1.649892991326368e-08,"test_recall":0.7962633451957295}