{"train_recall":0.8909710391822828,"train_f1":0.8819561551433389,"val_loss":0.6701579937120763,"val_recall":0.7323943661971831,"val_precision":0.7074829931972789,"_step":99,"epoch":99,"val_accuracy":0.7177700348432056,"train_accuracy":0.8777292576419214,"train_precision":0.8731218697829716,"_timestamp":1.7515496761442308e+09,"train_loss":0.2780648437129358,"_wandb":{"runtime":27},"val_f1":0.7197231833910035,"current_lr":6.058279055286387e-08,"_runtime":27.386344779}