{"train_precision":0.935251798561151,"_step":99,"_wandb":{"runtime":20},"train_accuracy":0.9158415841584159,"test_recall":0.8704663212435233,"test_accuracy":0.7023933402705516,"train_pr_auc":0.9802237986376086,"train_recall":0.9420289855072463,"test_roc_auc":0.7590583150222896,"test_loss":0.6801316921718411,"train_loss":0.2538485527038574,"train_roc_auc":0.9570878623188406,"epoch":99,"test_precision":0.7048951048951049,"_timestamp":1.7576690474407787e+09,"test_pr_auc":0.8259378968665558,"_runtime":20.79492072}