{"train_recall":0.9252336448598131,"_step":99,"train_f1":0.8722466960352423,"test_f1":0.7195888063963449,"_runtime":30.956277226,"test_accuracy":0.6571229050279329,"train_accuracy":0.823170731707317,"_wandb":{"runtime":30},"epoch":99,"current_lr":9.9363168677059e-08,"test_precision":0.6164383561643836,"train_precision":0.825,"_timestamp":1.7552522015972733e+09,"test_loss":1.0957087368272536,"train_loss":0.3382712093795218,"test_recall":0.8641975308641975}