{"_step":69,"train_f1":0.8156606851549756,"_timestamp":1.7488544852365608e+09,"train_recall":0.8517887563884157,"val_precision":0.8045112781954887,"train_accuracy":0.8026200873362446,"val_f1":0.7781818181818182,"train_precision":0.7824726134585289,"val_loss":0.43050433160535967,"_runtime":22.333710877,"train_loss":0.42039848243305256,"val_accuracy":0.7874564459930313,"epoch":69,"val_recall":0.7535211267605634,"current_lr":1.2237873662995163e-08,"_wandb":{"runtime":22}}