{"_timestamp":1.756716468098125e+09,"_runtime":16.623292329999998,"test_roc_auc":0.8479358912093249,"test_recall":0.6619718309859155,"_wandb":{"runtime":16},"train_loss":0.3326916519731413,"train_recall":0.787052810902896,"test_loss":0.5123777148615608,"_step":49,"epoch":49,"train_accuracy":0.8349344978165939,"train_roc_auc":0.9292435261001507,"train_precision":0.8783269961977186,"test_accuracy":0.7421602787456446,"test_precision":0.7833333333333333}