{"val_precision":0.7037037037037037,"current_lr":1.3864926146190798e-08,"_step":99,"_timestamp":1.7520722594992244e+09,"train_precision":0.8478260869565217,"val_f1":0.76,"train_accuracy":0.8473282442748091,"epoch":99,"_wandb":{"runtime":11},"val_loss":0.7432752582950123,"val_recall":0.8260869565217391,"train_recall":0.9285714285714286,"_runtime":11.375142082,"train_f1":0.8863636363636364,"train_loss":0.35644804703370303,"val_accuracy":0.6363636363636364}