{"train_precision":0.9492753623188406,"test_recall":0.7231884057971014,"test_accuracy":0.6512619372442019,"train_accuracy":0.9306930693069307,"test_precision":0.6959553695955369,"_timestamp":1.7576706707871726e+09,"test_pr_auc":0.7701191811224957,"train_loss":0.1811272661284645,"train_recall":0.9492753623188406,"_runtime":75.659280061,"train_pr_auc":0.992230430476273,"_step":99,"train_roc_auc":0.9810914855072463,"epoch":99,"test_loss":1.0309748117790378,"_wandb":{"runtime":75},"test_roc_auc":0.7036978735156034}