{"val_f1":0.8076923076923077,"_timestamp":1.7520722779065087e+09,"_runtime":9.023112332,"train_precision":0.8764044943820225,"epoch":99,"train_accuracy":0.8702290076335878,"val_loss":0.7119422920725562,"_wandb":{"runtime":9},"val_accuracy":0.696969696969697,"val_recall":0.9130434782608695,"train_f1":0.9017341040462428,"_step":99,"train_recall":0.9285714285714286,"current_lr":1.80423326663612e-08,"val_precision":0.7241379310344828,"train_loss":0.34781567012990705}