{"train_precision":0.8342728297632469,"_wandb":{"runtime":216},"train_f1":0.8589669181659896,"_runtime":216.942451781,"epoch":99,"test_f1":0.6434067986552111,"test_loss":1.3013690924874515,"train_accuracy":0.8477443609022557,"test_precision":0.5574831693423097,"train_loss":0.31423470930646835,"current_lr":1.1474947860303293e-07,"_step":99,"test_accuracy":0.6583882049813914,"train_recall":0.8851674641148325,"test_recall":0.7606429959371136,"_timestamp":1.7552436739246526e+09}