{"train_precision":0.9813874788494078,"train_recall":0.9880749574105622,"val_accuracy":0.7073170731707317,"train_accuracy":0.9842794759825327,"val_f1":0.7218543046357616,"epoch":99,"val_loss":1.4622096624939285,"_step":99,"val_precision":0.68125,"train_f1":0.9847198641765704,"train_loss":0.03655015987173276,"val_recall":0.7676056338028169,"_wandb":{"runtime":41},"current_lr":6.058279055286387e-08,"_runtime":41.66349132,"_timestamp":1.7515490839077199e+09}