{"test_recall":0.9012345679012346,"current_lr":1.2147054719922187e-07,"test_precision":0.6128731343283582,"train_recall":0.9532710280373832,"train_accuracy":0.774390243902439,"train_precision":0.7611940298507462,"train_loss":0.43712474078666874,"_wandb":{"runtime":27},"train_f1":0.8464730290456431,"epoch":99,"_step":99,"test_f1":0.7295946696279845,"test_accuracy":0.6599162011173184,"_timestamp":1.755251832914351e+09,"test_loss":1.1255256627691526,"_runtime":27.946580121}