{"val_loss":0.6213140632167007,"val_f1":0.8214285714285714,"_step":99,"val_precision":0.696969696969697,"_wandb":{"runtime":12},"_timestamp":1.7520663180249412e+09,"epoch":99,"_runtime":12.103186426,"val_accuracy":0.696969696969697,"train_recall":1,"train_f1":0.7813953488372093,"val_recall":1,"train_loss":0.6527450171135764,"train_accuracy":0.6412213740458015,"current_lr":9.021166333180599e-07,"train_precision":0.6412213740458015}