{"train_loss":0.41504245854559396,"_runtime":209.995704414,"train_recall":0.8696172248803827,"test_f1":0.6729595457771469,"current_lr":4.993578275174908e-07,"test_accuracy":0.6701975379330088,"test_precision":0.5624629256139518,"test_recall":0.8374845433668963,"train_accuracy":0.793233082706767,"train_f1":0.8150224215246636,"_step":99,"train_precision":0.7668776371308017,"test_loss":1.0857202422301475,"_timestamp":1.7551709292184763e+09,"epoch":99,"_wandb":{"runtime":209}}