{"train_recall":0.9880952380952381,"train_loss":0.10989204683262883,"val_precision":0.8260869565217391,"_step":99,"_runtime":8.192976795,"val_accuracy":0.7575757575757576,"train_accuracy":0.9923664122137404,"train_precision":1,"train_f1":0.9940119760479041,"val_f1":0.8260869565217391,"_wandb":{"runtime":8},"_timestamp":1.7515443935013528e+09,"current_lr":9.0211663331806e-08,"epoch":99,"val_loss":0.5754913493539348,"val_recall":0.8260869565217391}