{"_wandb":{"runtime":8},"epoch":99,"_step":99,"train_accuracy":0.6412213740458015,"val_loss":0.617971504276449,"_timestamp":1.7520700160150592e+09,"val_f1":0.8214285714285714,"train_recall":1,"_runtime":8.045964322,"val_precision":0.696969696969697,"train_f1":0.7813953488372093,"train_precision":0.6412213740458015,"train_loss":0.6529656885234454,"val_accuracy":0.696969696969697,"val_recall":1,"current_lr":3.1958209917541808e-06}