{"test_precision":0.5952868852459017,"train_precision":0.9635036496350365,"_wandb":{"runtime":25},"train_recall":0.9565217391304348,"train_roc_auc":0.985733695652174,"train_loss":0.14583911219298248,"test_accuracy":0.6208100558659218,"test_loss":1.8267742854922844,"_runtime":25.377524205,"_timestamp":1.7576687442041333e+09,"_step":99,"test_roc_auc":0.6968196266441881,"test_pr_auc":0.7296857277743711,"test_recall":0.7969821673525377,"train_accuracy":0.9455445544554455,"epoch":99,"train_pr_auc":0.9929113529336474}