{"train_precision":0.7749853886616014,"val_loss":0.37082019422919965,"train_recall":0.8163767892873633,"_runtime":3724.948991991,"train_loss":0.362387487816051,"val_accuracy":0.8205113146973612,"_timestamp":1.7549373058684123e+09,"current_lr":4.782413044396144e-07,"train_f1":0.7951427928940858,"epoch":99,"val_f1":0.7075869840223665,"train_accuracy":0.8244475847893115,"_wandb":{"runtime":3724},"val_recall":0.6492206854846575,"_step":99,"val_precision":0.7774844647946549}