{"_wandb":{"runtime":6},"current_lr":1.7072265619950446e-06,"train_loss":0.6534770426859382,"_runtime":6.350327793,"test_precision":0.696969696969697,"epoch":99,"train_accuracy":0.6412213740458015,"train_recall":1,"test_loss":0.6165423402280519,"_step":99,"test_f1":0.8214285714285714,"train_f1":0.7813953488372093,"test_recall":1,"test_accuracy":0.696969696969697,"_timestamp":1.7552858258625271e+09,"train_precision":0.6412213740458015}