{"test_precision":0.696969696969697,"_timestamp":1.755285810003439e+09,"_runtime":6.262990752,"test_accuracy":0.696969696969697,"train_recall":1,"_wandb":{"runtime":6},"train_accuracy":0.6412213740458015,"test_f1":0.8214285714285714,"epoch":99,"_step":99,"train_precision":0.6412213740458015,"test_loss":0.6159616139802065,"test_recall":1,"train_loss":0.653813635119955,"train_f1":0.7813953488372093,"current_lr":2.2244393670437734e-06}