{"epoch":99,"train_accuracy":0.6793893129770993,"test_accuracy":0.5454545454545454,"test_recall":0.6521739130434783,"test_f1":0.6666666666666666,"test_loss":0.5874608755111694,"train_loss":0.5946564296729692,"test_precision":0.6818181818181818,"_wandb":{"runtime":5},"_runtime":5.569426389,"current_lr":2.3436558547018907e-07,"train_precision":0.7058823529411765,"train_f1":0.7741935483870968,"train_recall":0.8571428571428571,"_step":99,"_timestamp":1.7552603839118714e+09}