{"_step":49,"train_roc_auc":0.9292435261001507,"train_recall":0.9505962521294719,"train_loss":0.3326916519731413,"test_loss":0.5123777148615608,"_wandb":{"runtime":22},"_runtime":22.370441727,"train_accuracy":0.7991266375545851,"test_recall":0.8873239436619719,"test_roc_auc":0.8479358912093249,"epoch":49,"test_accuracy":0.7317073170731707,"_timestamp":1.7567165330527618e+09,"train_precision":0.7351778656126482,"test_precision":0.6737967914438503}