{"test_precision":0.499802254300969,"train_accuracy":0.906641604010025,"test_f1":0.6408874801901743,"_timestamp":1.7553145195923717e+09,"current_lr":3.3605177576180864e-08,"test_loss":2.33541361471404,"train_recall":0.9138755980861244,"train_f1":0.9111508646392368,"epoch":99,"_step":99,"test_recall":0.8929517753047165,"_wandb":{"runtime":1552},"test_accuracy":0.5945462353277985,"train_loss":0.21589954096571842,"_runtime":1552.952171181,"train_precision":0.9084423305588585}