{"test_accuracy":0.7575757575757576,"test_f1":0.84,"current_lr":9.0211663331806e-08,"test_precision":0.7777777777777778,"test_loss":0.5328358823123077,"train_precision":0.9024390243902439,"_wandb":{"runtime":9},"test_recall":0.9130434782608695,"train_loss":0.27937335048923057,"_timestamp":1.7551681205448492e+09,"train_accuracy":0.8625954198473282,"train_recall":0.8809523809523809,"epoch":99,"_runtime":9.506011668,"train_f1":0.891566265060241,"_step":99}