{"_wandb":{"runtime":66},"current_lr":5.544373282610338e-07,"_step":99,"_runtime":66.547758191,"val_precision":0.49477351916376305,"_timestamp":1.7522401613292425e+09,"train_recall":1,"val_accuracy":0.49477351916376305,"val_loss":0.693786402612613,"train_accuracy":0.5126637554585153,"train_precision":0.5126637554585153,"epoch":99,"val_recall":1,"train_loss":0.6928276383720631,"train_f1":0.6778290993071594,"val_f1":0.662004662004662}