{"train_recall":0.9523809523809523,"_runtime":8.791373613,"_step":99,"epoch":99,"_timestamp":1.7520712191539297e+09,"val_precision":0.7272727272727273,"_wandb":{"runtime":8},"val_loss":1.612946838860146,"val_accuracy":0.6060606060606061,"train_accuracy":0.9541984732824428,"val_recall":0.6956521739130435,"train_f1":0.963855421686747,"train_loss":0.11837996030581817,"current_lr":1.3864926146190798e-08,"train_precision":0.975609756097561,"val_f1":0.7111111111111111}