{"_wandb":{"runtime":71},"train_precision":0.955,"val_loss":1.21858052634196,"train_f1":0.9654591406908172,"_step":99,"current_lr":8.567544384221465e-08,"val_recall":0.795774647887324,"train_accuracy":0.9641921397379912,"val_precision":0.7151898734177216,"val_accuracy":0.7421602787456446,"val_f1":0.7533333333333333,"train_loss":0.08036326212588876,"_timestamp":1.7522368174445524e+09,"train_recall":0.9761499148211243,"_runtime":70.9914195,"epoch":99}