{"current_lr":6.028808119703056e-08,"_runtime":17.90402275,"train_recall":0.8452380952380952,"_step":99,"test_accuracy":0.5757575757575758,"test_precision":0.68,"train_precision":0.7717391304347826,"train_accuracy":0.7404580152671756,"test_f1":0.7083333333333334,"epoch":99,"_timestamp":1.7552888662734475e+09,"test_recall":0.7391304347826086,"test_loss":0.6138455788746024,"train_f1":0.8068181818181818,"train_loss":0.4923171401023865,"_wandb":{"runtime":17}}