{"current_lr":9.721993664283584e-08,"train_recall":0.8767942583732058,"test_loss":1.3142787595211525,"_timestamp":1.7552439099978478e+09,"train_f1":0.8623529411764705,"test_accuracy":0.6674778127683939,"epoch":99,"_wandb":{"runtime":227},"train_precision":0.8483796296296297,"train_loss":0.3051025280378815,"test_precision":0.5654754225261257,"test_recall":0.7742448330683624,"_step":99,"_runtime":227.700980138,"test_f1":0.6535937966000597,"train_accuracy":0.8533834586466166}