{"_step":99,"test_f1":0.6568823026503278,"epoch":99,"test_precision":0.5504477611940298,"test_accuracy":0.655310621242485,"train_recall":0.8480861244019139,"test_recall":0.8143437555202261,"_timestamp":1.7551867837804258e+09,"_wandb":{"runtime":240},"_runtime":240.842561453,"train_accuracy":0.8264411027568922,"train_loss":0.33519677014876725,"train_f1":0.8365781710914454,"test_loss":1.5336782962875761,"train_precision":0.8253783469150174,"current_lr":2.162073583186636e-08}