{"train_precision":0.9269729093050648,"train_f1":0.9341246290801187,"test_f1":0.6134646962233169,"_runtime":222.893016084,"test_precision":0.4444444444444444,"_timestamp":1.7552586778465405e+09,"_step":99,"epoch":99,"train_accuracy":0.9304511278195489,"test_accuracy":0.4945605496707701,"current_lr":1.20604237282916e-07,"_wandb":{"runtime":222},"train_recall":0.9413875598086124,"train_loss":0.16372416868693845,"test_loss":3.7084718788042133,"test_recall":0.9899311075781664}