{"test_roc_auc":0.8479358912093249,"train_accuracy":0.7764192139737991,"train_recall":0.5911413969335605,"_wandb":{"runtime":15},"epoch":49,"test_recall":0.4859154929577465,"train_precision":0.9559228650137741,"_step":49,"test_accuracy":0.7038327526132404,"train_loss":0.3326916519731413,"train_roc_auc":0.9292435261001507,"_runtime":15.064697522,"test_loss":0.5123777148615608,"test_precision":0.8518518518518519,"_timestamp":1.7567166600363681e+09}