{"test_f1":0.8214285714285714,"train_precision":0.6412213740458015,"_timestamp":1.7552853683536952e+09,"train_loss":0.6528352412558694,"_step":99,"train_f1":0.7813953488372093,"_runtime":5.866235123,"test_precision":0.696969696969697,"test_recall":1,"train_recall":1,"test_accuracy":0.696969696969697,"test_loss":0.6186380287011465,"_wandb":{"runtime":5},"current_lr":4.5982574561572967e-07,"train_accuracy":0.6412213740458015,"epoch":99}