{"_wandb":{"runtime":10},"test_recall":0.6521739130434783,"_step":99,"train_precision":0.6929824561403509,"current_lr":6.934095448949614e-08,"epoch":99,"_runtime":10.153760227,"_timestamp":1.7552603464020395e+09,"train_loss":0.5748397990037467,"test_precision":0.9375,"train_recall":0.9404761904761905,"test_accuracy":0.7272727272727273,"train_accuracy":0.6946564885496184,"test_loss":0.5514034007986387,"train_f1":0.797979797979798,"test_f1":0.7692307692307693}