{"_wandb":{"runtime":51},"train_accuracy":0.8986899563318778,"train_loss":0.23378250031492076,"current_lr":4.2548412134879095e-07,"_timestamp":1.7522405433423638e+09,"val_loss":0.7005311663973207,"_runtime":51.450671788,"val_f1":0.7597402597402597,"train_f1":0.9034941763727121,"val_accuracy":0.7421602787456446,"_step":99,"val_precision":0.7048192771084337,"train_recall":0.9250425894378195,"epoch":99,"train_precision":0.8829268292682927,"val_recall":0.823943661971831}