{"train_precision":0.6412213740458015,"train_accuracy":0.6412213740458015,"train_loss":0.6527230523469794,"_wandb":{"runtime":9},"val_recall":1,"current_lr":2.742020746379462e-06,"_timestamp":1.752070518844678e+09,"train_f1":0.7813953488372093,"val_f1":0.8214285714285714,"val_accuracy":0.696969696969697,"_runtime":9.838672822,"train_recall":1,"epoch":99,"_step":99,"val_loss":0.6208935289671926,"val_precision":0.696969696969697}