{"epoch":99,"train_loss":0.6527128606352187,"train_f1":0.7813953488372093,"_step":99,"_runtime":16.570957816,"test_precision":0.696969696969697,"test_loss":0.6202064860950817,"_timestamp":1.755286762615592e+09,"train_accuracy":0.6412213740458015,"test_accuracy":0.696969696969697,"test_f1":0.8214285714285714,"_wandb":{"runtime":16},"train_precision":0.6412213740458015,"test_recall":1,"train_recall":1,"current_lr":7.333504362248703e-07}