{"_step":99,"train_loss":0.2677359814466868,"val_precision":0.6959459459459459,"_timestamp":1.7522364187379932e+09,"train_precision":0.8528481012658228,"current_lr":6.103475658027079e-07,"train_recall":0.9182282793867121,"_wandb":{"runtime":44},"_runtime":44.925466684,"val_recall":0.7253521126760564,"train_f1":0.8843314191960624,"train_accuracy":0.8768558951965065,"val_accuracy":0.7073170731707317,"val_f1":0.7103448275862069,"epoch":99,"val_loss":0.7474668387336598}