{"_step":99,"train_loss":0.2215786960190699,"train_recall":0.9318181818181818,"test_precision":0.6323587514816278,"test_f1":0.5970344120115639,"test_recall":0.5654478007419184,"test_loss":1.3410166474381622,"_wandb":{"runtime":777},"_runtime":777.137281887,"train_f1":0.9084548104956268,"train_precision":0.8862343572241184,"train_accuracy":0.9016290726817042,"epoch":99,"_timestamp":1.7553235709274125e+09,"current_lr":5.817348639491368e-08,"test_accuracy":0.6907386200973376}