{"test_accuracy":0.696969696969697,"test_recall":1,"test_precision":0.696969696969697,"_step":99,"epoch":99,"train_precision":0.6412213740458015,"train_accuracy":0.6412213740458015,"test_loss":0.6191511659911184,"_timestamp":1.755289397278147e+09,"current_lr":9.021166333180599e-07,"train_recall":1,"_runtime":5.670599354,"test_f1":0.8214285714285714,"_wandb":{"runtime":5},"train_f1":0.7813953488372093,"train_loss":0.6527697478086893}