{"_runtime":9.576073766,"epoch":99,"val_recall":1,"train_f1":0.7813953488372093,"_wandb":{"runtime":9},"train_precision":0.6412213740458015,"val_accuracy":0.696969696969697,"_timestamp":1.7520707881431665e+09,"train_accuracy":0.6412213740458015,"train_loss":0.6527216896301008,"current_lr":2.219395981457807e-06,"_step":99,"val_loss":0.6208574934439226,"val_precision":0.696969696969697,"val_f1":0.8214285714285714,"train_recall":1}