{"val_recall":1,"current_lr":2.7093635537046294e-06,"train_precision":0.6412213740458015,"_runtime":15.758053825,"train_f1":0.7813953488372093,"epoch":99,"_step":99,"val_loss":0.6187552060141708,"val_f1":0.8214285714285714,"train_recall":1,"val_accuracy":0.696969696969697,"_wandb":{"runtime":15},"train_accuracy":0.6412213740458015,"_timestamp":1.752068200282112e+09,"val_precision":0.696969696969697,"train_loss":0.6528177443351454}