{"test_accuracy":0.8192519510348968,"train_recall":0.8699399722949054,"test_recall":0.6981643680627353,"_timestamp":1.7553405045897171e+09,"epoch":99,"_wandb":{"runtime":1553},"_step":99,"train_f1":0.8588360431545358,"test_loss":0.4233680362149343,"test_f1":0.7209911361804996,"test_precision":0.7453610179728013,"train_loss":0.26698447526542646,"current_lr":1.6661431390282436e-08,"_runtime":1553.531405736,"train_precision":0.8480120030007502,"train_accuracy":0.8806526207605344}