{"train_f1":0.8068459657701712,"epoch":99,"test_accuracy":0.6202090592334495,"_timestamp":1.7552601756524224e+09,"test_f1":0.6746268656716418,"test_loss":0.7084817730591272,"current_lr":1.1828444320219842e-07,"train_accuracy":0.7930131004366813,"test_recall":0.795774647887324,"train_loss":0.4354586322755272,"_step":99,"train_recall":0.8432708688245315,"train_precision":0.7734375,"test_precision":0.5854922279792746,"_runtime":25.254458421,"_wandb":{"runtime":25}}