{"val_recall":1,"_wandb":{"runtime":35},"_timestamp":1.7551587099426095e+09,"train_loss":0.6928264328486013,"val_loss":0.6937310085064028,"train_accuracy":0.5126637554585153,"val_accuracy":0.49477351916376305,"val_precision":0.49477351916376305,"train_recall":1,"epoch":99,"train_f1":0.6778290993071594,"_runtime":35.5135,"val_f1":0.662004662004662,"_step":99,"train_precision":0.5126637554585153,"current_lr":7.20386234406115e-07}