{"train_f1":0.8850574712643678,"test_loss":0.4771328995208905,"train_accuracy":0.8473282442748091,"train_precision":0.8555555555555555,"test_accuracy":0.7878787878787878,"epoch":99,"train_recall":0.9166666666666666,"_step":99,"test_precision":0.7857142857142857,"_timestamp":1.7551681738004255e+09,"test_recall":0.9565217391304348,"current_lr":1.80423326663612e-08,"_wandb":{"runtime":8},"_runtime":8.799318482,"train_loss":0.333840235044028,"test_f1":0.8627450980392157}