loop,colset,n_features,auc,average_precision
8,all_columns,240,0.9066356805148228,0.9012435583857282
8,motifs_eig,96,0.8506967005992347,0.845541590422239
8,spectral,31,0.8452721727575528,0.8383996479397874
8,eig,10,0.8174295152852658,0.8106969717914031
8,motifs,86,0.8123757285550659,0.8195287102604093
