loop,colset,n_features,auc,average_precision,uniqueness_ratio,n_rows,n_unique_rows,duplicate_rows
8,all_columns,232,0.9064327485380116,0.9012325836339175,1.0,1432,1432,0
8,motifs_eig_centrality,98,0.8785178941124361,0.8740008001659185,1.0,1432,1432,0
8,motifs_eig,84,0.852540649811605,0.8485487288192535,0.9986033519553073,1432,1430,2
8,spectral,31,0.8469170925311276,0.8443932654553661,0.9986033519553073,1432,1430,2
8,eig,10,0.8173670746770161,0.809881294957817,0.9986033519553073,1432,1430,2
8,motifs,74,0.8080497651647749,0.814365953141232,0.9986033519553073,1432,1430,2
