loop,colset,n_features,auc,average_precision,uniqueness_ratio,n_rows,n_unique_rows,duplicate_rows
8,all_columns,240,0.9078825414108066,0.9021069935092172,1.0,1432,1432,0
8,motifs_eig,96,0.8509542681082644,0.8453546352741033,0.9986033519553073,1432,1430,2
8,spectral,31,0.8470712427827438,0.843679075163594,0.9986033519553073,1432,1430,2
8,eig,10,0.8165397366177093,0.8072142472626463,0.9986033519553073,1432,1430,2
8,motifs,86,0.8103600676700091,0.8176976766060224,0.9986033519553073,1432,1430,2
