{"_step":99,"_runtime":43.538259499,"test_loss":0.35614530923889903,"epoch":99,"_wandb":{"runtime":43},"train_accuracy":0.8611353711790393,"test_precision":0.8467153284671532,"current_lr":5.296085158007164e-08,"train_precision":0.8519736842105263,"test_f1":0.8315412186379928,"train_loss":0.2923932217094055,"test_recall":0.8169014084507042,"test_accuracy":0.8362369337979094,"train_recall":0.8824531516183987,"train_f1":0.8669456066945607,"_timestamp":1.755174116961663e+09}