{"test_recall":0.8669410150891632,"test_pr_auc":0.7484515049207083,"train_precision":0.7633587786259542,"train_recall":0.9345794392523364,"epoch":99,"_step":99,"test_accuracy":0.6571229050279329,"_wandb":{"runtime":37},"_timestamp":1.7575245201645496e+09,"train_pr_auc":0.8795903286557313,"_runtime":37.099188023,"test_roc_auc":0.7327502941538029,"train_roc_auc":0.8092310214789311,"train_loss":0.48502341203573274,"test_precision":0.6159844054580896,"test_loss":0.7311895748589958,"train_accuracy":0.7682926829268293}