{"current_lr":4.6491428617986966e-08,"train_f1":0.9112426035502958,"train_accuracy":0.8854961832061069,"train_precision":0.9058823529411765,"test_recall":0.8695652173913043,"_runtime":14.439427321,"epoch":99,"test_accuracy":0.7878787878787878,"test_f1":0.851063829787234,"_wandb":{"runtime":14},"test_loss":0.5721906905739822,"_timestamp":1.7551727014980497e+09,"_step":99,"test_precision":0.8333333333333334,"train_recall":0.9166666666666666,"train_loss":0.27782024500024227}