{"test_recall":0.8005652711535064,"test_f1":0.6764683931636689,"current_lr":5.038856590979012e-07,"train_recall":0.8528708133971292,"_wandb":{"runtime":214},"_step":99,"train_f1":0.8153230417381361,"epoch":99,"train_accuracy":0.7976190476190477,"_runtime":214.805015031,"_timestamp":1.7551699349327579e+09,"test_accuracy":0.6897366160893215,"test_precision":0.5856810545360558,"test_loss":0.9638622635866164,"train_precision":0.7809419496166484,"train_loss":0.42557846917245623}