{"val_accuracy":0.696969696969697,"train_accuracy":0.9312977099236641,"_runtime":6.278936226,"train_precision":0.9411764705882353,"_step":99,"_wandb":{"runtime":6},"train_loss":0.19956719714664775,"val_loss":0.8753052949905396,"epoch":99,"train_f1":0.9467455621301775,"_timestamp":1.752068116457348e+09,"val_f1":0.7916666666666666,"current_lr":8.05487464947974e-07,"train_recall":0.9523809523809523,"val_recall":0.8260869565217391,"val_precision":0.76}