{"train_loss":0.2048261322007321,"test_accuracy":0.5782122905027933,"test_recall":0.7928669410150891,"test_loss":1.970097326033608,"train_roc_auc":0.9732789855072463,"train_pr_auc":0.9868600022682168,"_step":99,"test_pr_auc":0.6962631961164764,"_wandb":{"runtime":76},"test_roc_auc":0.6658929885050744,"_runtime":76.440415189,"_timestamp":1.7576684663513544e+09,"train_recall":0.9420289855072463,"epoch":99,"test_precision":0.5606207565470417,"train_precision":0.9420289855072463,"train_accuracy":0.9207920792079208}