{"train_accuracy":0.6946564885496184,"train_loss":0.5407680409555217,"current_lr":5.4126997999083605e-09,"train_recall":0.7619047619047619,"_runtime":6.375762141,"val_f1":0.76,"epoch":99,"_step":99,"_timestamp":1.7513701245306528e+09,"val_precision":0.7037037037037037,"train_f1":0.7619047619047619,"_wandb":{"runtime":6},"val_recall":0.8260869565217391,"val_accuracy":0.6363636363636364,"train_precision":0.7619047619047619,"val_loss":0.5873972373929891}