{"epoch":69,"val_accuracy":0.8292682926829268,"val_precision":0.8444444444444444,"train_loss":0.24193604097876487,"_runtime":26.442884302,"train_precision":0.8723747980613893,"train_f1":0.8955223880597015,"val_f1":0.8231046931407943,"val_loss":0.4071516910704171,"_step":69,"val_recall":0.8028169014084507,"current_lr":1.2237873662995165e-07,"train_recall":0.919931856899489,"train_accuracy":0.8899563318777293,"_wandb":{"runtime":26},"_timestamp":1.748953408448124e+09}