{
  "n_estimators": 560,
  "max_depth": 7,
  "learning_rate": 0.15607113848655071,
  "subsample": 0.9852109416910678,
  "colsample_bytree": 0.9272866137512025,
  "reg_alpha": 0.44915649314665873,
  "reg_lambda": 1.3511440387545033
}