{
  "n_estimators": 908,
  "max_depth": 3,
  "learning_rate": 0.01,
  "subsample": 0.9205139327660299,
  "colsample_bytree": 0.6,
  "reg_alpha": 0.0,
  "reg_lambda": 1.8718691051055816
}