{"epoch":99,"val_recall":1,"train_accuracy":0.6412213740458015,"_timestamp":1.7520689829513474e+09,"current_lr":2.2791564351460664e-06,"val_loss":0.618199084744309,"train_f1":0.7813953488372093,"train_recall":1,"train_precision":0.6412213740458015,"val_accuracy":0.696969696969697,"val_f1":0.8214285714285714,"_wandb":{"runtime":6},"val_precision":0.696969696969697,"_step":99,"train_loss":0.6529148676013219,"_runtime":6.52635305}