{"train_precision":0.872093023255814,"train_loss":0.2766756119618889,"current_lr":9.0211663331806e-08,"val_accuracy":0.6060606060606061,"val_f1":0.723404255319149,"train_accuracy":0.8473282442748091,"train_recall":0.8928571428571429,"train_f1":0.8823529411764706,"val_precision":0.7083333333333334,"val_loss":1.3047969810887812,"epoch":99,"_wandb":{"runtime":12},"_runtime":12.74934125,"_step":99,"_timestamp":1.752074237825594e+09,"val_recall":0.7391304347826086}