{"train_recall":1,"_step":99,"train_accuracy":0.6412213740458015,"epoch":99,"_timestamp":1.7520691750625017e+09,"train_f1":0.7813953488372093,"val_precision":0.696969696969697,"val_accuracy":0.696969696969697,"val_loss":0.6182556676142144,"train_loss":0.6529032733604199,"_wandb":{"runtime":7},"train_precision":0.6412213740458015,"val_recall":1,"_runtime":7.862632929,"val_f1":0.8214285714285714,"current_lr":2.499372942718696e-06}