{"_runtime":15.966787236,"_timestamp":1.7520738261871986e+09,"val_accuracy":0.6363636363636364,"val_precision":0.7391304347826086,"val_recall":0.7391304347826086,"val_f1":0.7391304347826086,"epoch":99,"train_precision":1,"val_loss":1.9740321274744708,"_wandb":{"runtime":15},"_step":99,"train_f1":1,"train_recall":1,"train_loss":0.029362502614505417,"current_lr":6.932463073095399e-08,"train_accuracy":1}