{"_step":99,"train_recall":1,"_timestamp":1.7522388269718232e+09,"val_f1":0.662004662004662,"current_lr":1.0215710790425097e-06,"train_accuracy":0.5126637554585153,"val_loss":0.6937993856257263,"val_recall":1,"epoch":99,"_runtime":66.591618967,"train_precision":0.5126637554585153,"val_precision":0.49477351916376305,"train_f1":0.6778290993071594,"val_accuracy":0.49477351916376305,"_wandb":{"runtime":66},"train_loss":0.692828326662555}