{"_step":99,"_timestamp":1.755308175132311e+09,"test_accuracy":0.6093615803034641,"current_lr":5.2093121892003803e-08,"train_accuracy":0.9367167919799498,"epoch":99,"train_precision":0.9328621908127208,"test_recall":0.8553259141494436,"test_f1":0.6395456346585656,"train_loss":0.14608854596925558,"test_loss":1.9776994905642784,"train_recall":0.9473684210526315,"test_precision":0.5107056217698555,"_wandb":{"runtime":328},"train_f1":0.9400593471810089,"_runtime":328.647295932}