{"epoch":99,"_runtime":228.51574354,"test_accuracy":0.6545949040939021,"_timestamp":1.7551870244040344e+09,"train_precision":0.8231292517006803,"test_precision":0.5492509142385278,"_wandb":{"runtime":228},"train_accuracy":0.8333333333333334,"train_loss":0.31816793645832475,"_step":99,"test_loss":1.5087675208858682,"current_lr":2.5514129806455702e-08,"test_recall":0.8224695283518813,"test_f1":0.6586504456075823,"train_f1":0.8451688009313155,"train_recall":0.868421052631579}