{"test_recall":0.823943661971831,"_runtime":27.80961133,"_timestamp":1.7552840025438704e+09,"epoch":99,"_wandb":{"runtime":27},"current_lr":5.468062011692659e-07,"test_precision":0.7959183673469388,"test_f1":0.8096885813148789,"_step":99,"train_recall":0.9131175468483816,"train_f1":0.8569144684252598,"train_accuracy":0.8436681222707424,"train_precision":0.8072289156626506,"test_accuracy":0.8083623693379791,"test_loss":0.3931734102943633,"train_loss":0.31064185575626824}