{"test_loss":0.2971785462393104,"_timestamp":1.756900373006616e+09,"test_accuracy":0.8694096601073346,"test_recall":0.8274021352313167,"test_precision":0.8446866485013624,"train_accuracy":0.8912946228862844,"_wandb":{"runtime":374},"epoch":99,"test_roc_auc":0.9460633669186095,"train_precision":0.8592128027681661,"_runtime":374.732944512,"train_roc_auc":0.9608778125506212,"_step":99,"train_loss":0.24833144517771255,"train_recall":0.8756887811329072}