{"train_accuracy":0.816793893129771,"train_loss":0.37462667085742224,"_timestamp":1.755289104599956e+09,"test_precision":0.7692307692307693,"test_accuracy":0.7272727272727273,"_runtime":7.70421052,"current_lr":1.80423326663612e-07,"test_recall":0.8695652173913043,"test_f1":0.8163265306122449,"train_precision":0.8125,"test_loss":0.7451879982448494,"epoch":99,"_wandb":{"runtime":7},"_step":99,"train_recall":0.9285714285714286,"train_f1":0.8666666666666667}