{"train_loss":0.6928279547191604,"_wandb":{"runtime":77},"val_accuracy":0.49477351916376305,"val_loss":0.6937926102183006,"val_f1":0.662004662004662,"train_accuracy":0.5126637554585153,"val_recall":1,"train_f1":0.6778290993071594,"current_lr":7.429045353495207e-07,"train_recall":1,"train_precision":0.5126637554585153,"_runtime":77.813183321,"_timestamp":1.752237484344122e+09,"val_precision":0.49477351916376305,"epoch":99,"_step":99}