{"test_recall":0.6886145404663924,"train_precision":0.9722222222222222,"test_f1":0.6635822868473232,"_timestamp":1.7552536523294556e+09,"test_accuracy":0.6445530726256983,"train_recall":0.9813084112149533,"epoch":99,"train_loss":0.08685184070249884,"_wandb":{"runtime":32},"current_lr":4.3967769161128353e-07,"train_f1":0.9767441860465116,"_step":99,"test_precision":0.6403061224489796,"train_accuracy":0.9695121951219512,"test_loss":1.9109001106390073,"_runtime":32.031389953}