{"_runtime":52.176883419,"val_precision":0.49477351916376305,"train_recall":1,"train_f1":0.6778290993071594,"epoch":99,"val_recall":1,"val_loss":0.6937685534098422,"_wandb":{"runtime":52},"current_lr":8.678663613758293e-07,"train_accuracy":0.5126637554585153,"train_loss":0.6928270054696428,"_timestamp":1.752237013397052e+09,"_step":99,"train_precision":0.5126637554585153,"val_f1":0.662004662004662,"val_accuracy":0.49477351916376305}