{
  "n_estimators": 1000,
  "max_depth": 7,
  "learning_rate": 0.3,
  "subsample": 0.6,
  "colsample_bytree": 0.7206027153499505,
  "reg_alpha": 6.803619779576459,
  "reg_lambda": 5.448206258895594
}