{
  "n_estimators": 636,
  "max_depth": 14,
  "learning_rate": 0.0144428546417167,
  "subsample": 0.9803995989658475,
  "colsample_bytree": 0.6,
  "reg_alpha": 4.133230529468002,
  "reg_lambda": 1.611262629225958
}