{
  "n_estimators": 378,
  "max_depth": 3,
  "learning_rate": 0.04481718820100769,
  "subsample": 0.9192396424347591,
  "colsample_bytree": 0.6,
  "reg_alpha": 3.219297936320908,
  "reg_lambda": 0.07489724525505356
}