{"_runtime":23.04520124,"val_f1":0.75,"train_precision":0.8651685393258427,"train_accuracy":0.8549618320610687,"epoch":99,"val_recall":0.782608695652174,"train_f1":0.8901734104046243,"train_loss":0.32713523848366194,"current_lr":1.3864926146190798e-08,"val_loss":0.771974990948696,"val_precision":0.72,"train_recall":0.9166666666666666,"_timestamp":1.7520730565087993e+09,"val_accuracy":0.6363636363636364,"_step":99,"_wandb":{"runtime":23}}