{"test_accuracy":30.174216027874564,"train_loss":0.06199954216527106,"_runtime":64.601338625,"epoch":199,"train_precision":0.9811643835616438,"train_f1":0.9786507258753202,"test_recall":0.8028169014084507,"current_lr":6.090949342774801e-08,"test_f1":0.7835051546391752,"_timestamp":1.7561262846588025e+09,"_step":199,"_wandb":{"runtime":64},"train_accuracy":32.16943231441048,"train_recall":0.9761499148211243,"test_precision":0.7651006711409396,"test_loss":0.8841751215765286}