{"current_lr":8.362047041878383e-07,"val_recall":0.4782608695652174,"train_f1":0.8662420382165605,"val_f1":0.5789473684210527,"val_loss":0.8000668343721014,"_step":99,"epoch":99,"_wandb":{"runtime":7},"train_loss":0.3526160671510769,"_runtime":7.979183026,"train_precision":0.9315068493150684,"_timestamp":1.752070284742437e+09,"val_accuracy":0.5151515151515151,"train_recall":0.8095238095238095,"val_precision":0.7333333333333333,"train_accuracy":0.8396946564885496}