{"train_loss":0.2725521256601004,"_wandb":{"runtime":166},"epoch":99,"train_recall":0.9066985645933014,"_timestamp":1.755314916820861e+09,"train_precision":0.8722669735327964,"current_lr":6.030734047614511e-08,"train_accuracy":0.881578947368421,"test_recall":0.13796149090266738,"test_f1":0.23957055214723927,"_step":99,"test_loss":2.410990292851117,"test_accuracy":0.6451474377326081,"_runtime":166.919897418,"test_precision":0.9091967403958091,"train_f1":0.8891495601173021}