{"train_accuracy":0.5238095238095238,"test_f1":0.576682116844089,"test_loss":0.7032337652691585,"current_lr":1.1552845116529548e-06,"train_recall":1,"_step":99,"_runtime":310.357270734,"train_f1":0.6875,"test_precision":0.4051674778127684,"test_recall":1,"train_precision":0.5238095238095238,"epoch":99,"test_accuracy":0.4051674778127684,"train_loss":0.6920131199939508,"_wandb":{"runtime":310},"_timestamp":1.7551715249196546e+09}