{"val_accuracy":0.5757575757575758,"train_recall":1,"val_recall":0.6521739130434783,"train_precision":1,"_step":99,"_timestamp":1.752069822968746e+09,"val_loss":2.8915433586062687,"epoch":99,"train_f1":1,"_runtime":13.733989292,"current_lr":2.410114528803367e-07,"train_accuracy":1,"val_f1":0.6818181818181818,"val_precision":0.7142857142857143,"train_loss":0.010198983680616837,"_wandb":{"runtime":13}}