{"_timestamp":1.754959194705461e+09,"_wandb":{"runtime":3781},"train_precision":0.7619734564339296,"train_loss":0.3844790763747165,"val_precision":0.7574363823933975,"train_f1":0.7866557450294139,"epoch":99,"val_accuracy":0.8218163547620913,"_step":99,"_runtime":3781.009070208,"train_recall":0.8129906110512545,"val_loss":0.37281553614912244,"val_recall":0.6874743967383883,"train_accuracy":0.8159686536485098,"current_lr":5.584558889614704e-07,"val_f1":0.720761624280353}