{"_step":99,"train_f1":0.8409090909090909,"_runtime":16.685833741,"val_f1":0.7391304347826086,"train_precision":0.8043478260869565,"train_recall":0.8809523809523809,"val_loss":0.567746998967998,"current_lr":1.3864926146190798e-08,"train_loss":0.4982977586848135,"val_precision":0.7391304347826086,"val_accuracy":0.6363636363636364,"train_accuracy":0.7862595419847328,"epoch":99,"_wandb":{"runtime":16},"val_recall":0.7391304347826086,"_timestamp":1.7520739149033024e+09}