{"epoch":99,"test_recall":0.9565217391304348,"_timestamp":1.755173111673722e+09,"test_f1":0.8627450980392157,"test_accuracy":0.7878787878787878,"test_precision":0.7857142857142857,"train_f1":0.8620689655172413,"train_recall":0.8928571428571429,"train_precision":0.8333333333333334,"current_lr":1.391929309386471e-07,"train_loss":0.32947049614127355,"train_accuracy":0.816793893129771,"_runtime":8.976312753,"_wandb":{"runtime":8},"_step":99,"test_loss":0.5573752572139105}