{"current_lr":1.6752258206092104e-06,"test_precision":0.696969696969697,"epoch":99,"train_accuracy":0.6412213740458015,"train_precision":0.6412213740458015,"train_f1":0.7813953488372093,"_wandb":{"runtime":6},"train_recall":1,"test_recall":1,"_step":99,"_runtime":6.010171436,"_timestamp":1.7552850634439683e+09,"test_f1":0.8214285714285714,"test_accuracy":0.696969696969697,"test_loss":0.6235260213866378,"train_loss":0.6530202540732523}