{"_wandb":{"runtime":6},"train_recall":1,"test_precision":0.696969696969697,"current_lr":1.7418146409748343e-06,"_timestamp":1.7552854949048e+09,"test_accuracy":0.696969696969697,"train_f1":0.7813953488372093,"test_loss":0.6164930706674402,"test_f1":0.8214285714285714,"train_accuracy":0.6412213740458015,"test_recall":1,"train_loss":0.6535019733523595,"train_precision":0.6412213740458015,"epoch":99,"_runtime":6.257586764,"_step":99}