{"current_lr":2.878405706984669e-07,"_runtime":7.010373931,"test_f1":0.8,"test_loss":0.5024324059486389,"train_precision":0.7727272727272727,"test_precision":0.8181818181818182,"test_recall":0.782608695652174,"train_loss":0.5248291105714463,"_wandb":{"runtime":7},"_timestamp":1.7552605733561072e+09,"train_f1":0.7906976744186046,"train_recall":0.8095238095238095,"train_accuracy":0.7251908396946565,"_step":99,"test_accuracy":0.7272727272727273,"epoch":99}