{"train_recall":0.8040885860306644,"_step":99,"val_f1":0.7561837455830389,"_timestamp":1.7552509175375206e+09,"train_f1":0.7788778877887789,"_runtime":53.497539063,"train_accuracy":0.765938864628821,"val_accuracy":0.759581881533101,"epoch":99,"train_loss":0.465353452222316,"current_lr":6.0582790552863856e-09,"val_loss":0.4624897621649898,"val_recall":0.7535211267605634,"val_precision":0.7588652482269503,"train_precision":0.7552,"_wandb":{"runtime":53}}