{"train_accuracy":0.8931297709923665,"current_lr":9.107497801447499e-08,"test_loss":0.6175748233993849,"test_accuracy":0.8181818181818182,"train_loss":0.2867189723116751,"train_precision":0.9069767441860465,"test_recall":0.9565217391304348,"_wandb":{"runtime":9},"_runtime":9.232560808,"train_recall":0.9285714285714286,"test_f1":0.88,"train_f1":0.9176470588235294,"_step":99,"epoch":99,"test_precision":0.8148148148148148,"_timestamp":1.7551728707502527e+09}