{"current_lr":7.206208835855491e-07,"train_recall":1,"_runtime":25.147184622,"epoch":99,"train_f1":0.6778290993071594,"test_precision":0.49477351916376305,"_step":99,"train_accuracy":0.5126637554585153,"test_recall":1,"_timestamp":1.7552834057257192e+09,"train_loss":0.692826505050909,"test_accuracy":0.49477351916376305,"test_f1":0.662004662004662,"test_loss":0.6937333146038787,"_wandb":{"runtime":25},"train_precision":0.5126637554585153}