{"_runtime":14.454865013,"train_precision":0.8620689655172413,"val_f1":0.7659574468085106,"train_recall":0.8928571428571429,"_step":99,"val_recall":0.782608695652174,"epoch":99,"current_lr":1.3864926146190798e-08,"val_accuracy":0.6666666666666666,"val_loss":0.6579964939843524,"val_precision":0.75,"train_loss":0.36970107735113333,"train_f1":0.8771929824561403,"_wandb":{"runtime":14},"train_accuracy":0.8396946564885496,"_timestamp":1.7520746715618658e+09}