{"_timestamp":1.7552898491829836e+09,"train_accuracy":0.5126637554585153,"test_precision":0.49477351916376305,"train_precision":0.5126637554585153,"test_f1":0.662004662004662,"test_loss":0.6937115105187021,"train_loss":0.6928267955259465,"train_f1":0.6778290993071594,"_step":99,"test_accuracy":0.49477351916376305,"test_recall":1,"epoch":99,"_wandb":{"runtime":29},"current_lr":7.269934866343663e-07,"train_recall":1,"_runtime":29.017030094}