{"train_accuracy":1,"train_recall":1,"val_recall":0.7391304347826086,"val_accuracy":0.6363636363636364,"_runtime":13.343901362,"val_loss":1.9740321274744708,"_timestamp":1.7520746444271142e+09,"_step":99,"_wandb":{"runtime":13},"epoch":99,"current_lr":6.932463073095399e-08,"train_loss":0.029362502614505417,"train_f1":1,"val_f1":0.7391304347826086,"val_precision":0.7391304347826086,"train_precision":1}