{"_step":99,"_runtime":261.171369553,"current_lr":1.0549447140786462e-07,"_wandb":{"runtime":261},"train_recall":0.9665071770334929,"_timestamp":1.755298882894919e+09,"test_accuracy":0.5683509876896651,"train_loss":0.08092298603296877,"train_precision":0.9619047619047619,"test_recall":0.9318141671082848,"test_f1":0.6362704300102527,"test_precision":0.48305860805860806,"train_accuracy":0.9624060150375939,"train_f1":0.964200477326969,"epoch":99,"test_loss":4.219962208332627}