{"_step":99,"_runtime":12.40945554,"train_f1":0.8222222222222222,"val_precision":0.7307692307692307,"val_recall":0.8260869565217391,"train_recall":0.8809523809523809,"val_loss":0.6656894008205696,"train_precision":0.7708333333333334,"_wandb":{"runtime":12},"val_f1":0.7755102040816326,"train_accuracy":0.7557251908396947,"_timestamp":1.7520713289133008e+09,"train_loss":0.46527455804002193,"current_lr":9.0211663331806e-09,"val_accuracy":0.6666666666666666,"epoch":99}