{"current_lr":1.2237873662995165e-07,"train_loss":0.23025357585286468,"epoch":69,"_step":69,"train_f1":0.9095435684647303,"val_loss":0.42000121252046646,"train_accuracy":0.9048034934497816,"_runtime":18.411150178,"train_precision":0.8867313915857605,"val_accuracy":0.8327526132404182,"val_precision":0.8455882352941176,"val_recall":0.8098591549295775,"_wandb":{"runtime":18},"val_f1":0.8273381294964028,"_timestamp":1.7489533629504838e+09,"train_recall":0.9335604770017035}