{"val_recall":1,"val_accuracy":0.696969696969697,"_timestamp":1.7520707259928634e+09,"train_loss":0.6528117292709933,"_runtime":9.583212955,"train_recall":1,"_wandb":{"runtime":9},"val_f1":0.8214285714285714,"val_loss":0.6220776754798312,"train_accuracy":0.6412213740458015,"train_f1":0.7813953488372093,"_step":99,"epoch":99,"train_precision":0.6412213740458015,"val_precision":0.696969696969697,"current_lr":2.3010157516299042e-06}