{"test_accuracy":0.7272727272727273,"_timestamp":1.7552848590775256e+09,"_runtime":5.830800204,"train_recall":0.9285714285714286,"epoch":99,"train_precision":0.7222222222222222,"train_loss":0.4492490314345323,"_wandb":{"runtime":5},"test_recall":0.9565217391304348,"test_precision":0.7333333333333333,"test_f1":0.8301886792452831,"train_f1":0.8125,"_step":99,"test_loss":0.5644200570564091,"current_lr":3.003618071415478e-07,"train_accuracy":0.7251908396946565}