{"train_recall":0.9047619047619048,"val_f1":0.76,"current_lr":9.0211663331806e-08,"val_accuracy":0.6363636363636364,"val_loss":0.8153576567966604,"epoch":99,"train_precision":0.8260869565217391,"train_accuracy":0.816793893129771,"val_precision":0.7037037037037037,"_wandb":{"runtime":4},"_runtime":4.82031273,"_step":99,"train_loss":0.3968216117101771,"train_f1":0.8636363636363636,"_timestamp":1.7515496377078238e+09,"val_recall":0.8260869565217391}