{"train_loss":0.5186563125093475,"val_precision":0.6896551724137931,"current_lr":1.80423326663612e-08,"_timestamp":1.752071273287698e+09,"val_recall":0.8695652173913043,"train_recall":0.8571428571428571,"epoch":99,"val_loss":0.7407907250929963,"val_f1":0.7692307692307693,"_runtime":8.726274059,"_step":99,"train_f1":0.8181818181818182,"train_accuracy":0.7557251908396947,"val_accuracy":0.6363636363636364,"_wandb":{"runtime":8},"train_precision":0.782608695652174}