{"test_loss":1.616879724590472,"_timestamp":1.7576686223574362e+09,"_wandb":{"runtime":17},"_step":99,"train_loss":0.23608803070417725,"train_roc_auc":0.9634284420289855,"test_roc_auc":0.6902467769914163,"test_pr_auc":0.7213147051726969,"_runtime":17.734003289,"test_precision":0.5889121338912134,"train_recall":0.9492753623188406,"train_pr_auc":0.9825258234784113,"train_accuracy":0.900990099009901,"test_accuracy":0.6096368715083799,"train_precision":0.9097222222222222,"epoch":99,"test_recall":0.7722908093278463}