{"test_accuracy":0.7878787878787878,"epoch":99,"train_loss":0.31471759240135894,"train_accuracy":0.8473282442748091,"test_precision":0.8333333333333334,"_timestamp":1.7552891800458932e+09,"current_lr":1.80423326663612e-07,"train_recall":0.9404761904761905,"test_f1":0.851063829787234,"train_f1":0.8876404494382022,"test_loss":0.7032361235954644,"_step":99,"train_precision":0.8404255319148937,"_wandb":{"runtime":7},"_runtime":7.4744010020000005,"test_recall":0.8695652173913043}