{"train_precision":0.6412213740458015,"train_f1":0.7813953488372093,"train_accuracy":0.6412213740458015,"_wandb":{"runtime":6},"val_recall":1,"val_accuracy":0.696969696969697,"val_f1":0.8214285714285714,"_step":99,"_runtime":6.233008394,"train_recall":1,"epoch":99,"current_lr":1.9182864375377153e-06,"val_precision":0.696969696969697,"_timestamp":1.7520697767952337e+09,"val_loss":0.6180227787205668,"train_loss":0.6529536461102143}