{"val_accuracy":0.696969696969697,"current_lr":8.771519988071775e-07,"val_precision":0.696969696969697,"train_accuracy":0.6412213740458015,"_step":99,"train_f1":0.7813953488372093,"_timestamp":1.752070559108414e+09,"_wandb":{"runtime":7},"val_recall":1,"val_f1":0.8214285714285714,"train_precision":0.6412213740458015,"train_loss":0.6527142342720323,"train_recall":1,"_runtime":7.496894335,"epoch":99,"val_loss":0.6201093503923127}