{"train_precision":0.9880952380952381,"_timestamp":1.7552595566042717e+09,"_step":99,"test_loss":1.9036763292366563,"train_loss":0.053323665505829655,"train_accuracy":0.9847328244274809,"_wandb":{"runtime":9},"current_lr":1.3864926146190798e-07,"train_recall":0.9880952380952381,"test_precision":0.75,"train_f1":0.9880952380952381,"epoch":99,"_runtime":9.156643685,"test_f1":0.7659574468085106,"test_accuracy":0.6666666666666666,"test_recall":0.782608695652174}