{"val_accuracy":0.7317073170731707,"_runtime":56.906884939,"train_recall":0.9505962521294719,"train_loss":0.1732763728200088,"val_recall":0.8591549295774648,"current_lr":7.381223750941652e-08,"train_accuracy":0.9353711790393013,"val_precision":0.6815642458100558,"_step":99,"_timestamp":1.752239748638422e+09,"train_precision":0.9253731343283582,"val_f1":0.7601246105919003,"val_loss":0.8790794093849768,"epoch":99,"train_f1":0.9378151260504202,"_wandb":{"runtime":56}}