{
  "n_estimators": 465,
  "max_depth": 3,
  "learning_rate": 0.24226431802636997,
  "subsample": 0.876592364275069,
  "colsample_bytree": 0.9867013921266992,
  "reg_alpha": 3.4573802652604906,
  "reg_lambda": 10.0
}