{
  "n_estimators": 1000,
  "max_depth": 3,
  "learning_rate": 0.1946355229622054,
  "subsample": 1.0,
  "colsample_bytree": 0.6,
  "reg_alpha": 3.7837560175329066,
  "reg_lambda": 10.0
}