{"train_accuracy":0.7404580152671756,"train_f1":0.8152173913043478,"train_loss":0.4980153882776508,"val_f1":0.7843137254901961,"val_recall":0.8695652173913043,"_runtime":15.35076244,"val_accuracy":0.6666666666666666,"current_lr":1.3864926146190798e-08,"val_precision":0.7142857142857143,"epoch":99,"_step":99,"train_precision":0.75,"_wandb":{"runtime":15},"train_recall":0.8928571428571429,"val_loss":0.615687407553196,"_timestamp":1.7520740086849036e+09}