{"train_f1":0.7813953488372093,"train_recall":1,"val_precision":0.696969696969697,"_wandb":{"runtime":8},"current_lr":3.2296968356295287e-06,"_step":99,"train_loss":0.6527210219215801,"_runtime":8.385948924000001,"_timestamp":1.7520705386081994e+09,"train_accuracy":0.6412213740458015,"epoch":99,"train_precision":0.6412213740458015,"val_loss":0.6208379602793491,"val_recall":1,"val_f1":0.8214285714285714,"val_accuracy":0.696969696969697}