{"test_recall":0.7273081949944404,"train_f1":0.8954407294832827,"test_f1":0.7442361818072939,"_step":199,"train_loss":0.19670945384519564,"_runtime":2975.932392933,"epoch":199,"_wandb":{"runtime":2975},"test_accuracy":0.8327852165061468,"current_lr":1.5141849397023618e-08,"test_precision":0.7619709386687377,"train_recall":0.9068800985070032,"train_precision":0.8842863574966231,"test_loss":0.4483066344931187,"_timestamp":1.7553491729967048e+09,"train_accuracy":0.9116135662898253}