{"test_loss":3.896530686685853,"test_accuracy":0.5659501996711299,"_timestamp":1.7553731099392328e+09,"train_f1":0.919375713741911,"train_precision":0.909611328713468,"train_recall":0.9293520086193627,"train_accuracy":0.931975847893114,"test_f1":0.36827260035898457,"current_lr":4.5336302425508483e-08,"test_recall":0.3782260109630728,"_step":199,"test_precision":0.3588296257911685,"epoch":199,"_wandb":{"runtime":3079},"_runtime":3079.286620229,"train_loss":0.16166034573641244}