{"val_f1":0.662004662004662,"train_recall":1,"val_recall":1,"train_accuracy":0.5126637554585153,"train_loss":0.6928286519113066,"val_loss":0.6937798928300678,"epoch":69,"_runtime":29.943303939,"val_precision":0.49477351916376305,"current_lr":4.160877045418355e-06,"train_f1":0.6778290993071594,"train_precision":0.5126637554585153,"_timestamp":1.7487662983094344e+09,"val_accuracy":0.49477351916376305,"_step":69,"_wandb":{"runtime":30}}