{"train_precision":0.7663551401869159,"_runtime":12.176400978,"train_loss":0.42418717041270426,"test_accuracy":0.7575757575757576,"_step":99,"current_lr":2.8324222042707565e-07,"test_precision":0.7777777777777778,"train_f1":0.8586387434554974,"_wandb":{"runtime":12},"_timestamp":1.755288687206188e+09,"test_f1":0.84,"train_recall":0.9761904761904762,"test_recall":0.9130434782608695,"train_accuracy":0.7938931297709924,"epoch":99,"test_loss":0.710865235012589}