{"_timestamp":1.7520680673392782e+09,"_wandb":{"runtime":5},"train_f1":0.826530612244898,"train_recall":0.9642857142857143,"train_loss":0.5436504487772934,"epoch":99,"train_precision":0.7232142857142857,"val_f1":0.8,"train_accuracy":0.7404580152671756,"val_accuracy":0.6666666666666666,"val_recall":0.9565217391304348,"_step":99,"val_precision":0.6875,"val_loss":0.630577802658081,"current_lr":2.441216844133556e-06,"_runtime":4.989613503}