{"_step":99,"train_accuracy":0.6412213740458015,"_runtime":6.083453538,"_wandb":{"runtime":6},"test_f1":0.8214285714285714,"train_recall":1,"epoch":99,"_timestamp":1.755285258182225e+09,"train_loss":0.6374600893668546,"test_accuracy":0.696969696969697,"current_lr":9.633042913920701e-07,"train_f1":0.7813953488372093,"test_precision":0.696969696969697,"test_loss":0.6075218301830869,"train_precision":0.6412213740458015,"test_recall":1}