{"current_lr":6.314200203811837e-07,"train_loss":0.6531093188824545,"test_precision":0.696969696969697,"train_recall":1,"train_f1":0.7813953488372093,"_timestamp":1.7552868133809314e+09,"_wandb":{"runtime":9},"train_accuracy":0.6412213740458015,"_runtime":9.986628411,"test_f1":0.8214285714285714,"test_accuracy":0.696969696969697,"_step":99,"train_precision":0.6412213740458015,"test_recall":1,"epoch":99,"test_loss":0.624004377560182}