{"_wandb":{"runtime":8},"_runtime":8.646486281,"train_precision":0.9880952380952381,"val_f1":0.723404255319149,"epoch":99,"current_lr":5.947851277120956e-07,"_step":99,"train_recall":0.9880952380952381,"val_loss":2.3093303369753286,"train_accuracy":0.9847328244274809,"train_loss":0.025454822330529453,"train_f1":0.9880952380952381,"val_accuracy":0.6060606060606061,"val_recall":0.7391304347826086,"_timestamp":1.7520699586330285e+09,"val_precision":0.7083333333333334}