{"train_f1":0.7813953488372093,"_runtime":6.248398145,"train_accuracy":0.6412213740458015,"test_accuracy":0.696969696969697,"test_precision":0.696969696969697,"test_f1":0.8214285714285714,"_timestamp":1.7552850793502328e+09,"train_precision":0.6412213740458015,"current_lr":1.6269014577814162e-06,"_step":99,"train_loss":0.6530191511598252,"train_recall":1,"epoch":99,"test_recall":1,"_wandb":{"runtime":6},"test_loss":0.6235195271896593}