{"_timestamp":1.752235739526545e+09,"val_recall":1,"val_f1":0.662004662004662,"current_lr":6.76841760069455e-07,"train_loss":0.6928265597101902,"val_loss":0.6937170464818071,"train_precision":0.5126637554585153,"_step":99,"val_precision":0.49477351916376305,"_wandb":{"runtime":62},"train_recall":1,"val_accuracy":0.49477351916376305,"_runtime":62.553471281,"train_accuracy":0.5126637554585153,"epoch":99,"train_f1":0.6778290993071594}