{
  "n_estimators": 408,
  "max_depth": 12,
  "learning_rate": 0.02955549057216178,
  "subsample": 0.8325742517858218,
  "colsample_bytree": 0.9683952997637763,
  "reg_alpha": 1.014316242856331,
  "reg_lambda": 9.749586973623256
}