feature,importance,mean_signed_shap
Spectral_lap_eig_1,0.77915186,-0.07127984
Spectral_lap_eig_2,0.21422087,-0.01685724
Spectral_lap_eig_6,0.1983124,0.0127898585
Spectral_lap_eig_8,0.12860903,0.027929565
Spectral_lap_eig_7,0.12197174,0.00081391697
Spectral_lap_eig_3,0.11882775,0.008544954
Spectral_lap_eig_4,0.10730838,0.00019784
Spectral_lap_eig_9,0.10660612,-0.004183215
Spectral_lap_eig_0,0.07540619,0.00335295
Spectral_lap_eig_5,0.074676014,0.002040426
