{
  "n_estimators": 51,
  "max_depth": 15,
  "learning_rate": 0.12824794307228496,
  "subsample": 0.7366090663793936,
  "colsample_bytree": 0.9991534419571121,
  "reg_alpha": 0.19357403124516112,
  "reg_lambda": 8.2014597955874
}