feature,importance,mean_signed_shap
Spectral_lap_eig_1,1.0357766,-0.1078628
Spectral_lap_eig_2,0.2765804,-0.028503882
Spectral_lap_eig_6,0.26092863,0.010554265
Spectral_lap_eig_3,0.20939788,-0.002238974
Spectral_lap_eig_9,0.19429743,-0.0010234403
Spectral_lap_eig_4,0.18191884,0.0020369212
Spectral_lap_eig_8,0.17849375,0.040757455
Spectral_lap_eig_7,0.17469834,0.006482553
Spectral_lap_eig_0,0.16368064,0.007916159
Spectral_lap_eig_5,0.13888454,-0.007044908
