{
  "n_estimators": 301,
  "max_depth": 9,
  "learning_rate": 0.01657318364966826,
  "subsample": 0.7544679873841383,
  "colsample_bytree": 0.897717597491307,
  "reg_alpha": 1.6786349219425953,
  "reg_lambda": 0.19665809434676
}