feature,importance,mean_signed_shap
Spectral_lap_eig_1,0.9905651,-0.07517491
Spectral_lap_eig_2,0.24870051,-0.011069689
Spectral_lap_eig_6,0.20774044,0.02001819
Spectral_lap_eig_9,0.17100345,-0.018812403
Spectral_lap_eig_4,0.1606855,0.010597492
Spectral_lap_eig_3,0.15500653,0.012737197
Spectral_lap_eig_8,0.15440491,0.031741522
Spectral_lap_eig_7,0.14836273,-0.0056500663
Spectral_lap_eig_0,0.12575375,0.0069726617
Spectral_lap_eig_5,0.10299247,-0.010498896
