{
  "n_estimators": 271,
  "max_depth": 20,
  "learning_rate": 0.011892781026146802,
  "subsample": 0.9161332555715386,
  "colsample_bytree": 0.8527699040194359,
  "reg_alpha": 1.8914415674235414,
  "reg_lambda": 1.3005712836609498
}