{"current_lr":1.3864926146190798e-08,"_wandb":{"runtime":11},"val_loss":1.197953593677305,"_timestamp":1.7520710947873986e+09,"_step":99,"val_precision":0.7391304347826086,"train_recall":0.9523809523809523,"val_recall":0.7391304347826086,"train_accuracy":0.9389312977099237,"val_accuracy":0.6363636363636364,"_runtime":11.124390152,"epoch":99,"train_loss":0.1624212205865001,"train_f1":0.9523809523809523,"val_f1":0.7391304347826086,"train_precision":0.9523809523809523}