{"val_f1":0.723404255319149,"val_accuracy":0.7282229965156795,"train_precision":0.984641638225256,"train_recall":0.9829642248722317,"_step":99,"_runtime":41.791754614,"train_f1":0.9838022165387894,"train_loss":0.04810004480931436,"train_accuracy":0.9834061135371179,"_timestamp":1.752240910519542e+09,"val_recall":0.7183098591549296,"epoch":99,"_wandb":{"runtime":41},"val_loss":1.5579421354087803,"val_precision":0.7285714285714285,"current_lr":2.8483502527262074e-07}