{"val_loss":0.609157347317898,"train_accuracy":0.6564885496183206,"_wandb":{"runtime":8},"train_loss":0.5673991914923865,"_timestamp":1.7520711494727407e+09,"val_recall":1,"val_f1":0.8214285714285714,"val_accuracy":0.696969696969697,"current_lr":6.932463073095399e-09,"_step":99,"epoch":99,"train_recall":0.8928571428571429,"train_precision":0.6756756756756757,"val_precision":0.696969696969697,"train_f1":0.7692307692307693,"_runtime":8.837716544}