{"val_loss":0.6197115453806791,"train_f1":0.7813953488372093,"val_precision":0.696969696969697,"train_precision":0.6412213740458015,"train_loss":0.6527275379377467,"_wandb":{"runtime":6},"_runtime":6.073836355,"_timestamp":1.7520680316939037e+09,"epoch":99,"train_recall":1,"val_accuracy":0.696969696969697,"current_lr":2.5908440536080946e-06,"val_recall":1,"val_f1":0.8214285714285714,"train_accuracy":0.6412213740458015,"_step":99}