{"test_recall":0.7393689986282579,"train_pr_auc":0.994241086075562,"_timestamp":1.7575221711398292e+09,"train_roc_auc":0.9881947860304968,"test_roc_auc":0.7479555578970783,"train_precision":0.9363636363636364,"test_pr_auc":0.7703598866692609,"train_recall":0.9626168224299065,"_runtime":18.161064645,"train_loss":0.1347859091148144,"test_loss":1.2954216609454021,"test_precision":0.6573170731707317,"_wandb":{"runtime":18},"train_accuracy":0.9329268292682927,"_step":99,"test_accuracy":0.6710893854748603,"epoch":99}