{"train_loss":0.305471214717132,"_wandb":{"runtime":58},"train_f1":0.8607172643869891,"_runtime":58.88632249,"train_accuracy":0.8541484716157205,"test_precision":0.8226950354609929,"test_f1":0.8197879858657244,"_timestamp":1.7551751015663989e+09,"train_recall":0.879045996592845,"test_loss":0.369276679143673,"_step":99,"train_precision":0.8431372549019608,"current_lr":4.483168856651215e-08,"epoch":99,"test_recall":0.8169014084507042,"test_accuracy":0.8222996515679443}