{"current_lr":1.286032758522486e-06,"train_accuracy":0.6412213740458015,"epoch":99,"test_recall":1,"_wandb":{"runtime":6},"test_loss":0.6171677663470759,"train_precision":0.6412213740458015,"train_loss":0.6532072074540699,"_step":99,"test_f1":0.8214285714285714,"test_accuracy":0.696969696969697,"_runtime":6.015338763,"_timestamp":1.7552854316869245e+09,"train_recall":1,"train_f1":0.7813953488372093,"test_precision":0.696969696969697}