{"train_precision":0.8464106844741235,"train_accuracy":0.8497816593886462,"_step":99,"test_accuracy":0.8222996515679443,"train_f1":0.8549747048903878,"test_f1":0.8210526315789474,"_wandb":{"runtime":43},"_timestamp":1.7551768877385726e+09,"test_precision":0.8181818181818182,"epoch":99,"train_loss":0.2994611868041051,"test_loss":0.3572993534990304,"test_recall":0.823943661971831,"_runtime":43.050445571,"current_lr":6.639999535976411e-08,"train_recall":0.8637137989778535}