{"test_accuracy":0.696969696969697,"test_f1":0.8214285714285714,"epoch":99,"_timestamp":1.7552856841287854e+09,"test_precision":0.696969696969697,"_runtime":6.240294808,"train_recall":1,"train_f1":0.7813953488372093,"test_recall":1,"train_accuracy":0.6412213740458015,"_wandb":{"runtime":6},"_step":99,"train_precision":0.6412213740458015,"train_loss":0.6535835252463362,"current_lr":1.857726178350932e-06,"test_loss":0.6163401314706514}