{"train_recall":1,"train_loss":0.653436727651203,"_runtime":8.495886386,"val_recall":1,"current_lr":2.7301485267498007e-06,"epoch":99,"train_f1":0.7813953488372093,"_wandb":{"runtime":8},"_timestamp":1.752069459075576e+09,"val_f1":0.8214285714285714,"train_accuracy":0.6412213740458015,"val_accuracy":0.696969696969697,"val_loss":0.6254741576584902,"train_precision":0.6412213740458015,"_step":99,"val_precision":0.696969696969697}