{"val_precision":0.696969696969697,"epoch":99,"val_recall":1,"_step":99,"train_loss":0.6529637547849699,"_runtime":4.97632169,"current_lr":1.8900497973761248e-06,"_wandb":{"runtime":4},"train_recall":1,"val_f1":0.8214285714285714,"train_f1":0.7813953488372093,"val_accuracy":0.696969696969697,"train_accuracy":0.6412213740458015,"val_loss":0.6179797233957233,"train_precision":0.6412213740458015,"_timestamp":1.752068515631665e+09}