{"train_precision":0.8302961275626424,"current_lr":2.169108952926485e-08,"_step":99,"test_recall":0.6735559088500265,"train_accuracy":0.8395989974937343,"train_recall":0.8720095693779905,"test_loss":1.6362991002420293,"train_f1":0.8506417736289381,"train_loss":0.3235205526937518,"_runtime":266.411898638,"epoch":99,"test_f1":0.6283783783783784,"_wandb":{"runtime":266},"test_precision":0.5888803088803088,"test_accuracy":0.6772115659891211,"_timestamp":1.7553226056434667e+09}