{"train_recall":0.8841567291311755,"current_lr":3.074561724545271e-08,"_runtime":50.406008076,"_step":99,"train_precision":0.8370967741935483,"train_f1":0.859983429991715,"train_loss":0.3080292380012279,"epoch":99,"_timestamp":1.7551753471042469e+09,"train_accuracy":0.8524017467248908,"test_loss":0.37413577314868623,"test_accuracy":0.8292682926829268,"_wandb":{"runtime":50},"test_f1":0.8304498269896193,"test_precision":0.8163265306122449,"test_recall":0.8450704225352113}