{"train_precision":0.8450057405281286,"current_lr":7.991064491279529e-08,"_timestamp":1.7552466685208597e+09,"epoch":99,"test_recall":0.801625154566331,"train_f1":0.862331575864089,"_step":99,"test_accuracy":0.6369882622387633,"train_loss":0.30738189077018796,"train_recall":0.8803827751196173,"test_precision":0.5347001296099918,"_runtime":254.728228238,"_wandb":{"runtime":254},"test_f1":0.6415040995193667,"train_accuracy":0.8527568922305765,"test_loss":1.5302489123974}