{"_runtime":276.985611117,"test_precision":0.5307613286154549,"current_lr":9.945786348035967e-08,"_timestamp":1.7552459751375833e+09,"train_f1":0.8647707486941382,"test_recall":0.8214096449390567,"_wandb":{"runtime":276},"train_precision":0.8399098083427283,"_step":99,"test_loss":1.561869725855742,"train_loss":0.3055029825160378,"test_f1":0.6448481486617668,"train_recall":0.8911483253588517,"epoch":99,"train_accuracy":0.8540100250626567,"test_accuracy":0.6334096764958489}