{"test_recall":0.6830985915492958,"epoch":99,"_wandb":{"runtime":53},"train_recall":0.7495741056218058,"train_precision":0.6646525679758308,"_runtime":53.428544676,"test_precision":0.6598639455782312,"train_loss":0.5884873810813938,"test_f1":0.671280276816609,"test_accuracy":0.6689895470383276,"_timestamp":1.7552821717084408e+09,"_step":99,"train_f1":0.7045636509207366,"current_lr":8.853051132133146e-08,"train_accuracy":0.6777292576419214,"test_loss":0.584439499245288}