{"train_precision":0.9477611940298507,"_step":99,"test_accuracy":0.6493860845839018,"test_pr_auc":0.7754039036959706,"_timestamp":1.7576709405440216e+09,"test_recall":0.6646376811594202,"train_accuracy":0.9108910891089109,"_wandb":{"runtime":79},"test_roc_auc":0.7101473890229699,"train_roc_auc":0.9660326086956522,"test_precision":0.718358395989975,"train_loss":0.24327694248444964,"_runtime":79.883362816,"train_pr_auc":0.9849345273643296,"test_loss":1.1162078782387514,"epoch":99,"train_recall":0.9202898550724637}