{"test_accuracy":0.696969696969697,"train_recall":0.8928571428571429,"train_accuracy":0.6335877862595419,"train_f1":0.7575757575757576,"_runtime":7.994693177,"train_loss":0.6139967145810601,"train_precision":0.6578947368421053,"test_loss":0.6144628326098124,"_step":99,"_wandb":{"runtime":7},"epoch":99,"test_recall":0.8695652173913043,"_timestamp":1.7552605172041883e+09,"test_precision":0.7407407407407407,"current_lr":1.80423326663612e-08,"test_f1":0.8}