{"train_accuracy":0.7650655021834061,"train_loss":0.46616227447205755,"_wandb":{"runtime":36},"test_accuracy":0.5993031358885017,"test_f1":0.6461538461538462,"_timestamp":1.7552601413389456e+09,"train_f1":0.7807660961695192,"test_precision":0.5737704918032787,"_runtime":36.404642468,"test_recall":0.7394366197183099,"train_recall":0.8160136286201022,"epoch":99,"train_precision":0.7484375,"current_lr":1.0613125966158331e-07,"test_loss":0.7220902519774354,"_step":99}