{"_runtime":37.084876886,"test_precision":0.6062618595825426,"train_pr_auc":0.8934727951858936,"train_loss":0.4632757495089275,"train_accuracy":0.7926829268292683,"_wandb":{"runtime":37},"test_recall":0.8765432098765432,"test_pr_auc":0.746594766648127,"test_accuracy":0.6473463687150838,"_timestamp":1.7575248943949842e+09,"train_roc_auc":0.8266929004754878,"test_loss":0.7421225935387212,"test_roc_auc":0.733993252511771,"_step":99,"epoch":99,"train_recall":0.9252336448598131,"train_precision":0.792}