{"_step":69,"train_loss":0.6928284439978121,"_timestamp":1.7487222024052095e+09,"epoch":69,"current_lr":4.88879957108458e-07,"val_recall":1,"val_precision":0.49477351916376305,"train_precision":0.5126637554585153,"train_f1":0.6778290993071594,"val_loss":0.6937998647473831,"val_f1":0.662004662004662,"val_accuracy":0.49477351916376305,"_wandb":{"runtime":27},"train_recall":1,"_runtime":27.150135209,"train_accuracy":0.5126637554585153}