{"test_accuracy":0.6363636363636364,"train_loss":0.40875019235465365,"train_f1":0.8837209302325582,"train_precision":0.8636363636363636,"_step":99,"test_loss":0.6208378328786542,"_timestamp":1.755286617858817e+09,"_runtime":8.826910838,"test_precision":0.7619047619047619,"_wandb":{"runtime":8},"train_accuracy":0.8473282442748091,"train_recall":0.9047619047619048,"test_recall":0.6956521739130435,"epoch":99,"test_f1":0.7272727272727273,"current_lr":3.396959327878191e-07}