{"epoch":99,"_timestamp":1.7551743667647712e+09,"_runtime":51.632599899,"test_accuracy":0.8153310104529616,"train_f1":0.8524046434494196,"test_precision":0.8027210884353742,"current_lr":4.2875308214394366e-08,"train_recall":0.8756388415672913,"_step":99,"test_loss":0.36370701885389534,"test_f1":0.8166089965397924,"train_precision":0.8303715670436187,"test_recall":0.8309859154929577,"train_loss":0.3133715236030812,"train_accuracy":0.8445414847161572,"_wandb":{"runtime":51}}