{"train_recall":0.9285714285714286,"test_f1":0.8571428571428571,"_runtime":11.845967236,"test_recall":0.9130434782608695,"test_precision":0.8076923076923077,"epoch":99,"test_accuracy":0.7878787878787878,"test_loss":0.5421712601726706,"_timestamp":1.7551723484284184e+09,"train_f1":0.9230769230769231,"train_precision":0.9176470588235294,"_step":99,"train_accuracy":0.9007633587786259,"train_loss":0.28888577541322197,"current_lr":3.7710036425458975e-08,"_wandb":{"runtime":11}}